genome_id	Protein id	Contig id	Start	Stop	Strand	Element symbol	Element name	Scope	Type	Subtype	Class	Subclass	Method	Target length	Reference sequence length	% Coverage of reference	% Identity to reference	Alignment length	Closest reference accession	Closest reference name	HMM accession	HMM description
GCF_000783755.2	NA	NZ_CP026056.1	1907446	1908087	+	qnrB38	quinolone resistance pentapeptide repeat protein QnrB38	core	AMR	AMR	QUINOLONE	QUINOLONE	ALLELEX	214	214	100.00	100.00	214	WP_003020537.1	quinolone resistance pentapeptide repeat protein QnrB38	NA	NA
GCF_000783755.2	NA	NZ_CP026056.1	4900039	4901181	-	blaCMY-109	class C beta-lactamase CMY-109	core	AMR	AMR	BETA-LACTAM	CEPHALOSPORIN	ALLELEX	381	381	100.00	100.00	381	WP_032948363.1	class C beta-lactamase CMY-109	NA	NA
GCF_001022155.1	NA	NZ_CP011608.1	32760	33638	-	blaKPC-2	carbapenem-hydrolyzing class A beta-lactamase KPC-2	core	AMR	AMR	BETA-LACTAM	CARBAPENEM	ALLELEX	293	293	100.00	100.00	293	WP_004199234.1	carbapenem-hydrolyzing class A beta-lactamase KPC-2	NA	NA
GCF_001022155.1	NA	NZ_CP011608.1	42641	43498	+	blaTEM-1	broad-spectrum class A beta-lactamase TEM-1	core	AMR	AMR	BETA-LACTAM	BETA-LACTAM	ALLELEX	286	286	100.00	100.00	286	WP_000027057.1	broad-spectrum class A beta-lactamase TEM-1	NA	NA
GCF_001022155.1	NA	NZ_CP011609.1	14730	15281	+	aac(6')-Ib4	aminoglycoside N-acetyltransferase AAC(6')-Ib4	core	AMR	AMR	AMINOGLYCOSIDE	GENTAMICIN	ALLELEX	184	184	100.00	100.00	184	WP_003159191.1	aminoglycoside N-acetyltransferase AAC(6')-Ib4	NA	NA
GCF_001022155.1	NA	NZ_CP011609.1	15354	16142	+	aadA1	ANT(3'')-Ia family aminoglycoside nucleotidyltransferase AadA1	core	AMR	AMR	AMINOGLYCOSIDE	STREPTOMYCIN	BLASTX	263	263	100.00	98.48	263	WP_071846270.1	ANT(3'')-Ia family aminoglycoside nucleotidyltransferase AadA1	NA	NA
GCF_001022155.1	NA	NZ_CP011609.1	16309	16653	+	qacEdelta1	quaternary ammonium compound efflux SMR transporter QacE delta 1	core	STRESS	BIOCIDE	QUATERNARY AMMONIUM	QUATERNARY AMMONIUM	ALLELEX	115	115	100.00	100.00	115	WP_000679427.1	quaternary ammonium compound efflux SMR transporter QacE delta 1	NA	NA
GCF_001022155.1	NA	NZ_CP011609.1	16650	17486	+	sul1	sulfonamide-resistant dihydropteroate synthase Sul1	core	AMR	AMR	SULFONAMIDE	SULFONAMIDE	EXACTX	279	279	100.00	100.00	279	WP_000259031.1	sulfonamide-resistant dihydropteroate synthase Sul1	NA	NA
GCF_001022155.1	NA	NZ_CP011609.1	19791	20267	+	dfrA3b	trimethoprim-resistant dihydrofolate reductase DfrA3b	core	AMR	AMR	TRIMETHOPRIM	TRIMETHOPRIM	EXACTX	159	159	100.00	100.00	159	WP_032491313.1	trimethoprim-resistant dihydrofolate reductase DfrA3b	NA	NA
GCF_001022155.1	NA	NZ_CP011609.1	21460	22317	+	blaSHV-30	extended-spectrum class A beta-lactamase SHV-30	core	AMR	AMR	BETA-LACTAM	CEPHALOSPORIN	ALLELEX	286	286	100.00	100.00	286	WP_032491180.1	extended-spectrum class A beta-lactamase SHV-30	NA	NA
GCF_001022155.1	NA	NZ_CP011610.1	84126	85307	+	tet(D)	tetracycline efflux MFS transporter Tet(D)	core	AMR	AMR	TETRACYCLINE	TETRACYCLINE	EXACTX	394	394	100.00	100.00	394	WP_001039466.1	tetracycline efflux MFS transporter Tet(D)	NA	NA
GCF_001022155.1	NA	NZ_CP011611.1	15110	15967	+	aac(3)-IIe	aminoglycoside N-acetyltransferase AAC(3)-IIe	core	AMR	AMR	AMINOGLYCOSIDE	GENTAMICIN	EXACTX	286	286	100.00	100.00	286	WP_000557452.1	aminoglycoside N-acetyltransferase AAC(3)-IIe	NA	NA
GCF_001022155.1	NA	NZ_CP011611.1	20224	20775	+	aac(6')-Ib-cr5	fluoroquinolone-acetylating aminoglycoside 6'-N-acetyltransferase AAC(6')-Ib-cr5	core	AMR	AMR	AMINOGLYCOSIDE/QUINOLONE	AMIKACIN/KANAMYCIN/QUINOLONE/TOBRAMYCIN	ALLELEX	184	184	100.00	100.00	184	WP_063840321.1	fluoroquinolone-acetylating aminoglycoside 6'-N-acetyltransferase AAC(6')-Ib-cr5	NA	NA
GCF_001022155.1	NA	NZ_CP011611.1	20909	21736	+	blaOXA-1	oxacillin-hydrolyzing class D beta-lactamase OXA-1	core	AMR	AMR	BETA-LACTAM	CEPHALOSPORIN	ALLELEX	276	276	100.00	100.00	276	WP_001334766.1	oxacillin-hydrolyzing class D beta-lactamase OXA-1	NA	NA
GCF_001022155.1	NA	NZ_CP011611.1	21877	22506	+	catB3	type B-3 chloramphenicol O-acetyltransferase CatB3	core	AMR	AMR	PHENICOL	CHLORAMPHENICOL	EXACTX	210	210	100.00	100.00	210	WP_000186237.1	type B-3 chloramphenicol O-acetyltransferase CatB3	NA	NA
GCF_001022155.1	NA	NZ_CP011611.1	22594	23043	+	arr-3	NAD(+)--rifampin ADP-ribosyltransferase Arr-3	core	AMR	AMR	RIFAMYCIN	RIFAMYCIN	EXACTX	150	150	100.00	100.00	150	WP_001749986.1	NAD(+)--rifampin ADP-ribosyltransferase Arr-3	NA	NA
GCF_001022155.1	NA	NZ_CP011611.1	23269	23613	+	qacEdelta1	quaternary ammonium compound efflux SMR transporter QacE delta 1	core	STRESS	BIOCIDE	QUATERNARY AMMONIUM	QUATERNARY AMMONIUM	ALLELEX	115	115	100.00	100.00	115	WP_000679427.1	quaternary ammonium compound efflux SMR transporter QacE delta 1	NA	NA
GCF_001022155.1	NA	NZ_CP011611.1	23610	24446	+	sul1	sulfonamide-resistant dihydropteroate synthase Sul1	core	AMR	AMR	SULFONAMIDE	SULFONAMIDE	EXACTX	279	279	100.00	100.00	279	WP_000259031.1	sulfonamide-resistant dihydropteroate synthase Sul1	NA	NA
GCF_001022155.1	NA	NZ_CP011611.1	27283	28140	-	blaTEM-1	broad-spectrum class A beta-lactamase TEM-1	core	AMR	AMR	BETA-LACTAM	BETA-LACTAM	ALLELEX	286	286	100.00	100.00	286	WP_000027057.1	broad-spectrum class A beta-lactamase TEM-1	NA	NA
GCF_001022155.1	NA	NZ_CP011611.1	37144	38022	+	blaKPC-2	carbapenem-hydrolyzing class A beta-lactamase KPC-2	core	AMR	AMR	BETA-LACTAM	CARBAPENEM	ALLELEX	293	293	100.00	100.00	293	WP_004199234.1	carbapenem-hydrolyzing class A beta-lactamase KPC-2	NA	NA
GCF_001022155.1	NA	NZ_CP011611.1	42109	43290	-	tet(D)	tetracycline efflux MFS transporter Tet(D)	core	AMR	AMR	TETRACYCLINE	TETRACYCLINE	EXACTX	394	394	100.00	100.00	394	WP_001039466.1	tetracycline efflux MFS transporter Tet(D)	NA	NA
GCF_001022155.1	NA	NZ_CP011611.1	44905	45543	-	catA2	type A-2 chloramphenicol O-acetyltransferase CatII	core	AMR	AMR	PHENICOL	CHLORAMPHENICOL	EXACTX	213	213	100.00	100.00	213	WP_001011939.1	type A-2 chloramphenicol O-acetyltransferase CatII	NA	NA
GCF_001022155.1	NA	NZ_CP011611.1	50839	51651	-	sul2	sulfonamide-resistant dihydropteroate synthase Sul2	core	AMR	AMR	SULFONAMIDE	SULFONAMIDE	BLASTX	271	271	100.00	99.63	271	WP_001043260.1	sulfonamide-resistant dihydropteroate synthase Sul2	NA	NA
GCF_001022155.1	NA	NZ_CP011612.1	1539645	1542278	-	gyrA_T83I	Citrobacter freundii quinolone resistant GyrA	core	AMR	POINT	QUINOLONE	QUINOLONE	POINTX	878	878	100.00	99.89	878	WP_003027598.1	DNA gyrase subunit A GyrA	NA	NA
GCF_001022155.1	NA	NZ_CP011612.1	3644997	3646139	-	blaCMY-48	class C beta-lactamase CMY-48	core	AMR	AMR	BETA-LACTAM	CEPHALOSPORIN	ALLELEX	381	381	100.00	100.00	381	WP_044699195.1	class C beta-lactamase CMY-48	NA	NA
GCF_001022275.1	NA	NZ_CP011653.1	5335	6807	+	msr(E)	ABC-F type ribosomal protection protein Msr(E)	core	AMR	AMR	MACROLIDE/STREPTOGRAMIN	AZITHROMYCIN/ERYTHROMYCIN/STREPTOGRAMIN	EXACTX	491	491	100.00	100.00	491	WP_000052512.1	ABC-F type ribosomal protection protein Msr(E)	NA	NA
GCF_001022275.1	NA	NZ_CP011653.1	6866	7747	+	mph(E)	Mph(E) family macrolide 2'-phosphotransferase	core	AMR	AMR	MACROLIDE	ERYTHROMYCIN	EXACTX	294	294	100.00	100.00	294	WP_000155092.1	Mph(E) family macrolide 2'-phosphotransferase	NA	NA
GCF_001022275.1	NA	NZ_CP011653.1	9636	10814	-	tet(A)	tetracycline efflux MFS transporter Tet(A)	core	AMR	AMR	TETRACYCLINE	TETRACYCLINE	BLASTX	393	399	98.50	98.22	393	WP_000804064.1	tetracycline efflux MFS transporter Tet(A)	NA	NA
GCF_001022275.1	NA	NZ_CP011656.1	31535	32413	-	blaKPC-2	carbapenem-hydrolyzing class A beta-lactamase KPC-2	core	AMR	AMR	BETA-LACTAM	CARBAPENEM	ALLELEX	293	293	100.00	100.00	293	WP_004199234.1	carbapenem-hydrolyzing class A beta-lactamase KPC-2	NA	NA
GCF_001022275.1	NA	NZ_CP011656.1	41416	42273	+	blaTEM-1	broad-spectrum class A beta-lactamase TEM-1	core	AMR	AMR	BETA-LACTAM	BETA-LACTAM	ALLELEX	286	286	100.00	100.00	286	WP_000027057.1	broad-spectrum class A beta-lactamase TEM-1	NA	NA
GCF_001022275.1	NA	NZ_CP011656.1	49802	50353	+	aac(6')-Ib4	aminoglycoside N-acetyltransferase AAC(6')-Ib4	core	AMR	AMR	AMINOGLYCOSIDE	GENTAMICIN	ALLELEX	184	184	100.00	100.00	184	WP_003159191.1	aminoglycoside N-acetyltransferase AAC(6')-Ib4	NA	NA
GCF_001022275.1	NA	NZ_CP011656.1	50426	51214	+	aadA1	ANT(3'')-Ia family aminoglycoside nucleotidyltransferase AadA1	core	AMR	AMR	AMINOGLYCOSIDE	STREPTOMYCIN	BLASTX	263	263	100.00	98.48	263	WP_071846270.1	ANT(3'')-Ia family aminoglycoside nucleotidyltransferase AadA1	NA	NA
GCF_001022275.1	NA	NZ_CP011656.1	51381	51725	+	qacEdelta1	quaternary ammonium compound efflux SMR transporter QacE delta 1	core	STRESS	BIOCIDE	QUATERNARY AMMONIUM	QUATERNARY AMMONIUM	ALLELEX	115	115	100.00	100.00	115	WP_000679427.1	quaternary ammonium compound efflux SMR transporter QacE delta 1	NA	NA
GCF_001022275.1	NA	NZ_CP011656.1	51722	52558	+	sul1	sulfonamide-resistant dihydropteroate synthase Sul1	core	AMR	AMR	SULFONAMIDE	SULFONAMIDE	EXACTX	279	279	100.00	100.00	279	WP_000259031.1	sulfonamide-resistant dihydropteroate synthase Sul1	NA	NA
GCF_001022275.1	NA	NZ_CP011656.1	54863	55339	+	dfrA3b	trimethoprim-resistant dihydrofolate reductase DfrA3b	core	AMR	AMR	TRIMETHOPRIM	TRIMETHOPRIM	EXACTX	159	159	100.00	100.00	159	WP_032491313.1	trimethoprim-resistant dihydrofolate reductase DfrA3b	NA	NA
GCF_001022275.1	NA	NZ_CP011656.1	56532	57389	+	blaSHV-30	extended-spectrum class A beta-lactamase SHV-30	core	AMR	AMR	BETA-LACTAM	CEPHALOSPORIN	ALLELEX	286	286	100.00	100.00	286	WP_032491180.1	extended-spectrum class A beta-lactamase SHV-30	NA	NA
GCF_001022275.1	NA	NZ_CP011656.1	117110	117988	-	blaKPC-2	carbapenem-hydrolyzing class A beta-lactamase KPC-2	core	AMR	AMR	BETA-LACTAM	CARBAPENEM	ALLELEX	293	293	100.00	100.00	293	WP_004199234.1	carbapenem-hydrolyzing class A beta-lactamase KPC-2	NA	NA
GCF_001022275.1	NA	NZ_CP011656.1	126991	127848	+	blaTEM-1	broad-spectrum class A beta-lactamase TEM-1	core	AMR	AMR	BETA-LACTAM	BETA-LACTAM	ALLELEX	286	286	100.00	100.00	286	WP_000027057.1	broad-spectrum class A beta-lactamase TEM-1	NA	NA
GCF_001022275.1	NA	NZ_CP011657.1	2365948	2367090	+	blaCMY-48	class C beta-lactamase CMY-48	core	AMR	AMR	BETA-LACTAM	CEPHALOSPORIN	ALLELEX	381	381	100.00	100.00	381	WP_044699195.1	class C beta-lactamase CMY-48	NA	NA
GCF_001022275.1	NA	NZ_CP011657.1	4516338	4518971	+	gyrA_T83I	Citrobacter freundii quinolone resistant GyrA	core	AMR	POINT	QUINOLONE	QUINOLONE	POINTX	878	878	100.00	99.89	878	WP_003027598.1	DNA gyrase subunit A GyrA	NA	NA
GCF_001702455.1	NA	NZ_CP016762.1	1570585	1573218	+	gyrA_T83I	Citrobacter freundii quinolone resistant GyrA	core	AMR	POINT	QUINOLONE	QUINOLONE	POINTX	878	878	100.00	99.66	878	WP_003027598.1	DNA gyrase subunit A GyrA	NA	NA
GCF_001702455.1	NA	NZ_CP016762.1	4550651	4551793	+	blaCMY	CMY-2 family class C beta-lactamase	core	AMR	AMR	BETA-LACTAM	CEPHALOSPORIN	BLASTX	381	381	100.00	99.21	381	WP_044699195.1	class C beta-lactamase CMY-48	NA	NA
GCF_001702455.1	NA	NZ_CP016763.1	108263	109879	+	mcr-10.1	phosphoethanolamine--lipid A transferase MCR-10.1	core	AMR	AMR	COLISTIN	COLISTIN	ALLELEX	539	539	100.00	100.00	539	WP_023332837.1	phosphoethanolamine--lipid A transferase MCR-10.1	NA	NA
GCF_001702455.1	NA	NZ_CP016763.1	113651	114388	+	blaIMP-4	subclass B1 metallo-beta-lactamase IMP-4	core	AMR	AMR	BETA-LACTAM	CARBAPENEM	ALLELEX	246	246	100.00	100.00	246	WP_015060105.1	subclass B1 metallo-beta-lactamase IMP-4	NA	NA
GCF_001702455.1	NA	NZ_CP016763.1	114623	114952	+	qacG2	quaternary ammonium compound efflux SMR transporter QacG2	core	STRESS	BIOCIDE	QUATERNARY AMMONIUM	QUATERNARY AMMONIUM	EXACTX	110	110	100.00	100.00	110	WP_015063357.1	quaternary ammonium compound efflux SMR transporter QacG2	NA	NA
GCF_001702455.1	NA	NZ_CP016763.1	115082	115633	+	aac(6')-Ib4	aminoglycoside N-acetyltransferase AAC(6')-Ib4	core	AMR	AMR	AMINOGLYCOSIDE	GENTAMICIN	ALLELEX	184	184	100.00	100.00	184	WP_003159191.1	aminoglycoside N-acetyltransferase AAC(6')-Ib4	NA	NA
GCF_001702455.1	NA	NZ_CP016763.1	115707	116498	+	aph(3')-XV	aminoglycoside O-phosphotransferase APH(3')-XV	core	AMR	AMR	AMINOGLYCOSIDE	AMIKACIN/KANAMYCIN	EXACTX	264	264	100.00	100.00	264	WP_019407932.1	aminoglycoside O-phosphotransferase APH(3')-XV	NA	NA
GCF_001702455.1	NA	NZ_CP016764.1	196253	196723	+	dfrA1	trimethoprim-resistant dihydrofolate reductase DfrA1	core	AMR	AMR	TRIMETHOPRIM	TRIMETHOPRIM	EXACTX	157	157	100.00	100.00	157	WP_000777555.1	trimethoprim-resistant dihydrofolate reductase DfrA1	NA	NA
GCF_001702455.1	NA	NZ_CP016764.1	197243	198028	+	aadA5	ANT(3'')-Ia family aminoglycoside nucleotidyltransferase AadA5	core	AMR	AMR	AMINOGLYCOSIDE	STREPTOMYCIN	EXACTX	262	262	100.00	100.00	262	WP_000503573.1	ANT(3'')-Ia family aminoglycoside nucleotidyltransferase AadA5	NA	NA
GCF_001702455.1	NA	NZ_CP016764.1	198199	198543	+	qacEdelta1	quaternary ammonium compound efflux SMR transporter QacE delta 1	core	STRESS	BIOCIDE	QUATERNARY AMMONIUM	QUATERNARY AMMONIUM	ALLELEX	115	115	100.00	100.00	115	WP_000679427.1	quaternary ammonium compound efflux SMR transporter QacE delta 1	NA	NA
GCF_001702455.1	NA	NZ_CP016764.1	198540	199376	+	sul1	sulfonamide-resistant dihydropteroate synthase Sul1	core	AMR	AMR	SULFONAMIDE	SULFONAMIDE	EXACTX	279	279	100.00	100.00	279	WP_000259031.1	sulfonamide-resistant dihydropteroate synthase Sul1	NA	NA
GCF_001702455.1	NA	NZ_CP016764.1	202724	203494	+	armA	16S rRNA (guanine(1405)-N(7))-methyltransferase ArmA	core	AMR	AMR	AMINOGLYCOSIDE	GENTAMICIN	EXACTX	257	257	100.00	100.00	257	WP_000359986.1	16S rRNA (guanine(1405)-N(7))-methyltransferase ArmA	NA	NA
GCF_001702455.1	NA	NZ_CP016764.1	205796	207268	+	msr(E)	ABC-F type ribosomal protection protein Msr(E)	core	AMR	AMR	MACROLIDE/STREPTOGRAMIN	AZITHROMYCIN/ERYTHROMYCIN/STREPTOGRAMIN	EXACTX	491	491	100.00	100.00	491	WP_000052512.1	ABC-F type ribosomal protection protein Msr(E)	NA	NA
GCF_001702455.1	NA	NZ_CP016764.1	207327	208208	+	mph(E)	Mph(E) family macrolide 2'-phosphotransferase	core	AMR	AMR	MACROLIDE	ERYTHROMYCIN	EXACTX	294	294	100.00	100.00	294	WP_000155092.1	Mph(E) family macrolide 2'-phosphotransferase	NA	NA
GCF_001702455.1	NA	NZ_CP016764.1	210955	211767	+	aph(3')-Ia	aminoglycoside O-phosphotransferase APH(3')-Ia	core	AMR	AMR	AMINOGLYCOSIDE	KANAMYCIN	EXACTX	271	271	100.00	100.00	271	WP_000018326.1	aminoglycoside O-phosphotransferase APH(3')-Ia	NA	NA
GCF_001702455.1	NA	NZ_CP016765.1	15538	16395	+	blaTEM-1	broad-spectrum class A beta-lactamase TEM-1	core	AMR	AMR	BETA-LACTAM	BETA-LACTAM	ALLELEX	286	286	100.00	100.00	286	WP_000027057.1	broad-spectrum class A beta-lactamase TEM-1	NA	NA
GCF_001718055.1	NA	NZ_CP016952.1	490236	491378	+	blaCMY-189	class C beta-lactamase CMY-189	core	AMR	AMR	BETA-LACTAM	CEPHALOSPORIN	ALLELEX	381	381	100.00	100.00	381	WP_046670810.1	class C beta-lactamase CMY-189	NA	NA
GCF_001718055.1	NA	NZ_CP016952.1	2710938	2713571	+	gyrA_T83I	Citrobacter freundii quinolone resistant GyrA	core	AMR	POINT	QUINOLONE	QUINOLONE	POINTX	878	878	100.00	99.89	878	WP_003027598.1	DNA gyrase subunit A GyrA	NA	NA
GCF_001718055.1	NA	NZ_CP017058.1	7432	8088	-	catA1	type A-1 chloramphenicol O-acetyltransferase	core	AMR	AMR	PHENICOL	CHLORAMPHENICOL	EXACTX	219	219	100.00	100.00	219	WP_000412211.1	type A-1 chloramphenicol O-acetyltransferase	NA	NA
GCF_001718055.1	NA	NZ_CP017058.1	15171	16028	-	aac(3)-IIe	aminoglycoside N-acetyltransferase AAC(3)-IIe	core	AMR	AMR	AMINOGLYCOSIDE	GENTAMICIN	EXACTX	286	286	100.00	100.00	286	WP_000557452.1	aminoglycoside N-acetyltransferase AAC(3)-IIe	NA	NA
GCF_001718055.1	NA	NZ_CP017058.1	16173	17030	-	blaTEM-1	broad-spectrum class A beta-lactamase TEM-1	core	AMR	AMR	BETA-LACTAM	BETA-LACTAM	ALLELEX	286	286	100.00	100.00	286	WP_000027057.1	broad-spectrum class A beta-lactamase TEM-1	NA	NA
GCF_001718055.1	NA	NZ_CP017058.1	19852	20724	+	blaCTX-M-15	extended-spectrum class A beta-lactamase CTX-M-15	core	AMR	AMR	BETA-LACTAM	CEPHALOSPORIN	ALLELEX	291	291	100.00	100.00	291	WP_000239590.1	extended-spectrum class A beta-lactamase CTX-M-15	NA	NA
GCF_001718055.1	NA	NZ_CP017058.1	36050	36703	-	qnrS1	quinolone resistance pentapeptide repeat protein QnrS1	core	AMR	AMR	QUINOLONE	QUINOLONE	ALLELEX	218	218	100.00	100.00	218	WP_001516695.1	quinolone resistance pentapeptide repeat protein QnrS1	NA	NA
GCF_001718055.1	NA	NZ_CP017058.1	204373	205185	+	sul2	sulfonamide-resistant dihydropteroate synthase Sul2	core	AMR	AMR	SULFONAMIDE	SULFONAMIDE	EXACTX	271	271	100.00	100.00	271	WP_001043260.1	sulfonamide-resistant dihydropteroate synthase Sul2	NA	NA
GCF_001718055.1	NA	NZ_CP017058.1	209120	209953	-	aph(6)-Id	aminoglycoside O-phosphotransferase APH(6)-Id	core	AMR	AMR	AMINOGLYCOSIDE	STREPTOMYCIN	EXACTX	278	278	100.00	100.00	278	WP_000480968.1	aminoglycoside O-phosphotransferase APH(6)-Id	NA	NA
GCF_001718055.1	NA	NZ_CP017058.1	209956	210756	-	aph(3'')-Ib	aminoglycoside O-phosphotransferase APH(3'')-Ib	core	AMR	AMR	AMINOGLYCOSIDE	STREPTOMYCIN	EXACTX	267	267	100.00	100.00	267	WP_001082319.1	aminoglycoside O-phosphotransferase APH(3'')-Ib	NA	NA
GCF_001718055.1	NA	NZ_CP017058.1	218110	218766	-	catA1	type A-1 chloramphenicol O-acetyltransferase	core	AMR	AMR	PHENICOL	CHLORAMPHENICOL	EXACTX	219	219	100.00	100.00	219	WP_000412211.1	type A-1 chloramphenicol O-acetyltransferase	NA	NA
GCF_001718055.1	NA	NZ_CP017058.1	225849	226658	-	aac(3)-IIe	aminoglycoside N-acetyltransferase AAC(3)-IIe	core	AMR	AMR	AMINOGLYCOSIDE	GENTAMICIN	BLASTX	270	286	94.41	100.00	270	WP_000557452.1	aminoglycoside N-acetyltransferase AAC(3)-IIe	NA	NA
GCF_001718055.1	NA	NZ_CP017059.1	1252	1623	+	aac(6')-Ib-cr	fluoroquinolone-acetylating aminoglycoside 6'-N-acetyltransferase AAC(6')-Ib-cr	core	AMR	AMR	AMINOGLYCOSIDE/QUINOLONE	AMIKACIN/KANAMYCIN/QUINOLONE/TOBRAMYCIN	PARTIALX	124	184	67.93	99.20	125	WP_159241551.1	fluoroquinolone-acetylating aminoglycoside 6'-N-acetyltransferase AAC(6')-Ib-cr11	NA	NA
GCF_001718055.1	NA	NZ_CP017059.1	2095	2349	+	arr-3	NAD(+)--rifampin ADP-ribosyltransferase Arr-3	core	AMR	AMR	RIFAMYCIN	RIFAMYCIN	PARTIALX	85	150	56.67	96.47	85	WP_001749986.1	NAD(+)--rifampin ADP-ribosyltransferase Arr-3	NA	NA
GCF_001718055.1	NA	NZ_CP017059.1	2688	2945	+	dfrA27	trimethoprim-resistant dihydrofolate reductase DfrA27	core	AMR	AMR	TRIMETHOPRIM	TRIMETHOPRIM	PARTIALX	86	157	54.78	98.84	86	WP_001749985.1	trimethoprim-resistant dihydrofolate reductase DfrA27	NA	NA
GCF_001718055.1	NA	NZ_CP017059.1	4237	4419	+	qacE	quaternary ammonium compound efflux SMR transporter QacE	core	STRESS	BIOCIDE	QUATERNARY AMMONIUM	QUATERNARY AMMONIUM	PARTIALX	61	115	53.04	96.72	61	WP_000679427.1	quaternary ammonium compound efflux SMR transporter QacE delta 1	NA	NA
GCF_001718055.1	NA	NZ_CP017059.1	4450	5286	+	sul1	sulfonamide-resistant dihydropteroate synthase Sul1	core	AMR	AMR	SULFONAMIDE	SULFONAMIDE	EXACTX	279	279	100.00	100.00	279	WP_000259031.1	sulfonamide-resistant dihydropteroate synthase Sul1	NA	NA
GCF_001718055.1	NA	NZ_CP017059.1	8703	9344	-	qnrB6	quinolone resistance pentapeptide repeat protein QnrB6	core	AMR	AMR	QUINOLONE	QUINOLONE	ALLELEX	214	214	100.00	100.00	214	WP_001749994.1	quinolone resistance pentapeptide repeat protein QnrB6	NA	NA
GCF_001718055.1	NA	NZ_CP017059.1	9575	9919	+	qacEdelta1	quaternary ammonium compound efflux SMR transporter QacE delta 1	core	STRESS	BIOCIDE	QUATERNARY AMMONIUM	QUATERNARY AMMONIUM	ALLELEX	115	115	100.00	100.00	115	WP_000679427.1	quaternary ammonium compound efflux SMR transporter QacE delta 1	NA	NA
GCF_001718055.1	NA	NZ_CP017059.1	9916	10752	+	sul1	sulfonamide-resistant dihydropteroate synthase Sul1	core	AMR	AMR	SULFONAMIDE	SULFONAMIDE	EXACTX	279	279	100.00	100.00	279	WP_000259031.1	sulfonamide-resistant dihydropteroate synthase Sul1	NA	NA
GCF_001718055.1	NA	NZ_CP017059.1	16161	17396	-	mrx(A)	phosphorylated macrolide efflux MFS transporter Mrx(A)	core	AMR	AMR	MACROLIDE	AZITHROMYCIN/ERYTHROMYCIN/SPIRAMYCIN/TELITHROMYCIN	EXACTX	412	412	100.00	100.00	412	WP_000004159.1	phosphorylated macrolide efflux MFS transporter Mrx(A)	NA	NA
GCF_001718055.1	NA	NZ_CP017059.1	17396	18298	-	mph(A)	Mph(A) family macrolide 2'-phosphotransferase	core	AMR	AMR	MACROLIDE	AZITHROMYCIN/ERYTHROMYCIN/SPIRAMYCIN/TELITHROMYCIN	EXACTX	301	301	100.00	100.00	301	WP_000219391.1	Mph(A) family macrolide 2'-phosphotransferase	NA	NA
GCF_001718055.1	NA	NZ_CP017059.1	19357	20214	+	aac(3)-IId	aminoglycoside N-acetyltransferase AAC(3)-IId	core	AMR	AMR	AMINOGLYCOSIDE	GENTAMICIN	EXACTX	286	286	100.00	100.00	286	WP_000557454.1	aminoglycoside N-acetyltransferase AAC(3)-IId	NA	NA
GCF_001718055.1	NA	NZ_CP017059.1	25189	26046	+	blaTEM-1	broad-spectrum class A beta-lactamase TEM-1	core	AMR	AMR	BETA-LACTAM	BETA-LACTAM	ALLELEX	286	286	100.00	100.00	286	WP_000027057.1	broad-spectrum class A beta-lactamase TEM-1	NA	NA
GCF_001718055.1	NA	NZ_CP017059.1	36115	37296	-	tet(D)	tetracycline efflux MFS transporter Tet(D)	core	AMR	AMR	TETRACYCLINE	TETRACYCLINE	EXACTX	394	394	100.00	100.00	394	WP_001039466.1	tetracycline efflux MFS transporter Tet(D)	NA	NA
GCF_001718055.1	NA	NZ_CP017059.1	38911	39549	-	catA2	type A-2 chloramphenicol O-acetyltransferase CatII	core	AMR	AMR	PHENICOL	CHLORAMPHENICOL	EXACTX	213	213	100.00	100.00	213	WP_001011939.1	type A-2 chloramphenicol O-acetyltransferase CatII	NA	NA
GCF_001718055.1	NA	NZ_CP017059.1	44845	45657	-	sul2	sulfonamide-resistant dihydropteroate synthase Sul2	core	AMR	AMR	SULFONAMIDE	SULFONAMIDE	EXACTX	271	271	100.00	100.00	271	WP_001043260.1	sulfonamide-resistant dihydropteroate synthase Sul2	NA	NA
GCF_001718055.1	NA	NZ_CP017059.1	156220	156771	+	aac(6')-Ib-cr5	fluoroquinolone-acetylating aminoglycoside 6'-N-acetyltransferase AAC(6')-Ib-cr5	core	AMR	AMR	AMINOGLYCOSIDE/QUINOLONE	AMIKACIN/KANAMYCIN/QUINOLONE/TOBRAMYCIN	ALLELEX	184	184	100.00	100.00	184	WP_063840321.1	fluoroquinolone-acetylating aminoglycoside 6'-N-acetyltransferase AAC(6')-Ib-cr5	NA	NA
GCF_001718055.1	NA	NZ_CP017059.1	156871	157320	+	arr-3	NAD(+)--rifampin ADP-ribosyltransferase Arr-3	core	AMR	AMR	RIFAMYCIN	RIFAMYCIN	EXACTX	150	150	100.00	100.00	150	WP_001749986.1	NAD(+)--rifampin ADP-ribosyltransferase Arr-3	NA	NA
GCF_001718055.1	NA	NZ_CP017059.1	157456	157926	+	dfrA27	trimethoprim-resistant dihydrofolate reductase DfrA27	core	AMR	AMR	TRIMETHOPRIM	TRIMETHOPRIM	EXACTX	157	157	100.00	100.00	157	WP_001749985.1	trimethoprim-resistant dihydrofolate reductase DfrA27	NA	NA
GCF_001718055.1	NA	NZ_CP017059.1	158110	158952	+	aadA16	ANT(3'')-Ia family aminoglycoside nucleotidyltransferase AadA16	core	AMR	AMR	AMINOGLYCOSIDE	STREPTOMYCIN	EXACTX	281	281	100.00	100.00	281	WP_001749984.1	ANT(3'')-Ia family aminoglycoside nucleotidyltransferase AadA16	NA	NA
GCF_001718055.1	NA	NZ_CP017059.1	159072	159416	+	qacEdelta1	quaternary ammonium compound efflux SMR transporter QacE delta 1	core	STRESS	BIOCIDE	QUATERNARY AMMONIUM	QUATERNARY AMMONIUM	ALLELEX	115	115	100.00	100.00	115	WP_000679427.1	quaternary ammonium compound efflux SMR transporter QacE delta 1	NA	NA
GCF_001718055.1	NA	NZ_CP017059.1	159413	160249	+	sul1	sulfonamide-resistant dihydropteroate synthase Sul1	core	AMR	AMR	SULFONAMIDE	SULFONAMIDE	EXACTX	279	279	100.00	100.00	279	WP_000259031.1	sulfonamide-resistant dihydropteroate synthase Sul1	NA	NA
GCF_001718055.1	NA	NZ_CP017059.1	163666	164307	-	qnrB6	quinolone resistance pentapeptide repeat protein QnrB6	core	AMR	AMR	QUINOLONE	QUINOLONE	ALLELEX	214	214	100.00	100.00	214	WP_001749994.1	quinolone resistance pentapeptide repeat protein QnrB6	NA	NA
GCF_001718055.1	NA	NZ_CP017059.1	164538	164882	+	qacEdelta1	quaternary ammonium compound efflux SMR transporter QacE delta 1	core	STRESS	BIOCIDE	QUATERNARY AMMONIUM	QUATERNARY AMMONIUM	ALLELEX	115	115	100.00	100.00	115	WP_000679427.1	quaternary ammonium compound efflux SMR transporter QacE delta 1	NA	NA
GCF_001718055.1	NA	NZ_CP017059.1	164879	165715	+	sul1	sulfonamide-resistant dihydropteroate synthase Sul1	core	AMR	AMR	SULFONAMIDE	SULFONAMIDE	EXACTX	279	279	100.00	100.00	279	WP_000259031.1	sulfonamide-resistant dihydropteroate synthase Sul1	NA	NA
GCF_002211705.1	NA	NZ_CP022151.1	1620017	1622650	+	gyrA_T83I	Citrobacter freundii quinolone resistant GyrA	core	AMR	POINT	QUINOLONE	QUINOLONE	POINTX	878	878	100.00	99.77	878	WP_003027598.1	DNA gyrase subunit A GyrA	NA	NA
GCF_002211705.1	NA	NZ_CP022151.1	4649030	4650172	+	blaCMY-75	class C beta-lactamase CMY-75	core	AMR	AMR	BETA-LACTAM	CEPHALOSPORIN	ALLELEX	381	381	100.00	100.00	381	WP_063859865.1	class C beta-lactamase CMY-75	NA	NA
GCF_002211705.1	NA	NZ_CP022153.1	10944	11738	-	blaOXA-48	OXA-48 family carbapenem-hydrolyzing class D beta-lactamase OXA-48	core	AMR	AMR	BETA-LACTAM	CARBAPENEM	ALLELEX	265	265	100.00	100.00	265	WP_015059991.1	OXA-48 family carbapenem-hydrolyzing class D beta-lactamase OXA-48	NA	NA
GCF_002796505.1	NA	NZ_CP024881.1	739790	740431	-	qnrB38	quinolone resistance pentapeptide repeat protein QnrB38	core	AMR	AMR	QUINOLONE	QUINOLONE	ALLELEX	214	214	100.00	100.00	214	WP_003020537.1	quinolone resistance pentapeptide repeat protein QnrB38	NA	NA
GCF_002796505.1	NA	NZ_CP024881.1	3889638	3890780	-	blaCMY-109	class C beta-lactamase CMY-109	core	AMR	AMR	BETA-LACTAM	CEPHALOSPORIN	ALLELEX	381	381	100.00	100.00	381	WP_032948363.1	class C beta-lactamase CMY-109	NA	NA
GCF_003571565.1	NA	NZ_CP032180.1	26149	26679	+	ant(2'')-Ia	aminoglycoside nucleotidyltransferase ANT(2'')-Ia	core	AMR	AMR	AMINOGLYCOSIDE	GENTAMICIN/KANAMYCIN/TOBRAMYCIN	EXACTX	177	177	100.00	100.00	177	WP_000381802.1	aminoglycoside nucleotidyltransferase ANT(2'')-Ia	NA	NA
GCF_003571565.1	NA	NZ_CP032180.1	26839	27183	+	qacEdelta1	quaternary ammonium compound efflux SMR transporter QacE delta 1	core	STRESS	BIOCIDE	QUATERNARY AMMONIUM	QUATERNARY AMMONIUM	ALLELEX	115	115	100.00	100.00	115	WP_000679427.1	quaternary ammonium compound efflux SMR transporter QacE delta 1	NA	NA
GCF_003571565.1	NA	NZ_CP032180.1	27180	28016	+	sul1	sulfonamide-resistant dihydropteroate synthase Sul1	core	AMR	AMR	SULFONAMIDE	SULFONAMIDE	EXACTX	279	279	100.00	100.00	279	WP_000259031.1	sulfonamide-resistant dihydropteroate synthase Sul1	NA	NA
GCF_003571565.1	NA	NZ_CP032181.1	16820	17698	-	blaKPC-2	carbapenem-hydrolyzing class A beta-lactamase KPC-2	core	AMR	AMR	BETA-LACTAM	CARBAPENEM	ALLELEX	293	293	100.00	100.00	293	WP_004199234.1	carbapenem-hydrolyzing class A beta-lactamase KPC-2	NA	NA
GCF_003571565.1	NA	NZ_CP032183.1	90660	91496	-	sul1	sulfonamide-resistant dihydropteroate synthase Sul1	core	AMR	AMR	SULFONAMIDE	SULFONAMIDE	EXACTX	279	279	100.00	100.00	279	WP_000259031.1	sulfonamide-resistant dihydropteroate synthase Sul1	NA	NA
GCF_003571565.1	NA	NZ_CP032183.1	91493	91837	-	qacEdelta1	quaternary ammonium compound efflux SMR transporter QacE delta 1	core	STRESS	BIOCIDE	QUATERNARY AMMONIUM	QUATERNARY AMMONIUM	ALLELEX	115	115	100.00	100.00	115	WP_000679427.1	quaternary ammonium compound efflux SMR transporter QacE delta 1	NA	NA
GCF_003571565.1	NA	NZ_CP032183.1	91997	92527	-	ant(2'')-Ia	aminoglycoside nucleotidyltransferase ANT(2'')-Ia	core	AMR	AMR	AMINOGLYCOSIDE	GENTAMICIN/KANAMYCIN/TOBRAMYCIN	EXACTX	177	177	100.00	100.00	177	WP_000381802.1	aminoglycoside nucleotidyltransferase ANT(2'')-Ia	NA	NA
GCF_003571565.1	NA	NZ_CP032184.1	277074	278216	-	blaCMY-189	class C beta-lactamase CMY-189	core	AMR	AMR	BETA-LACTAM	CEPHALOSPORIN	ALLELEX	381	381	100.00	100.00	381	WP_046670810.1	class C beta-lactamase CMY-189	NA	NA
GCF_003571565.1	NA	NZ_CP032184.1	1858775	1859221	-	aac(6')-If	aminoglycoside N-acetyltransferase AAC(6')-If	core	AMR	AMR	AMINOGLYCOSIDE	AMIKACIN/KANAMYCIN/TOBRAMYCIN	EXACTX	149	149	100.00	100.00	149	WP_071593229.1	aminoglycoside N-acetyltransferase AAC(6')-If	NA	NA
GCF_003571565.1	NA	NZ_CP032184.1	3161696	3164329	-	gyrA_T83I	Citrobacter freundii quinolone resistant GyrA	core	AMR	POINT	QUINOLONE	QUINOLONE	POINTX	878	878	100.00	99.77	878	WP_003027598.1	DNA gyrase subunit A GyrA	NA	NA
GCF_003571565.1	NA	NZ_CP032184.1	3389924	3390736	+	sul2	sulfonamide-resistant dihydropteroate synthase Sul2	core	AMR	AMR	SULFONAMIDE	SULFONAMIDE	EXACTX	271	271	100.00	100.00	271	WP_001043260.1	sulfonamide-resistant dihydropteroate synthase Sul2	NA	NA
GCF_003571565.1	NA	NZ_CP032184.1	3395487	3395936	+	ant(2'')-Ia	aminoglycoside nucleotidyltransferase ANT(2'')-Ia	core	AMR	AMR	AMINOGLYCOSIDE	GENTAMICIN/KANAMYCIN/TOBRAMYCIN	PARTIALX	150	177	84.75	100.00	150	WP_000381802.1	aminoglycoside nucleotidyltransferase ANT(2'')-Ia	NA	NA
GCF_003571565.1	NA	NZ_CP032184.1	3396096	3396440	+	qacEdelta1	quaternary ammonium compound efflux SMR transporter QacE delta 1	core	STRESS	BIOCIDE	QUATERNARY AMMONIUM	QUATERNARY AMMONIUM	ALLELEX	115	115	100.00	100.00	115	WP_000679427.1	quaternary ammonium compound efflux SMR transporter QacE delta 1	NA	NA
GCF_003571565.1	NA	NZ_CP032184.1	3396437	3397273	+	sul1	sulfonamide-resistant dihydropteroate synthase Sul1	core	AMR	AMR	SULFONAMIDE	SULFONAMIDE	EXACTX	279	279	100.00	100.00	279	WP_000259031.1	sulfonamide-resistant dihydropteroate synthase Sul1	NA	NA
GCF_003571565.1	NA	NZ_CP032184.1	4871529	4871999	+	dfrA1	trimethoprim-resistant dihydrofolate reductase DfrA1	core	AMR	AMR	TRIMETHOPRIM	TRIMETHOPRIM	EXACTX	157	157	100.00	100.00	157	WP_000777554.1	trimethoprim-resistant dihydrofolate reductase DfrA1	NA	NA
GCF_003571565.1	NA	NZ_CP032184.1	4872097	4872618	+	sat2	streptothricin N-acetyltransferase Sat2	core	AMR	AMR	STREPTOTHRICIN	STREPTOTHRICIN	EXACTX	174	174	100.00	100.00	174	WP_000704156.1	streptothricin N-acetyltransferase Sat2	NA	NA
GCF_003571565.1	NA	NZ_CP032184.1	4872679	4873464	+	aadA1	ANT(3'')-Ia family aminoglycoside nucleotidyltransferase AadA1	core	AMR	AMR	AMINOGLYCOSIDE	STREPTOMYCIN	EXACTX	262	262	100.00	100.00	262	WP_001206315.1	ANT(3'')-Ia family aminoglycoside nucleotidyltransferase AadA1	NA	NA
GCF_003665535.1	NA	NZ_CP024673.1	1872253	1872894	+	qnrB35	quinolone resistance pentapeptide repeat protein QnrB35	core	AMR	AMR	QUINOLONE	QUINOLONE	ALLELEX	214	214	100.00	100.00	214	WP_063866049.1	quinolone resistance pentapeptide repeat protein QnrB35	NA	NA
GCF_003665535.1	NA	NZ_CP024673.1	4727827	4728969	-	blaCMY-66	class C beta-lactamase CMY-66	core	AMR	AMR	BETA-LACTAM	CEPHALOSPORIN	ALLELEX	381	381	100.00	100.00	381	WP_063859858.1	class C beta-lactamase CMY-66	NA	NA
GCF_003665595.1	NA	NZ_CP024679.1	5033887	5035029	-	blaCMY-48	class C beta-lactamase CMY-48	core	AMR	AMR	BETA-LACTAM	CEPHALOSPORIN	ALLELEX	381	381	100.00	100.00	381	WP_044699195.1	class C beta-lactamase CMY-48	NA	NA
GCF_003665615.1	NA	NZ_CP024680.1	4592085	4593227	-	blaCMY	CMY-2 family class C beta-lactamase	core	AMR	AMR	BETA-LACTAM	CEPHALOSPORIN	BLASTX	381	381	100.00	99.74	381	WP_063859865.1	class C beta-lactamase CMY-75	NA	NA
GCF_003665635.1	NA	NZ_CP024683.1	1802909	1803550	+	qnrB38	quinolone resistance pentapeptide repeat protein QnrB38	core	AMR	AMR	QUINOLONE	QUINOLONE	ALLELEX	214	214	100.00	100.00	214	WP_003020537.1	quinolone resistance pentapeptide repeat protein QnrB38	NA	NA
GCF_003665635.1	NA	NZ_CP024683.1	4638361	4639503	-	blaCMY-109	class C beta-lactamase CMY-109	core	AMR	AMR	BETA-LACTAM	CEPHALOSPORIN	ALLELEX	381	381	100.00	100.00	381	WP_032948363.1	class C beta-lactamase CMY-109	NA	NA
GCF_003665655.1	NA	NZ_CP024672.1	1893531	1894172	+	qnrB38	quinolone resistance pentapeptide repeat protein QnrB38	core	AMR	AMR	QUINOLONE	QUINOLONE	ALLELEX	214	214	100.00	100.00	214	WP_003020537.1	quinolone resistance pentapeptide repeat protein QnrB38	NA	NA
GCF_003665655.1	NA	NZ_CP024672.1	4658022	4659164	-	blaCMY-180	class C beta-lactamase CMY-180	core	AMR	AMR	BETA-LACTAM	CEPHALOSPORIN	ALLELEX	381	381	100.00	100.00	381	WP_060855400.1	class C beta-lactamase CMY-180	NA	NA
GCF_003665675.1	NA	NZ_CP024677.1	4953293	4954435	-	blaCMY	CMY-2 family class C beta-lactamase	core	AMR	AMR	BETA-LACTAM	CEPHALOSPORIN	BLASTX	381	381	100.00	99.74	381	WP_044699195.1	class C beta-lactamase CMY-48	NA	NA
GCF_003812325.1	NA	NZ_CP033742.1	3020414	3021556	-	blaCMY-48	class C beta-lactamase CMY-48	core	AMR	AMR	BETA-LACTAM	CEPHALOSPORIN	ALLELEX	381	381	100.00	100.00	381	WP_044699195.1	class C beta-lactamase CMY-48	NA	NA
GCF_003812345.1	NA	NZ_CP033744.1	3172497	3173639	-	blaCMY	CMY-2 family class C beta-lactamase	core	AMR	AMR	BETA-LACTAM	CEPHALOSPORIN	BLASTX	381	381	100.00	99.74	381	WP_063859865.1	class C beta-lactamase CMY-75	NA	NA
GCF_004103775.1	NA	NZ_CP035276.1	1757137	1759770	+	gyrA_T83I	Citrobacter freundii quinolone resistant GyrA	core	AMR	POINT	QUINOLONE	QUINOLONE	POINTX	878	878	100.00	99.89	878	WP_003027598.1	DNA gyrase subunit A GyrA	NA	NA
GCF_004103775.1	NA	NZ_CP035276.1	4614506	4615648	+	blaCMY	CMY-2 family class C beta-lactamase	core	AMR	AMR	BETA-LACTAM	CEPHALOSPORIN	BLASTX	381	381	100.00	99.21	381	WP_032939209.1	class C beta-lactamase CMY-72	NA	NA
GCF_004103775.1	NA	NZ_CP035277.1	32496	32990	+	dfrA12	trimethoprim-resistant dihydrofolate reductase DfrA12	core	AMR	AMR	TRIMETHOPRIM	TRIMETHOPRIM	EXACTX	165	165	100.00	100.00	165	WP_001083725.1	trimethoprim-resistant dihydrofolate reductase DfrA12	NA	NA
GCF_004103775.1	NA	NZ_CP035277.1	33401	34189	+	aadA2	ANT(3'')-Ia family aminoglycoside nucleotidyltransferase AadA2	core	AMR	AMR	AMINOGLYCOSIDE	STREPTOMYCIN	EXACTX	263	263	100.00	100.00	263	WP_001206356.1	ANT(3'')-Ia family aminoglycoside nucleotidyltransferase AadA2	NA	NA
GCF_004103775.1	NA	NZ_CP035277.1	34356	34700	+	qacEdelta1	quaternary ammonium compound efflux SMR transporter QacE delta 1	core	STRESS	BIOCIDE	QUATERNARY AMMONIUM	QUATERNARY AMMONIUM	ALLELEX	115	115	100.00	100.00	115	WP_000679427.1	quaternary ammonium compound efflux SMR transporter QacE delta 1	NA	NA
GCF_004103775.1	NA	NZ_CP035277.1	34697	35533	+	sul1	sulfonamide-resistant dihydropteroate synthase Sul1	core	AMR	AMR	SULFONAMIDE	SULFONAMIDE	EXACTX	279	279	100.00	100.00	279	WP_000259031.1	sulfonamide-resistant dihydropteroate synthase Sul1	NA	NA
GCF_004103775.1	NA	NZ_CP035277.1	44257	44898	-	qnrB4	quinolone resistance pentapeptide repeat protein QnrB4	core	AMR	AMR	QUINOLONE	QUINOLONE	ALLELEX	214	214	100.00	100.00	214	WP_017900990.1	quinolone resistance pentapeptide repeat protein QnrB4	NA	NA
GCF_004103775.1	NA	NZ_CP035277.1	49025	50161	-	blaDHA-1	extended-spectrum class C beta-lactamase DHA-1	core	AMR	AMR	BETA-LACTAM	CEPHALOSPORIN	ALLELEX	379	379	100.00	100.00	379	WP_004236386.1	extended-spectrum class C beta-lactamase DHA-1	NA	NA
GCF_004103775.1	NA	NZ_CP035277.1	51457	51741	+	qacE	quaternary ammonium compound efflux SMR transporter QacE	core	STRESS	BIOCIDE	QUATERNARY AMMONIUM	QUATERNARY AMMONIUM	PARTIALX	95	115	82.61	95.79	95	WP_000679427.1	quaternary ammonium compound efflux SMR transporter QacE delta 1	NA	NA
GCF_004103775.1	NA	NZ_CP035277.1	51738	52574	+	sul1	sulfonamide-resistant dihydropteroate synthase Sul1	core	AMR	AMR	SULFONAMIDE	SULFONAMIDE	EXACTX	279	279	100.00	100.00	279	WP_000259031.1	sulfonamide-resistant dihydropteroate synthase Sul1	NA	NA
GCF_004103775.1	NA	NZ_CP035277.1	57983	59218	-	mrx(A)	phosphorylated macrolide efflux MFS transporter Mrx(A)	core	AMR	AMR	MACROLIDE	AZITHROMYCIN/ERYTHROMYCIN/SPIRAMYCIN/TELITHROMYCIN	EXACTX	412	412	100.00	100.00	412	WP_000004159.1	phosphorylated macrolide efflux MFS transporter Mrx(A)	NA	NA
GCF_004103775.1	NA	NZ_CP035277.1	59218	60120	-	mph(A)	Mph(A) family macrolide 2'-phosphotransferase	core	AMR	AMR	MACROLIDE	AZITHROMYCIN/ERYTHROMYCIN/SPIRAMYCIN/TELITHROMYCIN	EXACTX	301	301	100.00	100.00	301	WP_000219391.1	Mph(A) family macrolide 2'-phosphotransferase	NA	NA
GCF_004103775.1	NA	NZ_CP035277.1	61179	62036	+	aac(3)-IId	aminoglycoside N-acetyltransferase AAC(3)-IId	core	AMR	AMR	AMINOGLYCOSIDE	GENTAMICIN	EXACTX	286	286	100.00	100.00	286	WP_000557454.1	aminoglycoside N-acetyltransferase AAC(3)-IId	NA	NA
GCF_004103775.1	NA	NZ_CP035277.1	67011	67868	+	blaTEM-1	broad-spectrum class A beta-lactamase TEM-1	core	AMR	AMR	BETA-LACTAM	BETA-LACTAM	ALLELEX	286	286	100.00	100.00	286	WP_000027057.1	broad-spectrum class A beta-lactamase TEM-1	NA	NA
GCF_004103775.1	NA	NZ_CP035277.1	80325	81137	+	sul2	sulfonamide-resistant dihydropteroate synthase Sul2	core	AMR	AMR	SULFONAMIDE	SULFONAMIDE	EXACTX	271	271	100.00	100.00	271	WP_001043260.1	sulfonamide-resistant dihydropteroate synthase Sul2	NA	NA
GCF_004103775.1	NA	NZ_CP035277.1	86433	87071	+	catA2	type A-2 chloramphenicol O-acetyltransferase CatII	core	AMR	AMR	PHENICOL	CHLORAMPHENICOL	EXACTX	213	213	100.00	100.00	213	WP_001011939.1	type A-2 chloramphenicol O-acetyltransferase CatII	NA	NA
GCF_004103775.1	NA	NZ_CP035277.1	88686	89867	+	tet(D)	tetracycline efflux MFS transporter Tet(D)	core	AMR	AMR	TETRACYCLINE	TETRACYCLINE	EXACTX	394	394	100.00	100.00	394	WP_001039466.1	tetracycline efflux MFS transporter Tet(D)	NA	NA
GCF_004344985.1	NA	NZ_CP037734.1	1608322	1610955	+	gyrA_T83I	Citrobacter freundii quinolone resistant GyrA	core	AMR	POINT	QUINOLONE	QUINOLONE	POINTX	878	878	100.00	99.89	878	WP_003027598.1	DNA gyrase subunit A GyrA	NA	NA
GCF_004344985.1	NA	NZ_CP037734.1	4452248	4453390	+	blaCMY-48	class C beta-lactamase CMY-48	core	AMR	AMR	BETA-LACTAM	CEPHALOSPORIN	ALLELEX	381	381	100.00	100.00	381	WP_044699195.1	class C beta-lactamase CMY-48	NA	NA
GCF_004344985.1	NA	NZ_CP037737.1	4481	5032	+	aac(6')-Ib4	aminoglycoside N-acetyltransferase AAC(6')-Ib4	core	AMR	AMR	AMINOGLYCOSIDE	GENTAMICIN	ALLELEX	184	184	100.00	100.00	184	WP_003159191.1	aminoglycoside N-acetyltransferase AAC(6')-Ib4	NA	NA
GCF_004344985.1	NA	NZ_CP037737.1	5105	5893	+	aadA1	ANT(3'')-Ia family aminoglycoside nucleotidyltransferase AadA1	core	AMR	AMR	AMINOGLYCOSIDE	STREPTOMYCIN	BLASTX	263	263	100.00	98.48	263	WP_071846270.1	ANT(3'')-Ia family aminoglycoside nucleotidyltransferase AadA1	NA	NA
GCF_004344985.1	NA	NZ_CP037737.1	6060	6404	+	qacEdelta1	quaternary ammonium compound efflux SMR transporter QacE delta 1	core	STRESS	BIOCIDE	QUATERNARY AMMONIUM	QUATERNARY AMMONIUM	ALLELEX	115	115	100.00	100.00	115	WP_000679427.1	quaternary ammonium compound efflux SMR transporter QacE delta 1	NA	NA
GCF_004344985.1	NA	NZ_CP037737.1	6401	7237	+	sul1	sulfonamide-resistant dihydropteroate synthase Sul1	core	AMR	AMR	SULFONAMIDE	SULFONAMIDE	EXACTX	279	279	100.00	100.00	279	WP_000259031.1	sulfonamide-resistant dihydropteroate synthase Sul1	NA	NA
GCF_004344985.1	NA	NZ_CP037737.1	9542	10018	+	dfrA3b	trimethoprim-resistant dihydrofolate reductase DfrA3b	core	AMR	AMR	TRIMETHOPRIM	TRIMETHOPRIM	EXACTX	159	159	100.00	100.00	159	WP_032491313.1	trimethoprim-resistant dihydrofolate reductase DfrA3b	NA	NA
GCF_004344985.1	NA	NZ_CP037737.1	11211	12068	+	blaSHV-30	extended-spectrum class A beta-lactamase SHV-30	core	AMR	AMR	BETA-LACTAM	CEPHALOSPORIN	ALLELEX	286	286	100.00	100.00	286	WP_032491180.1	extended-spectrum class A beta-lactamase SHV-30	NA	NA
GCF_004344985.1	NA	NZ_CP037737.1	71789	72667	-	blaKPC-2	carbapenem-hydrolyzing class A beta-lactamase KPC-2	core	AMR	AMR	BETA-LACTAM	CARBAPENEM	ALLELEX	293	293	100.00	100.00	293	WP_004199234.1	carbapenem-hydrolyzing class A beta-lactamase KPC-2	NA	NA
GCF_004344985.1	NA	NZ_CP037737.1	81670	82527	+	blaTEM-1	broad-spectrum class A beta-lactamase TEM-1	core	AMR	AMR	BETA-LACTAM	BETA-LACTAM	ALLELEX	286	286	100.00	100.00	286	WP_000027057.1	broad-spectrum class A beta-lactamase TEM-1	NA	NA
GCF_004344985.1	NA	NZ_CP037739.1	1167	2045	+	blaKPC-2	carbapenem-hydrolyzing class A beta-lactamase KPC-2	core	AMR	AMR	BETA-LACTAM	CARBAPENEM	ALLELEX	293	293	100.00	100.00	293	WP_004199234.1	carbapenem-hydrolyzing class A beta-lactamase KPC-2	NA	NA
GCF_004344985.1	NA	NZ_CP037739.1	34928	35785	-	blaTEM-1	broad-spectrum class A beta-lactamase TEM-1	core	AMR	AMR	BETA-LACTAM	BETA-LACTAM	ALLELEX	286	286	100.00	100.00	286	WP_000027057.1	broad-spectrum class A beta-lactamase TEM-1	NA	NA
GCF_005960425.1	NA	NZ_CP040696.1	67143	68000	-	blaTEM-1	broad-spectrum class A beta-lactamase TEM-1	core	AMR	AMR	BETA-LACTAM	BETA-LACTAM	ALLELEX	286	286	100.00	100.00	286	WP_000027057.1	broad-spectrum class A beta-lactamase TEM-1	NA	NA
GCF_005960425.1	NA	NZ_CP040696.1	77945	78511	+	dfrA19	trimethoprim-resistant dihydrofolate reductase DfrA19	core	AMR	AMR	TRIMETHOPRIM	TRIMETHOPRIM	EXACTX	189	189	100.00	100.00	189	WP_000019304.1	trimethoprim-resistant dihydrofolate reductase DfrA19	NA	NA
GCF_005960425.1	NA	NZ_CP040696.1	80288	81088	+	aph(3'')-Ib	aminoglycoside O-phosphotransferase APH(3'')-Ib	core	AMR	AMR	AMINOGLYCOSIDE	STREPTOMYCIN	EXACTX	267	267	100.00	100.00	267	WP_001082319.1	aminoglycoside O-phosphotransferase APH(3'')-Ib	NA	NA
GCF_005960425.1	NA	NZ_CP040696.1	81091	81924	+	aph(6)-Id	aminoglycoside O-phosphotransferase APH(6)-Id	core	AMR	AMR	AMINOGLYCOSIDE	STREPTOMYCIN	EXACTX	278	278	100.00	100.00	278	WP_000480968.1	aminoglycoside O-phosphotransferase APH(6)-Id	NA	NA
GCF_005960425.1	NA	NZ_CP040696.1	169559	170416	-	blaSHV-12	extended-spectrum class A beta-lactamase SHV-12	core	AMR	AMR	BETA-LACTAM	CEFIDEROCOL/CEPHALOSPORIN	ALLELEX	286	286	100.00	100.00	286	WP_002904004.1	extended-spectrum class A beta-lactamase SHV-12	NA	NA
GCF_005960425.1	NA	NZ_CP040696.1	172954	174135	-	tet(D)	tetracycline efflux MFS transporter Tet(D)	core	AMR	AMR	TETRACYCLINE	TETRACYCLINE	EXACTX	394	394	100.00	100.00	394	WP_001039466.1	tetracycline efflux MFS transporter Tet(D)	NA	NA
GCF_005960425.1	NA	NZ_CP040696.1	175750	176388	-	catA2	type A-2 chloramphenicol O-acetyltransferase CatII	core	AMR	AMR	PHENICOL	CHLORAMPHENICOL	EXACTX	213	213	100.00	100.00	213	WP_001011939.1	type A-2 chloramphenicol O-acetyltransferase CatII	NA	NA
GCF_005960425.1	NA	NZ_CP040696.1	185999	186550	+	aac(6')-Ib3	aminoglycoside N-acetyltransferase AAC(6')-Ib3	core	AMR	AMR	AMINOGLYCOSIDE	AMIKACIN/KANAMYCIN/TOBRAMYCIN	ALLELEX	184	184	100.00	100.00	184	WP_032488579.1	aminoglycoside N-acetyltransferase AAC(6')-Ib3	NA	NA
GCF_005960425.1	NA	NZ_CP040696.1	190587	191423	-	sul1	sulfonamide-resistant dihydropteroate synthase Sul1	core	AMR	AMR	SULFONAMIDE	SULFONAMIDE	EXACTX	279	279	100.00	100.00	279	WP_000259031.1	sulfonamide-resistant dihydropteroate synthase Sul1	NA	NA
GCF_005960425.1	NA	NZ_CP040696.1	191420	191704	-	qacE	quaternary ammonium compound efflux SMR transporter QacE	core	STRESS	BIOCIDE	QUATERNARY AMMONIUM	QUATERNARY AMMONIUM	PARTIALX	95	115	82.61	95.79	95	WP_000679427.1	quaternary ammonium compound efflux SMR transporter QacE delta 1	NA	NA
GCF_005960425.1	NA	NZ_CP040696.1	193000	194136	+	blaDHA-1	extended-spectrum class C beta-lactamase DHA-1	core	AMR	AMR	BETA-LACTAM	CEPHALOSPORIN	ALLELEX	379	379	100.00	100.00	379	WP_004236386.1	extended-spectrum class C beta-lactamase DHA-1	NA	NA
GCF_005960425.1	NA	NZ_CP040696.1	198263	198904	+	qnrB4	quinolone resistance pentapeptide repeat protein QnrB4	core	AMR	AMR	QUINOLONE	QUINOLONE	ALLELEX	214	214	100.00	100.00	214	WP_017900990.1	quinolone resistance pentapeptide repeat protein QnrB4	NA	NA
GCF_005960425.1	NA	NZ_CP040696.1	207628	208464	-	sul1	sulfonamide-resistant dihydropteroate synthase Sul1	core	AMR	AMR	SULFONAMIDE	SULFONAMIDE	EXACTX	279	279	100.00	100.00	279	WP_000259031.1	sulfonamide-resistant dihydropteroate synthase Sul1	NA	NA
GCF_005960425.1	NA	NZ_CP040696.1	208461	208805	-	qacEdelta1	quaternary ammonium compound efflux SMR transporter QacE delta 1	core	STRESS	BIOCIDE	QUATERNARY AMMONIUM	QUATERNARY AMMONIUM	ALLELEX	115	115	100.00	100.00	115	WP_000679427.1	quaternary ammonium compound efflux SMR transporter QacE delta 1	NA	NA
GCF_005960425.1	NA	NZ_CP040696.1	208991	210028	-	ere(A)	EreA family erythromycin esterase	core	AMR	AMR	MACROLIDE	ERYTHROMYCIN	PARTIALX	346	408	84.80	100.00	346	WP_021566672.1	EreA family erythromycin esterase	NA	NA
GCF_005960425.1	NA	NZ_CP040696.1	210912	211322	-	arr	NAD(+)--rifampin ADP-ribosyltransferase	core	AMR	AMR	RIFAMYCIN	RIFAMYCIN	EXACTX	137	137	100.00	100.00	137	WP_012695486.1	NAD(+)--rifampin ADP-ribosyltransferase	NA	NA
GCF_005960425.1	NA	NZ_CP040696.1	211453	212259	-	aac(3)-IIg	aminoglycoside N-acetyltransferase AAC(3)-IIg	core	AMR	AMR	AMINOGLYCOSIDE	GENTAMICIN	EXACTX	269	269	100.00	100.00	269	WP_012695485.1	aminoglycoside N-acetyltransferase AAC(3)-IIg	NA	NA
GCF_005960425.1	NA	NZ_CP040696.1	214347	214925	-	aac(6')-IIc	aminoglycoside N-acetyltransferase AAC(6')-IIc	core	AMR	AMR	AMINOGLYCOSIDE	GENTAMICIN/KANAMYCIN/TOBRAMYCIN	EXACTX	193	193	100.00	100.00	193	WP_012695484.1	aminoglycoside N-acetyltransferase AAC(6')-IIc	NA	NA
GCF_005960425.1	NA	NZ_CP040696.1	218328	218966	+	catA2	type A-2 chloramphenicol O-acetyltransferase CatII	core	AMR	AMR	PHENICOL	CHLORAMPHENICOL	EXACTX	213	213	100.00	100.00	213	WP_001011939.1	type A-2 chloramphenicol O-acetyltransferase CatII	NA	NA
GCF_005960425.1	NA	NZ_CP040697.1	835	2046	-	floR	chloramphenicol/florfenicol efflux MFS transporter FloR	core	AMR	AMR	PHENICOL	CHLORAMPHENICOL/FLORFENICOL	EXACTX	404	404	100.00	100.00	404	WP_000214122.1	chloramphenicol/florfenicol efflux MFS transporter FloR	NA	NA
GCF_005960425.1	NA	NZ_CP040697.1	41346	42182	-	sul1	sulfonamide-resistant dihydropteroate synthase Sul1	core	AMR	AMR	SULFONAMIDE	SULFONAMIDE	EXACTX	279	279	100.00	100.00	279	WP_000259031.1	sulfonamide-resistant dihydropteroate synthase Sul1	NA	NA
GCF_005960425.1	NA	NZ_CP040697.1	42179	42523	-	qacEdelta1	quaternary ammonium compound efflux SMR transporter QacE delta 1	core	STRESS	BIOCIDE	QUATERNARY AMMONIUM	QUATERNARY AMMONIUM	ALLELEX	115	115	100.00	100.00	115	WP_000679427.1	quaternary ammonium compound efflux SMR transporter QacE delta 1	NA	NA
GCF_005960425.1	NA	NZ_CP040697.1	42754	43395	+	qnrB6	quinolone resistance pentapeptide repeat protein QnrB6	core	AMR	AMR	QUINOLONE	QUINOLONE	ALLELEX	214	214	100.00	100.00	214	WP_001749994.1	quinolone resistance pentapeptide repeat protein QnrB6	NA	NA
GCF_005960425.1	NA	NZ_CP040697.1	46812	47648	-	sul1	sulfonamide-resistant dihydropteroate synthase Sul1	core	AMR	AMR	SULFONAMIDE	SULFONAMIDE	EXACTX	279	279	100.00	100.00	279	WP_000259031.1	sulfonamide-resistant dihydropteroate synthase Sul1	NA	NA
GCF_005960425.1	NA	NZ_CP040697.1	47645	47989	-	qacEdelta1	quaternary ammonium compound efflux SMR transporter QacE delta 1	core	STRESS	BIOCIDE	QUATERNARY AMMONIUM	QUATERNARY AMMONIUM	ALLELEX	115	115	100.00	100.00	115	WP_000679427.1	quaternary ammonium compound efflux SMR transporter QacE delta 1	NA	NA
GCF_005960425.1	NA	NZ_CP040697.1	48109	48951	-	aadA16	ANT(3'')-Ia family aminoglycoside nucleotidyltransferase AadA16	core	AMR	AMR	AMINOGLYCOSIDE	STREPTOMYCIN	EXACTX	281	281	100.00	100.00	281	WP_001749984.1	ANT(3'')-Ia family aminoglycoside nucleotidyltransferase AadA16	NA	NA
GCF_005960425.1	NA	NZ_CP040697.1	49135	49605	-	dfrA27	trimethoprim-resistant dihydrofolate reductase DfrA27	core	AMR	AMR	TRIMETHOPRIM	TRIMETHOPRIM	EXACTX	157	157	100.00	100.00	157	WP_001749985.1	trimethoprim-resistant dihydrofolate reductase DfrA27	NA	NA
GCF_005960425.1	NA	NZ_CP040697.1	49741	50190	-	arr-3	NAD(+)--rifampin ADP-ribosyltransferase Arr-3	core	AMR	AMR	RIFAMYCIN	RIFAMYCIN	EXACTX	150	150	100.00	100.00	150	WP_001749986.1	NAD(+)--rifampin ADP-ribosyltransferase Arr-3	NA	NA
GCF_005960425.1	NA	NZ_CP040697.1	50290	50841	-	aac(6')-Ib-cr5	fluoroquinolone-acetylating aminoglycoside 6'-N-acetyltransferase AAC(6')-Ib-cr5	core	AMR	AMR	AMINOGLYCOSIDE/QUINOLONE	AMIKACIN/KANAMYCIN/QUINOLONE/TOBRAMYCIN	ALLELEX	184	184	100.00	100.00	184	WP_063840321.1	fluoroquinolone-acetylating aminoglycoside 6'-N-acetyltransferase AAC(6')-Ib-cr5	NA	NA
GCF_005960425.1	NA	NZ_CP040698.1	1659040	1660182	-	blaCMY-97	class C beta-lactamase CMY-97	core	AMR	AMR	BETA-LACTAM	CEPHALOSPORIN	ALLELEX	381	381	100.00	100.00	381	WP_063859918.1	class C beta-lactamase CMY-97	NA	NA
GCF_005960425.1	NA	NZ_CP040698.1	3821156	3821542	+	qnrB	QnrB family quinolone resistance pentapeptide repeat protein	core	AMR	AMR	QUINOLONE	QUINOLONE	PARTIALX	129	214	60.28	91.47	129	WP_032492467.1	quinolone resistance pentapeptide repeat protein QnrB10	NA	NA
GCF_008931485.1	NA	NZ_CP042478.1	1441221	1442057	-	sul1	sulfonamide-resistant dihydropteroate synthase Sul1	core	AMR	AMR	SULFONAMIDE	SULFONAMIDE	EXACTX	279	279	100.00	100.00	279	WP_000259031.1	sulfonamide-resistant dihydropteroate synthase Sul1	NA	NA
GCF_008931485.1	NA	NZ_CP042478.1	1442054	1442398	-	qacEdelta1	quaternary ammonium compound efflux SMR transporter QacE delta 1	core	STRESS	BIOCIDE	QUATERNARY AMMONIUM	QUATERNARY AMMONIUM	ALLELEX	115	115	100.00	100.00	115	WP_000679427.1	quaternary ammonium compound efflux SMR transporter QacE delta 1	NA	NA
GCF_008931485.1	NA	NZ_CP042478.1	1681856	1684489	+	gyrA_T83I	Citrobacter freundii quinolone resistant GyrA	core	AMR	POINT	QUINOLONE	QUINOLONE	POINTX	878	878	100.00	99.89	878	WP_003027598.1	DNA gyrase subunit A GyrA	NA	NA
GCF_008931485.1	NA	NZ_CP042478.1	4516297	4517439	+	blaCMY-189	class C beta-lactamase CMY-189	core	AMR	AMR	BETA-LACTAM	CEPHALOSPORIN	ALLELEX	381	381	100.00	100.00	381	WP_046670810.1	class C beta-lactamase CMY-189	NA	NA
GCF_008931485.1	NA	NZ_CP042478.1	5075446	5076231	-	aadA1	ANT(3'')-Ia family aminoglycoside nucleotidyltransferase AadA1	core	AMR	AMR	AMINOGLYCOSIDE	STREPTOMYCIN	EXACTX	262	262	100.00	100.00	262	WP_001206315.1	ANT(3'')-Ia family aminoglycoside nucleotidyltransferase AadA1	NA	NA
GCF_008931485.1	NA	NZ_CP042478.1	5076292	5076813	-	sat2	streptothricin N-acetyltransferase Sat2	core	AMR	AMR	STREPTOTHRICIN	STREPTOTHRICIN	EXACTX	174	174	100.00	100.00	174	WP_000704156.1	streptothricin N-acetyltransferase Sat2	NA	NA
GCF_008931485.1	NA	NZ_CP042478.1	5076911	5077381	-	dfrA1	trimethoprim-resistant dihydrofolate reductase DfrA1	core	AMR	AMR	TRIMETHOPRIM	TRIMETHOPRIM	EXACTX	157	157	100.00	100.00	157	WP_000777554.1	trimethoprim-resistant dihydrofolate reductase DfrA1	NA	NA
GCF_008931485.1	NA	NZ_CP042480.1	24868	25605	+	blaIMP-4	subclass B1 metallo-beta-lactamase IMP-4	core	AMR	AMR	BETA-LACTAM	CARBAPENEM	ALLELEX	246	246	100.00	100.00	246	WP_015060105.1	subclass B1 metallo-beta-lactamase IMP-4	NA	NA
GCF_008931485.1	NA	NZ_CP042480.1	25840	26169	+	qacG2	quaternary ammonium compound efflux SMR transporter QacG2	core	STRESS	BIOCIDE	QUATERNARY AMMONIUM	QUATERNARY AMMONIUM	EXACTX	110	110	100.00	100.00	110	WP_015063357.1	quaternary ammonium compound efflux SMR transporter QacG2	NA	NA
GCF_008931485.1	NA	NZ_CP042480.1	26299	26850	+	aac(6')-Ib4	aminoglycoside N-acetyltransferase AAC(6')-Ib4	core	AMR	AMR	AMINOGLYCOSIDE	GENTAMICIN	ALLELEX	184	184	100.00	100.00	184	WP_003159191.1	aminoglycoside N-acetyltransferase AAC(6')-Ib4	NA	NA
GCF_008931485.1	NA	NZ_CP042480.1	26948	27577	+	catB3	type B-3 chloramphenicol O-acetyltransferase CatB3	core	AMR	AMR	PHENICOL	CHLORAMPHENICOL	EXACTX	210	210	100.00	100.00	210	WP_000186237.1	type B-3 chloramphenicol O-acetyltransferase CatB3	NA	NA
GCF_008931485.1	NA	NZ_CP042480.1	27649	28446	+	blaOXA-10	oxacillin-hydrolyzing class D beta-lactamase OXA-10	core	AMR	AMR	BETA-LACTAM	CEPHALOSPORIN	ALLELEX	266	266	100.00	100.00	266	WP_000846390.1	oxacillin-hydrolyzing class D beta-lactamase OXA-10	NA	NA
GCF_008931485.1	NA	NZ_CP042480.1	28466	29254	+	aadA1	ANT(3'')-Ia family aminoglycoside nucleotidyltransferase AadA1	core	AMR	AMR	AMINOGLYCOSIDE	STREPTOMYCIN	EXACTX	263	263	100.00	100.00	263	WP_001206316.1	ANT(3'')-Ia family aminoglycoside nucleotidyltransferase AadA1	NA	NA
GCF_008931485.1	NA	NZ_CP042480.1	29746	30642	+	blaVEB-3	extended-spectrum class A beta-lactamase VEB-3	core	AMR	AMR	BETA-LACTAM	CEPHALOSPORIN	ALLELEX	299	299	100.00	100.00	299	WP_020956917.1	extended-spectrum class A beta-lactamase VEB-3	NA	NA
GCF_008931485.1	NA	NZ_CP042480.1	40305	40856	+	aac(6')-Ib-cr5	fluoroquinolone-acetylating aminoglycoside 6'-N-acetyltransferase AAC(6')-Ib-cr5	core	AMR	AMR	AMINOGLYCOSIDE/QUINOLONE	AMIKACIN/KANAMYCIN/QUINOLONE/TOBRAMYCIN	ALLELEX	184	184	100.00	100.00	184	WP_063840321.1	fluoroquinolone-acetylating aminoglycoside 6'-N-acetyltransferase AAC(6')-Ib-cr5	NA	NA
GCF_008931485.1	NA	NZ_CP042480.1	40990	41817	+	blaOXA-1	oxacillin-hydrolyzing class D beta-lactamase OXA-1	core	AMR	AMR	BETA-LACTAM	CEPHALOSPORIN	ALLELEX	276	276	100.00	100.00	276	WP_001334766.1	oxacillin-hydrolyzing class D beta-lactamase OXA-1	NA	NA
GCF_008931485.1	NA	NZ_CP042480.1	41958	42587	+	catB3	type B-3 chloramphenicol O-acetyltransferase CatB3	core	AMR	AMR	PHENICOL	CHLORAMPHENICOL	EXACTX	210	210	100.00	100.00	210	WP_000186237.1	type B-3 chloramphenicol O-acetyltransferase CatB3	NA	NA
GCF_008931485.1	NA	NZ_CP042480.1	42675	43124	+	arr-3	NAD(+)--rifampin ADP-ribosyltransferase Arr-3	core	AMR	AMR	RIFAMYCIN	RIFAMYCIN	EXACTX	150	150	100.00	100.00	150	WP_001749986.1	NAD(+)--rifampin ADP-ribosyltransferase Arr-3	NA	NA
GCF_008931485.1	NA	NZ_CP042480.1	43350	43694	+	qacEdelta1	quaternary ammonium compound efflux SMR transporter QacE delta 1	core	STRESS	BIOCIDE	QUATERNARY AMMONIUM	QUATERNARY AMMONIUM	ALLELEX	115	115	100.00	100.00	115	WP_000679427.1	quaternary ammonium compound efflux SMR transporter QacE delta 1	NA	NA
GCF_008931485.1	NA	NZ_CP042480.1	43691	44527	+	sul1	sulfonamide-resistant dihydropteroate synthase Sul1	core	AMR	AMR	SULFONAMIDE	SULFONAMIDE	EXACTX	279	279	100.00	100.00	279	WP_000259031.1	sulfonamide-resistant dihydropteroate synthase Sul1	NA	NA
GCF_008931485.1	NA	NZ_CP042480.1	48609	49844	-	mrx(A)	phosphorylated macrolide efflux MFS transporter Mrx(A)	core	AMR	AMR	MACROLIDE	AZITHROMYCIN/ERYTHROMYCIN/SPIRAMYCIN/TELITHROMYCIN	EXACTX	412	412	100.00	100.00	412	WP_000004159.1	phosphorylated macrolide efflux MFS transporter Mrx(A)	NA	NA
GCF_008931485.1	NA	NZ_CP042480.1	49844	50746	-	mph(A)	Mph(A) family macrolide 2'-phosphotransferase	core	AMR	AMR	MACROLIDE	AZITHROMYCIN/ERYTHROMYCIN/SPIRAMYCIN/TELITHROMYCIN	EXACTX	301	301	100.00	100.00	301	WP_000219391.1	Mph(A) family macrolide 2'-phosphotransferase	NA	NA
GCF_008931485.1	NA	NZ_CP042480.1	51805	52662	+	aac(3)-IId	aminoglycoside N-acetyltransferase AAC(3)-IId	core	AMR	AMR	AMINOGLYCOSIDE	GENTAMICIN	EXACTX	286	286	100.00	100.00	286	WP_000557454.1	aminoglycoside N-acetyltransferase AAC(3)-IId	NA	NA
GCF_008931505.1	NA	NZ_CP042517.1	593767	594603	-	sul1	sulfonamide-resistant dihydropteroate synthase Sul1	core	AMR	AMR	SULFONAMIDE	SULFONAMIDE	EXACTX	279	279	100.00	100.00	279	WP_000259031.1	sulfonamide-resistant dihydropteroate synthase Sul1	NA	NA
GCF_008931505.1	NA	NZ_CP042517.1	594600	594944	-	qacEdelta1	quaternary ammonium compound efflux SMR transporter QacE delta 1	core	STRESS	BIOCIDE	QUATERNARY AMMONIUM	QUATERNARY AMMONIUM	ALLELEX	115	115	100.00	100.00	115	WP_000679427.1	quaternary ammonium compound efflux SMR transporter QacE delta 1	NA	NA
GCF_008931505.1	NA	NZ_CP042517.1	834397	837030	+	gyrA_T83I	Citrobacter freundii quinolone resistant GyrA	core	AMR	POINT	QUINOLONE	QUINOLONE	POINTX	878	878	100.00	99.89	878	WP_003027598.1	DNA gyrase subunit A GyrA	NA	NA
GCF_008931505.1	NA	NZ_CP042517.1	3655818	3656960	+	blaCMY-189	class C beta-lactamase CMY-189	core	AMR	AMR	BETA-LACTAM	CEPHALOSPORIN	ALLELEX	381	381	100.00	100.00	381	WP_046670810.1	class C beta-lactamase CMY-189	NA	NA
GCF_008931505.1	NA	NZ_CP042517.1	4548201	4548671	+	dfrA1	trimethoprim-resistant dihydrofolate reductase DfrA1	core	AMR	AMR	TRIMETHOPRIM	TRIMETHOPRIM	EXACTX	157	157	100.00	100.00	157	WP_000777554.1	trimethoprim-resistant dihydrofolate reductase DfrA1	NA	NA
GCF_008931505.1	NA	NZ_CP042517.1	4548769	4549290	+	sat2	streptothricin N-acetyltransferase Sat2	core	AMR	AMR	STREPTOTHRICIN	STREPTOTHRICIN	EXACTX	174	174	100.00	100.00	174	WP_000704156.1	streptothricin N-acetyltransferase Sat2	NA	NA
GCF_008931505.1	NA	NZ_CP042517.1	4549351	4550136	+	aadA1	ANT(3'')-Ia family aminoglycoside nucleotidyltransferase AadA1	core	AMR	AMR	AMINOGLYCOSIDE	STREPTOMYCIN	EXACTX	262	262	100.00	100.00	262	WP_001206315.1	ANT(3'')-Ia family aminoglycoside nucleotidyltransferase AadA1	NA	NA
GCF_008931505.1	NA	NZ_CP042519.1	24868	25605	+	blaIMP-4	subclass B1 metallo-beta-lactamase IMP-4	core	AMR	AMR	BETA-LACTAM	CARBAPENEM	ALLELEX	246	246	100.00	100.00	246	WP_015060105.1	subclass B1 metallo-beta-lactamase IMP-4	NA	NA
GCF_008931505.1	NA	NZ_CP042519.1	25840	26169	+	qacG2	quaternary ammonium compound efflux SMR transporter QacG2	core	STRESS	BIOCIDE	QUATERNARY AMMONIUM	QUATERNARY AMMONIUM	EXACTX	110	110	100.00	100.00	110	WP_015063357.1	quaternary ammonium compound efflux SMR transporter QacG2	NA	NA
GCF_008931505.1	NA	NZ_CP042519.1	26299	26850	+	aac(6')-Ib4	aminoglycoside N-acetyltransferase AAC(6')-Ib4	core	AMR	AMR	AMINOGLYCOSIDE	GENTAMICIN	ALLELEX	184	184	100.00	100.00	184	WP_003159191.1	aminoglycoside N-acetyltransferase AAC(6')-Ib4	NA	NA
GCF_008931505.1	NA	NZ_CP042519.1	26948	27577	+	catB3	type B-3 chloramphenicol O-acetyltransferase CatB3	core	AMR	AMR	PHENICOL	CHLORAMPHENICOL	EXACTX	210	210	100.00	100.00	210	WP_000186237.1	type B-3 chloramphenicol O-acetyltransferase CatB3	NA	NA
GCF_008931505.1	NA	NZ_CP042519.1	27649	28446	+	blaOXA-10	oxacillin-hydrolyzing class D beta-lactamase OXA-10	core	AMR	AMR	BETA-LACTAM	CEPHALOSPORIN	ALLELEX	266	266	100.00	100.00	266	WP_000846390.1	oxacillin-hydrolyzing class D beta-lactamase OXA-10	NA	NA
GCF_008931505.1	NA	NZ_CP042519.1	28466	29254	+	aadA1	ANT(3'')-Ia family aminoglycoside nucleotidyltransferase AadA1	core	AMR	AMR	AMINOGLYCOSIDE	STREPTOMYCIN	EXACTX	263	263	100.00	100.00	263	WP_001206316.1	ANT(3'')-Ia family aminoglycoside nucleotidyltransferase AadA1	NA	NA
GCF_008931505.1	NA	NZ_CP042519.1	29746	30642	+	blaVEB-3	extended-spectrum class A beta-lactamase VEB-3	core	AMR	AMR	BETA-LACTAM	CEPHALOSPORIN	ALLELEX	299	299	100.00	100.00	299	WP_020956917.1	extended-spectrum class A beta-lactamase VEB-3	NA	NA
GCF_008931505.1	NA	NZ_CP042519.1	40305	40856	+	aac(6')-Ib-cr5	fluoroquinolone-acetylating aminoglycoside 6'-N-acetyltransferase AAC(6')-Ib-cr5	core	AMR	AMR	AMINOGLYCOSIDE/QUINOLONE	AMIKACIN/KANAMYCIN/QUINOLONE/TOBRAMYCIN	ALLELEX	184	184	100.00	100.00	184	WP_063840321.1	fluoroquinolone-acetylating aminoglycoside 6'-N-acetyltransferase AAC(6')-Ib-cr5	NA	NA
GCF_008931505.1	NA	NZ_CP042519.1	40990	41817	+	blaOXA-1	oxacillin-hydrolyzing class D beta-lactamase OXA-1	core	AMR	AMR	BETA-LACTAM	CEPHALOSPORIN	ALLELEX	276	276	100.00	100.00	276	WP_001334766.1	oxacillin-hydrolyzing class D beta-lactamase OXA-1	NA	NA
GCF_008931505.1	NA	NZ_CP042519.1	41958	42587	+	catB3	type B-3 chloramphenicol O-acetyltransferase CatB3	core	AMR	AMR	PHENICOL	CHLORAMPHENICOL	EXACTX	210	210	100.00	100.00	210	WP_000186237.1	type B-3 chloramphenicol O-acetyltransferase CatB3	NA	NA
GCF_008931505.1	NA	NZ_CP042519.1	42675	43124	+	arr-3	NAD(+)--rifampin ADP-ribosyltransferase Arr-3	core	AMR	AMR	RIFAMYCIN	RIFAMYCIN	EXACTX	150	150	100.00	100.00	150	WP_001749986.1	NAD(+)--rifampin ADP-ribosyltransferase Arr-3	NA	NA
GCF_008931505.1	NA	NZ_CP042519.1	43350	43694	+	qacEdelta1	quaternary ammonium compound efflux SMR transporter QacE delta 1	core	STRESS	BIOCIDE	QUATERNARY AMMONIUM	QUATERNARY AMMONIUM	ALLELEX	115	115	100.00	100.00	115	WP_000679427.1	quaternary ammonium compound efflux SMR transporter QacE delta 1	NA	NA
GCF_008931505.1	NA	NZ_CP042519.1	43691	44527	+	sul1	sulfonamide-resistant dihydropteroate synthase Sul1	core	AMR	AMR	SULFONAMIDE	SULFONAMIDE	EXACTX	279	279	100.00	100.00	279	WP_000259031.1	sulfonamide-resistant dihydropteroate synthase Sul1	NA	NA
GCF_008931505.1	NA	NZ_CP042519.1	48609	49844	-	mrx(A)	phosphorylated macrolide efflux MFS transporter Mrx(A)	core	AMR	AMR	MACROLIDE	AZITHROMYCIN/ERYTHROMYCIN/SPIRAMYCIN/TELITHROMYCIN	EXACTX	412	412	100.00	100.00	412	WP_000004159.1	phosphorylated macrolide efflux MFS transporter Mrx(A)	NA	NA
GCF_008931505.1	NA	NZ_CP042519.1	49844	50746	-	mph(A)	Mph(A) family macrolide 2'-phosphotransferase	core	AMR	AMR	MACROLIDE	AZITHROMYCIN/ERYTHROMYCIN/SPIRAMYCIN/TELITHROMYCIN	EXACTX	301	301	100.00	100.00	301	WP_000219391.1	Mph(A) family macrolide 2'-phosphotransferase	NA	NA
GCF_008931505.1	NA	NZ_CP042519.1	51805	52662	+	aac(3)-IId	aminoglycoside N-acetyltransferase AAC(3)-IId	core	AMR	AMR	AMINOGLYCOSIDE	GENTAMICIN	EXACTX	286	286	100.00	100.00	286	WP_000557454.1	aminoglycoside N-acetyltransferase AAC(3)-IId	NA	NA
GCF_008931625.1	NA	NZ_CP042524.1	4563145	4564287	+	blaCMY	CMY-2 family class C beta-lactamase	core	AMR	AMR	BETA-LACTAM	CEPHALOSPORIN	BLASTX	381	381	100.00	99.74	381	WP_044699195.1	class C beta-lactamase CMY-48	NA	NA
GCF_008931625.1	NA	NZ_CP042526.1	2937	3839	+	mph(A)	Mph(A) family macrolide 2'-phosphotransferase	core	AMR	AMR	MACROLIDE	AZITHROMYCIN/ERYTHROMYCIN/SPIRAMYCIN/TELITHROMYCIN	EXACTX	301	301	100.00	100.00	301	WP_000219391.1	Mph(A) family macrolide 2'-phosphotransferase	NA	NA
GCF_008931625.1	NA	NZ_CP042526.1	3839	5074	+	mrx(A)	phosphorylated macrolide efflux MFS transporter Mrx(A)	core	AMR	AMR	MACROLIDE	AZITHROMYCIN/ERYTHROMYCIN/SPIRAMYCIN/TELITHROMYCIN	EXACTX	412	412	100.00	100.00	412	WP_000004159.1	phosphorylated macrolide efflux MFS transporter Mrx(A)	NA	NA
GCF_008931625.1	NA	NZ_CP042526.1	10483	11319	-	sul1	sulfonamide-resistant dihydropteroate synthase Sul1	core	AMR	AMR	SULFONAMIDE	SULFONAMIDE	EXACTX	279	279	100.00	100.00	279	WP_000259031.1	sulfonamide-resistant dihydropteroate synthase Sul1	NA	NA
GCF_008931625.1	NA	NZ_CP042526.1	11316	11522	-	qacE	quaternary ammonium compound efflux SMR transporter QacE	core	STRESS	BIOCIDE	QUATERNARY AMMONIUM	QUATERNARY AMMONIUM	PARTIALX	69	115	60.00	98.55	69	WP_000679427.1	quaternary ammonium compound efflux SMR transporter QacE delta 1	NA	NA
GCF_008931625.1	NA	NZ_CP042526.1	11810	12451	+	qnrB2	quinolone resistance pentapeptide repeat protein QnrB2	core	AMR	AMR	QUINOLONE	QUINOLONE	ALLELEX	214	214	100.00	100.00	214	WP_012695489.1	quinolone resistance pentapeptide repeat protein QnrB2	NA	NA
GCF_008931625.1	NA	NZ_CP042526.1	16204	17040	-	sul1	sulfonamide-resistant dihydropteroate synthase Sul1	core	AMR	AMR	SULFONAMIDE	SULFONAMIDE	EXACTX	279	279	100.00	100.00	279	WP_000259031.1	sulfonamide-resistant dihydropteroate synthase Sul1	NA	NA
GCF_008931625.1	NA	NZ_CP042526.1	17037	17381	-	qacEdelta1	quaternary ammonium compound efflux SMR transporter QacE delta 1	core	STRESS	BIOCIDE	QUATERNARY AMMONIUM	QUATERNARY AMMONIUM	ALLELEX	115	115	100.00	100.00	115	WP_000679427.1	quaternary ammonium compound efflux SMR transporter QacE delta 1	NA	NA
GCF_008931625.1	NA	NZ_CP042526.1	17541	18170	-	catB3	type B-3 chloramphenicol O-acetyltransferase CatB3	core	AMR	AMR	PHENICOL	CHLORAMPHENICOL	EXACTX	210	210	100.00	100.00	210	WP_000186237.1	type B-3 chloramphenicol O-acetyltransferase CatB3	NA	NA
GCF_008931625.1	NA	NZ_CP042526.1	18268	18819	-	aac(6')-Ib4	aminoglycoside N-acetyltransferase AAC(6')-Ib4	core	AMR	AMR	AMINOGLYCOSIDE	GENTAMICIN	ALLELEX	184	184	100.00	100.00	184	WP_003159191.1	aminoglycoside N-acetyltransferase AAC(6')-Ib4	NA	NA
GCF_008931625.1	NA	NZ_CP042526.1	18949	19278	-	qacG2	quaternary ammonium compound efflux SMR transporter QacG2	core	STRESS	BIOCIDE	QUATERNARY AMMONIUM	QUATERNARY AMMONIUM	EXACTX	110	110	100.00	100.00	110	WP_015063357.1	quaternary ammonium compound efflux SMR transporter QacG2	NA	NA
GCF_008931625.1	NA	NZ_CP042526.1	19513	20250	-	blaIMP-4	subclass B1 metallo-beta-lactamase IMP-4	core	AMR	AMR	BETA-LACTAM	CARBAPENEM	ALLELEX	246	246	100.00	100.00	246	WP_015060105.1	subclass B1 metallo-beta-lactamase IMP-4	NA	NA
GCF_008931625.1	NA	NZ_CP042526.1	22628	23485	+	aac(3)-IId	aminoglycoside N-acetyltransferase AAC(3)-IId	core	AMR	AMR	AMINOGLYCOSIDE	GENTAMICIN	EXACTX	286	286	100.00	100.00	286	WP_000557454.1	aminoglycoside N-acetyltransferase AAC(3)-IId	NA	NA
GCF_008931625.1	NA	NZ_CP042526.1	28460	29317	+	blaTEM-1	broad-spectrum class A beta-lactamase TEM-1	core	AMR	AMR	BETA-LACTAM	BETA-LACTAM	ALLELEX	286	286	100.00	100.00	286	WP_000027057.1	broad-spectrum class A beta-lactamase TEM-1	NA	NA
GCF_008931685.1	NA	NZ_CP042534.1	4577631	4578773	+	blaCMY	CMY-2 family class C beta-lactamase	core	AMR	AMR	BETA-LACTAM	CEPHALOSPORIN	BLASTX	381	381	100.00	99.74	381	WP_044699195.1	class C beta-lactamase CMY-48	NA	NA
GCF_008931685.1	NA	NZ_CP042537.1	4256	4993	+	blaIMP-4	subclass B1 metallo-beta-lactamase IMP-4	core	AMR	AMR	BETA-LACTAM	CARBAPENEM	ALLELEX	246	246	100.00	100.00	246	WP_015060105.1	subclass B1 metallo-beta-lactamase IMP-4	NA	NA
GCF_008931685.1	NA	NZ_CP042537.1	5228	5557	+	qacG2	quaternary ammonium compound efflux SMR transporter QacG2	core	STRESS	BIOCIDE	QUATERNARY AMMONIUM	QUATERNARY AMMONIUM	EXACTX	110	110	100.00	100.00	110	WP_015063357.1	quaternary ammonium compound efflux SMR transporter QacG2	NA	NA
GCF_008931685.1	NA	NZ_CP042537.1	5687	6238	+	aac(6')-Ib4	aminoglycoside N-acetyltransferase AAC(6')-Ib4	core	AMR	AMR	AMINOGLYCOSIDE	GENTAMICIN	ALLELEX	184	184	100.00	100.00	184	WP_003159191.1	aminoglycoside N-acetyltransferase AAC(6')-Ib4	NA	NA
GCF_008931685.1	NA	NZ_CP042537.1	6336	6965	+	catB3	type B-3 chloramphenicol O-acetyltransferase CatB3	core	AMR	AMR	PHENICOL	CHLORAMPHENICOL	EXACTX	210	210	100.00	100.00	210	WP_000186237.1	type B-3 chloramphenicol O-acetyltransferase CatB3	NA	NA
GCF_008931685.1	NA	NZ_CP042537.1	7125	7469	+	qacEdelta1	quaternary ammonium compound efflux SMR transporter QacE delta 1	core	STRESS	BIOCIDE	QUATERNARY AMMONIUM	QUATERNARY AMMONIUM	ALLELEX	115	115	100.00	100.00	115	WP_000679427.1	quaternary ammonium compound efflux SMR transporter QacE delta 1	NA	NA
GCF_008931685.1	NA	NZ_CP042537.1	7466	8302	+	sul1	sulfonamide-resistant dihydropteroate synthase Sul1	core	AMR	AMR	SULFONAMIDE	SULFONAMIDE	EXACTX	279	279	100.00	100.00	279	WP_000259031.1	sulfonamide-resistant dihydropteroate synthase Sul1	NA	NA
GCF_008931685.1	NA	NZ_CP042537.1	12055	12696	-	qnrB2	quinolone resistance pentapeptide repeat protein QnrB2	core	AMR	AMR	QUINOLONE	QUINOLONE	ALLELEX	214	214	100.00	100.00	214	WP_012695489.1	quinolone resistance pentapeptide repeat protein QnrB2	NA	NA
GCF_008931685.1	NA	NZ_CP042537.1	12984	13190	+	qacE	quaternary ammonium compound efflux SMR transporter QacE	core	STRESS	BIOCIDE	QUATERNARY AMMONIUM	QUATERNARY AMMONIUM	PARTIALX	69	115	60.00	98.55	69	WP_000679427.1	quaternary ammonium compound efflux SMR transporter QacE delta 1	NA	NA
GCF_008931685.1	NA	NZ_CP042537.1	13187	14023	+	sul1	sulfonamide-resistant dihydropteroate synthase Sul1	core	AMR	AMR	SULFONAMIDE	SULFONAMIDE	EXACTX	279	279	100.00	100.00	279	WP_000259031.1	sulfonamide-resistant dihydropteroate synthase Sul1	NA	NA
GCF_008931685.1	NA	NZ_CP042537.1	19432	20667	-	mrx(A)	phosphorylated macrolide efflux MFS transporter Mrx(A)	core	AMR	AMR	MACROLIDE	AZITHROMYCIN/ERYTHROMYCIN/SPIRAMYCIN/TELITHROMYCIN	EXACTX	412	412	100.00	100.00	412	WP_000004159.1	phosphorylated macrolide efflux MFS transporter Mrx(A)	NA	NA
GCF_008931685.1	NA	NZ_CP042537.1	20667	21569	-	mph(A)	Mph(A) family macrolide 2'-phosphotransferase	core	AMR	AMR	MACROLIDE	AZITHROMYCIN/ERYTHROMYCIN/SPIRAMYCIN/TELITHROMYCIN	EXACTX	301	301	100.00	100.00	301	WP_000219391.1	Mph(A) family macrolide 2'-phosphotransferase	NA	NA
GCF_008931685.1	NA	NZ_CP042537.1	22628	23485	+	aac(3)-IId	aminoglycoside N-acetyltransferase AAC(3)-IId	core	AMR	AMR	AMINOGLYCOSIDE	GENTAMICIN	EXACTX	286	286	100.00	100.00	286	WP_000557454.1	aminoglycoside N-acetyltransferase AAC(3)-IId	NA	NA
GCF_008931685.1	NA	NZ_CP042537.1	28460	29317	+	blaTEM-1	broad-spectrum class A beta-lactamase TEM-1	core	AMR	AMR	BETA-LACTAM	BETA-LACTAM	ALLELEX	286	286	100.00	100.00	286	WP_000027057.1	broad-spectrum class A beta-lactamase TEM-1	NA	NA
GCF_009664025.1	NA	NZ_CP038653.1	760466	761107	+	qnrB38	quinolone resistance pentapeptide repeat protein QnrB38	core	AMR	AMR	QUINOLONE	QUINOLONE	ALLELEX	214	214	100.00	100.00	214	WP_003020537.1	quinolone resistance pentapeptide repeat protein QnrB38	NA	NA
GCF_009664025.1	NA	NZ_CP038653.1	1579570	1580364	-	blaOXA-48	OXA-48 family carbapenem-hydrolyzing class D beta-lactamase OXA-48	core	AMR	AMR	BETA-LACTAM	CARBAPENEM	ALLELEX	265	265	100.00	100.00	265	WP_015059991.1	OXA-48 family carbapenem-hydrolyzing class D beta-lactamase OXA-48	NA	NA
GCF_009664025.1	NA	NZ_CP038653.1	2939078	2940220	+	blaCMY-65	class C beta-lactamase CMY-65	core	AMR	AMR	BETA-LACTAM	CEPHALOSPORIN	ALLELEX	381	381	100.00	100.00	381	WP_008321445.1	class C beta-lactamase CMY-65	NA	NA
GCF_009664025.1	NA	NZ_CP038653.1	4260287	4261099	-	aph(3')-Ia	aminoglycoside O-phosphotransferase APH(3')-Ia	core	AMR	AMR	AMINOGLYCOSIDE	KANAMYCIN	EXACTX	271	271	100.00	100.00	271	WP_000018329.1	aminoglycoside O-phosphotransferase APH(3')-Ia	NA	NA
GCF_009664025.1	NA	NZ_CP038653.1	4262018	4262851	-	aph(6)-Id	aminoglycoside O-phosphotransferase APH(6)-Id	core	AMR	AMR	AMINOGLYCOSIDE	STREPTOMYCIN	EXACTX	278	278	100.00	100.00	278	WP_000480968.1	aminoglycoside O-phosphotransferase APH(6)-Id	NA	NA
GCF_009664025.1	NA	NZ_CP038653.1	4262854	4263654	-	aph(3'')-Ib	aminoglycoside O-phosphotransferase APH(3'')-Ib	core	AMR	AMR	AMINOGLYCOSIDE	STREPTOMYCIN	EXACTX	267	267	100.00	100.00	267	WP_001082319.1	aminoglycoside O-phosphotransferase APH(3'')-Ib	NA	NA
GCF_009664025.1	NA	NZ_CP038653.1	4263718	4264530	-	sul2	sulfonamide-resistant dihydropteroate synthase Sul2	core	AMR	AMR	SULFONAMIDE	SULFONAMIDE	EXACTX	271	271	100.00	100.00	271	WP_001043265.1	sulfonamide-resistant dihydropteroate synthase Sul2	NA	NA
GCF_009664025.1	NA	NZ_CP038653.1	4267382	4268239	+	aac(3)-IId	aminoglycoside N-acetyltransferase AAC(3)-IId	core	AMR	AMR	AMINOGLYCOSIDE	GENTAMICIN	EXACTX	286	286	100.00	100.00	286	WP_000557454.1	aminoglycoside N-acetyltransferase AAC(3)-IId	NA	NA
GCF_009664025.1	NA	NZ_CP038653.1	4273214	4274071	+	blaTEM-1	broad-spectrum class A beta-lactamase TEM-1	core	AMR	AMR	BETA-LACTAM	BETA-LACTAM	ALLELEX	286	286	100.00	100.00	286	WP_000027057.1	broad-spectrum class A beta-lactamase TEM-1	NA	NA
GCF_009664025.1	NA	NZ_CP038653.1	4278745	4279194	-	catA1	type A-1 chloramphenicol O-acetyltransferase	core	AMR	AMR	PHENICOL	CHLORAMPHENICOL	PARTIALX	150	219	68.49	100.00	150	WP_000412211.1	type A-1 chloramphenicol O-acetyltransferase	NA	NA
GCF_009664025.1	NA	NZ_CP038653.1	5133548	5136181	+	gyrA_T83I	Citrobacter freundii quinolone resistant GyrA	core	AMR	POINT	QUINOLONE	QUINOLONE	POINTX	878	878	100.00	99.89	878	WP_003027598.1	DNA gyrase subunit A GyrA	NA	NA
GCF_009664025.1	NA	NZ_CP038654.1	28	864	-	sul1	sulfonamide-resistant dihydropteroate synthase Sul1	core	AMR	AMR	SULFONAMIDE	SULFONAMIDE	EXACTX	279	279	100.00	100.00	279	WP_000259031.1	sulfonamide-resistant dihydropteroate synthase Sul1	NA	NA
GCF_009664025.1	NA	NZ_CP038654.1	861	1205	-	qacEdelta1	quaternary ammonium compound efflux SMR transporter QacE delta 1	core	STRESS	BIOCIDE	QUATERNARY AMMONIUM	QUATERNARY AMMONIUM	ALLELEX	115	115	100.00	100.00	115	WP_000679427.1	quaternary ammonium compound efflux SMR transporter QacE delta 1	NA	NA
GCF_009664025.1	NA	NZ_CP038654.1	1332	2120	-	aadA1	ANT(3'')-Ia family aminoglycoside nucleotidyltransferase AadA1	core	AMR	AMR	AMINOGLYCOSIDE	STREPTOMYCIN	EXACTX	263	263	100.00	100.00	263	WP_001206317.1	ANT(3'')-Ia family aminoglycoside nucleotidyltransferase AadA1	NA	NA
GCF_009664025.1	NA	NZ_CP038654.1	2193	2744	-	aac(6')-Ib-cr5	fluoroquinolone-acetylating aminoglycoside 6'-N-acetyltransferase AAC(6')-Ib-cr5	core	AMR	AMR	AMINOGLYCOSIDE/QUINOLONE	AMIKACIN/KANAMYCIN/QUINOLONE/TOBRAMYCIN	ALLELEX	184	184	100.00	100.00	184	WP_063840321.1	fluoroquinolone-acetylating aminoglycoside 6'-N-acetyltransferase AAC(6')-Ib-cr5	NA	NA
GCF_009664025.1	NA	NZ_CP038654.1	2855	3652	-	blaVIM-1	subclass B1 metallo-beta-lactamase VIM-1	core	AMR	AMR	BETA-LACTAM	CARBAPENEM	ALLELEX	266	266	100.00	100.00	266	WP_013263789.1	subclass B1 metallo-beta-lactamase VIM-1	NA	NA
GCF_009664025.1	NA	NZ_CP038654.1	236466	237338	-	blaCTX-M-9	extended-spectrum class A beta-lactamase CTX-M-9	core	AMR	AMR	BETA-LACTAM	CEPHALOSPORIN	ALLELEX	291	291	100.00	100.00	291	WP_032489926.1	extended-spectrum class A beta-lactamase CTX-M-9	NA	NA
GCF_009664025.1	NA	NZ_CP038654.1	239614	240450	-	sul1	sulfonamide-resistant dihydropteroate synthase Sul1	core	AMR	AMR	SULFONAMIDE	SULFONAMIDE	EXACTX	279	279	100.00	100.00	279	WP_000259031.1	sulfonamide-resistant dihydropteroate synthase Sul1	NA	NA
GCF_009664025.1	NA	NZ_CP038654.1	240447	240791	-	qacEdelta1	quaternary ammonium compound efflux SMR transporter QacE delta 1	core	STRESS	BIOCIDE	QUATERNARY AMMONIUM	QUATERNARY AMMONIUM	ALLELEX	115	115	100.00	100.00	115	WP_000679427.1	quaternary ammonium compound efflux SMR transporter QacE delta 1	NA	NA
GCF_009664025.1	NA	NZ_CP038654.1	240958	241746	-	aadA2	ANT(3'')-Ia family aminoglycoside nucleotidyltransferase AadA2	core	AMR	AMR	AMINOGLYCOSIDE	STREPTOMYCIN	EXACTX	263	263	100.00	100.00	263	WP_001261740.1	ANT(3'')-Ia family aminoglycoside nucleotidyltransferase AadA2	NA	NA
GCF_009664025.1	NA	NZ_CP038654.1	241854	242324	-	dfrA16	trimethoprim-resistant dihydrofolate reductase DfrA16	core	AMR	AMR	TRIMETHOPRIM	TRIMETHOPRIM	EXACTX	157	157	100.00	100.00	157	WP_032490158.1	trimethoprim-resistant dihydrofolate reductase DfrA16	NA	NA
GCF_009664025.1	NA	NZ_CP038654.1	244214	244870	-	catA1	type A-1 chloramphenicol O-acetyltransferase	core	AMR	AMR	PHENICOL	CHLORAMPHENICOL	EXACTX	219	219	100.00	100.00	219	WP_011152976.1	type A-1 chloramphenicol O-acetyltransferase	NA	NA
GCF_009664025.1	NA	NZ_CP038654.1	250692	251549	-	blaSHV-12	extended-spectrum class A beta-lactamase SHV-12	core	AMR	AMR	BETA-LACTAM	CEFIDEROCOL/CEPHALOSPORIN	ALLELEX	286	286	100.00	100.00	286	WP_002904004.1	extended-spectrum class A beta-lactamase SHV-12	NA	NA
GCF_009664025.1	NA	NZ_CP038654.1	254494	255147	+	qnrA1	quinolone resistance pentapeptide repeat protein QnrA1	core	AMR	AMR	QUINOLONE	QUINOLONE	ALLELEX	218	218	100.00	100.00	218	WP_012579084.1	quinolone resistance pentapeptide repeat protein QnrA1	NA	NA
GCF_009664025.1	NA	NZ_CP038654.1	256521	256805	+	qacE	quaternary ammonium compound efflux SMR transporter QacE	core	STRESS	BIOCIDE	QUATERNARY AMMONIUM	QUATERNARY AMMONIUM	PARTIALX	95	115	82.61	95.79	95	WP_000679427.1	quaternary ammonium compound efflux SMR transporter QacE delta 1	NA	NA
GCF_009664025.1	NA	NZ_CP038654.1	256802	257638	+	sul1	sulfonamide-resistant dihydropteroate synthase Sul1	core	AMR	AMR	SULFONAMIDE	SULFONAMIDE	EXACTX	279	279	100.00	100.00	279	WP_000259031.1	sulfonamide-resistant dihydropteroate synthase Sul1	NA	NA
GCF_009664025.1	NA	NZ_CP038654.1	273307	274143	-	sul1	sulfonamide-resistant dihydropteroate synthase Sul1	core	AMR	AMR	SULFONAMIDE	SULFONAMIDE	EXACTX	279	279	100.00	100.00	279	WP_000259031.1	sulfonamide-resistant dihydropteroate synthase Sul1	NA	NA
GCF_009664025.1	NA	NZ_CP038654.1	274140	274484	-	qacEdelta1	quaternary ammonium compound efflux SMR transporter QacE delta 1	core	STRESS	BIOCIDE	QUATERNARY AMMONIUM	QUATERNARY AMMONIUM	ALLELEX	115	115	100.00	100.00	115	WP_000679427.1	quaternary ammonium compound efflux SMR transporter QacE delta 1	NA	NA
GCF_009664025.1	NA	NZ_CP038654.1	274651	275439	-	aadA2	ANT(3'')-Ia family aminoglycoside nucleotidyltransferase AadA2	core	AMR	AMR	AMINOGLYCOSIDE	STREPTOMYCIN	EXACTX	263	263	100.00	100.00	263	WP_001261740.1	ANT(3'')-Ia family aminoglycoside nucleotidyltransferase AadA2	NA	NA
GCF_009664025.1	NA	NZ_CP038654.1	275500	276030	-	ant(2'')-Ia	aminoglycoside nucleotidyltransferase ANT(2'')-Ia	core	AMR	AMR	AMINOGLYCOSIDE	GENTAMICIN/KANAMYCIN/TOBRAMYCIN	EXACTX	177	177	100.00	100.00	177	WP_000381802.1	aminoglycoside nucleotidyltransferase ANT(2'')-Ia	NA	NA
GCF_009664045.1	NA	NZ_CP038656.1	530880	532022	+	blaCMY-65	class C beta-lactamase CMY-65	core	AMR	AMR	BETA-LACTAM	CEPHALOSPORIN	ALLELEX	381	381	100.00	100.00	381	WP_008321445.1	class C beta-lactamase CMY-65	NA	NA
GCF_009664045.1	NA	NZ_CP038656.1	1849461	1850273	-	aph(3')-Ia	aminoglycoside O-phosphotransferase APH(3')-Ia	core	AMR	AMR	AMINOGLYCOSIDE	KANAMYCIN	EXACTX	271	271	100.00	100.00	271	WP_000018329.1	aminoglycoside O-phosphotransferase APH(3')-Ia	NA	NA
GCF_009664045.1	NA	NZ_CP038656.1	1851192	1852025	-	aph(6)-Id	aminoglycoside O-phosphotransferase APH(6)-Id	core	AMR	AMR	AMINOGLYCOSIDE	STREPTOMYCIN	EXACTX	278	278	100.00	100.00	278	WP_000480968.1	aminoglycoside O-phosphotransferase APH(6)-Id	NA	NA
GCF_009664045.1	NA	NZ_CP038656.1	1852028	1852828	-	aph(3'')-Ib	aminoglycoside O-phosphotransferase APH(3'')-Ib	core	AMR	AMR	AMINOGLYCOSIDE	STREPTOMYCIN	EXACTX	267	267	100.00	100.00	267	WP_001082319.1	aminoglycoside O-phosphotransferase APH(3'')-Ib	NA	NA
GCF_009664045.1	NA	NZ_CP038656.1	1852892	1853704	-	sul2	sulfonamide-resistant dihydropteroate synthase Sul2	core	AMR	AMR	SULFONAMIDE	SULFONAMIDE	EXACTX	271	271	100.00	100.00	271	WP_001043265.1	sulfonamide-resistant dihydropteroate synthase Sul2	NA	NA
GCF_009664045.1	NA	NZ_CP038656.1	1856556	1857413	+	aac(3)-IId	aminoglycoside N-acetyltransferase AAC(3)-IId	core	AMR	AMR	AMINOGLYCOSIDE	GENTAMICIN	EXACTX	286	286	100.00	100.00	286	WP_000557454.1	aminoglycoside N-acetyltransferase AAC(3)-IId	NA	NA
GCF_009664045.1	NA	NZ_CP038656.1	1862388	1863245	+	blaTEM-1	broad-spectrum class A beta-lactamase TEM-1	core	AMR	AMR	BETA-LACTAM	BETA-LACTAM	ALLELEX	286	286	100.00	100.00	286	WP_000027057.1	broad-spectrum class A beta-lactamase TEM-1	NA	NA
GCF_009664045.1	NA	NZ_CP038656.1	1867919	1868368	-	catA1	type A-1 chloramphenicol O-acetyltransferase	core	AMR	AMR	PHENICOL	CHLORAMPHENICOL	PARTIALX	150	219	68.49	100.00	150	WP_000412211.1	type A-1 chloramphenicol O-acetyltransferase	NA	NA
GCF_009664045.1	NA	NZ_CP038656.1	2723942	2726575	+	gyrA_T83I	Citrobacter freundii quinolone resistant GyrA	core	AMR	POINT	QUINOLONE	QUINOLONE	POINTX	878	878	100.00	99.89	878	WP_003027598.1	DNA gyrase subunit A GyrA	NA	NA
GCF_009664045.1	NA	NZ_CP038656.1	3530427	3531068	-	qnrB38	quinolone resistance pentapeptide repeat protein QnrB38	core	AMR	AMR	QUINOLONE	QUINOLONE	ALLELEX	214	214	100.00	100.00	214	WP_003020537.1	quinolone resistance pentapeptide repeat protein QnrB38	NA	NA
GCF_009664045.1	NA	NZ_CP038656.1	4379121	4379915	-	blaOXA-48	OXA-48 family carbapenem-hydrolyzing class D beta-lactamase OXA-48	core	AMR	AMR	BETA-LACTAM	CARBAPENEM	ALLELEX	265	265	100.00	100.00	265	WP_015059991.1	OXA-48 family carbapenem-hydrolyzing class D beta-lactamase OXA-48	NA	NA
GCF_009664045.1	NA	NZ_CP038657.1	2145	2981	-	sul1	sulfonamide-resistant dihydropteroate synthase Sul1	core	AMR	AMR	SULFONAMIDE	SULFONAMIDE	EXACTX	279	279	100.00	100.00	279	WP_000259031.1	sulfonamide-resistant dihydropteroate synthase Sul1	NA	NA
GCF_009664045.1	NA	NZ_CP038657.1	2978	3322	-	qacEdelta1	quaternary ammonium compound efflux SMR transporter QacE delta 1	core	STRESS	BIOCIDE	QUATERNARY AMMONIUM	QUATERNARY AMMONIUM	ALLELEX	115	115	100.00	100.00	115	WP_000679427.1	quaternary ammonium compound efflux SMR transporter QacE delta 1	NA	NA
GCF_009664045.1	NA	NZ_CP038657.1	3449	4237	-	aadA1	ANT(3'')-Ia family aminoglycoside nucleotidyltransferase AadA1	core	AMR	AMR	AMINOGLYCOSIDE	STREPTOMYCIN	EXACTX	263	263	100.00	100.00	263	WP_001206317.1	ANT(3'')-Ia family aminoglycoside nucleotidyltransferase AadA1	NA	NA
GCF_009664045.1	NA	NZ_CP038657.1	4310	4861	-	aac(6')-Ib-cr5	fluoroquinolone-acetylating aminoglycoside 6'-N-acetyltransferase AAC(6')-Ib-cr5	core	AMR	AMR	AMINOGLYCOSIDE/QUINOLONE	AMIKACIN/KANAMYCIN/QUINOLONE/TOBRAMYCIN	ALLELEX	184	184	100.00	100.00	184	WP_063840321.1	fluoroquinolone-acetylating aminoglycoside 6'-N-acetyltransferase AAC(6')-Ib-cr5	NA	NA
GCF_009664045.1	NA	NZ_CP038657.1	4972	5769	-	blaVIM-1	subclass B1 metallo-beta-lactamase VIM-1	core	AMR	AMR	BETA-LACTAM	CARBAPENEM	ALLELEX	266	266	100.00	100.00	266	WP_013263789.1	subclass B1 metallo-beta-lactamase VIM-1	NA	NA
GCF_009664045.1	NA	NZ_CP038657.1	241028	241900	-	blaCTX-M-9	extended-spectrum class A beta-lactamase CTX-M-9	core	AMR	AMR	BETA-LACTAM	CEPHALOSPORIN	ALLELEX	291	291	100.00	100.00	291	WP_032489926.1	extended-spectrum class A beta-lactamase CTX-M-9	NA	NA
GCF_009664045.1	NA	NZ_CP038657.1	244176	245012	-	sul1	sulfonamide-resistant dihydropteroate synthase Sul1	core	AMR	AMR	SULFONAMIDE	SULFONAMIDE	EXACTX	279	279	100.00	100.00	279	WP_000259031.1	sulfonamide-resistant dihydropteroate synthase Sul1	NA	NA
GCF_009664045.1	NA	NZ_CP038657.1	245009	245353	-	qacEdelta1	quaternary ammonium compound efflux SMR transporter QacE delta 1	core	STRESS	BIOCIDE	QUATERNARY AMMONIUM	QUATERNARY AMMONIUM	ALLELEX	115	115	100.00	100.00	115	WP_000679427.1	quaternary ammonium compound efflux SMR transporter QacE delta 1	NA	NA
GCF_009664045.1	NA	NZ_CP038657.1	245520	246308	-	aadA2	ANT(3'')-Ia family aminoglycoside nucleotidyltransferase AadA2	core	AMR	AMR	AMINOGLYCOSIDE	STREPTOMYCIN	EXACTX	263	263	100.00	100.00	263	WP_001261740.1	ANT(3'')-Ia family aminoglycoside nucleotidyltransferase AadA2	NA	NA
GCF_009664045.1	NA	NZ_CP038657.1	246416	246886	-	dfrA16	trimethoprim-resistant dihydrofolate reductase DfrA16	core	AMR	AMR	TRIMETHOPRIM	TRIMETHOPRIM	EXACTX	157	157	100.00	100.00	157	WP_032490158.1	trimethoprim-resistant dihydrofolate reductase DfrA16	NA	NA
GCF_009664045.1	NA	NZ_CP038657.1	248776	249432	-	catA1	type A-1 chloramphenicol O-acetyltransferase	core	AMR	AMR	PHENICOL	CHLORAMPHENICOL	EXACTX	219	219	100.00	100.00	219	WP_011152976.1	type A-1 chloramphenicol O-acetyltransferase	NA	NA
GCF_009664045.1	NA	NZ_CP038657.1	255254	256111	-	blaSHV-12	extended-spectrum class A beta-lactamase SHV-12	core	AMR	AMR	BETA-LACTAM	CEFIDEROCOL/CEPHALOSPORIN	ALLELEX	286	286	100.00	100.00	286	WP_002904004.1	extended-spectrum class A beta-lactamase SHV-12	NA	NA
GCF_009664045.1	NA	NZ_CP038657.1	259056	259709	+	qnrA1	quinolone resistance pentapeptide repeat protein QnrA1	core	AMR	AMR	QUINOLONE	QUINOLONE	ALLELEX	218	218	100.00	100.00	218	WP_012579084.1	quinolone resistance pentapeptide repeat protein QnrA1	NA	NA
GCF_009664045.1	NA	NZ_CP038657.1	261083	261367	+	qacE	quaternary ammonium compound efflux SMR transporter QacE	core	STRESS	BIOCIDE	QUATERNARY AMMONIUM	QUATERNARY AMMONIUM	PARTIALX	95	115	82.61	95.79	95	WP_000679427.1	quaternary ammonium compound efflux SMR transporter QacE delta 1	NA	NA
GCF_009664045.1	NA	NZ_CP038657.1	261364	262200	+	sul1	sulfonamide-resistant dihydropteroate synthase Sul1	core	AMR	AMR	SULFONAMIDE	SULFONAMIDE	EXACTX	279	279	100.00	100.00	279	WP_000259031.1	sulfonamide-resistant dihydropteroate synthase Sul1	NA	NA
GCF_009664065.1	NA	NZ_CP038658.1	1057399	1058211	-	aph(3')-Ia	aminoglycoside O-phosphotransferase APH(3')-Ia	core	AMR	AMR	AMINOGLYCOSIDE	KANAMYCIN	EXACTX	271	271	100.00	100.00	271	WP_000018329.1	aminoglycoside O-phosphotransferase APH(3')-Ia	NA	NA
GCF_009664065.1	NA	NZ_CP038658.1	1059130	1059963	-	aph(6)-Id	aminoglycoside O-phosphotransferase APH(6)-Id	core	AMR	AMR	AMINOGLYCOSIDE	STREPTOMYCIN	EXACTX	278	278	100.00	100.00	278	WP_000480968.1	aminoglycoside O-phosphotransferase APH(6)-Id	NA	NA
GCF_009664065.1	NA	NZ_CP038658.1	1059966	1060766	-	aph(3'')-Ib	aminoglycoside O-phosphotransferase APH(3'')-Ib	core	AMR	AMR	AMINOGLYCOSIDE	STREPTOMYCIN	EXACTX	267	267	100.00	100.00	267	WP_001082319.1	aminoglycoside O-phosphotransferase APH(3'')-Ib	NA	NA
GCF_009664065.1	NA	NZ_CP038658.1	1060830	1061642	-	sul2	sulfonamide-resistant dihydropteroate synthase Sul2	core	AMR	AMR	SULFONAMIDE	SULFONAMIDE	EXACTX	271	271	100.00	100.00	271	WP_001043265.1	sulfonamide-resistant dihydropteroate synthase Sul2	NA	NA
GCF_009664065.1	NA	NZ_CP038658.1	1064494	1065351	+	aac(3)-IId	aminoglycoside N-acetyltransferase AAC(3)-IId	core	AMR	AMR	AMINOGLYCOSIDE	GENTAMICIN	EXACTX	286	286	100.00	100.00	286	WP_000557454.1	aminoglycoside N-acetyltransferase AAC(3)-IId	NA	NA
GCF_009664065.1	NA	NZ_CP038658.1	1070326	1071183	+	blaTEM-1	broad-spectrum class A beta-lactamase TEM-1	core	AMR	AMR	BETA-LACTAM	BETA-LACTAM	ALLELEX	286	286	100.00	100.00	286	WP_000027057.1	broad-spectrum class A beta-lactamase TEM-1	NA	NA
GCF_009664065.1	NA	NZ_CP038658.1	1075857	1076306	-	catA1	type A-1 chloramphenicol O-acetyltransferase	core	AMR	AMR	PHENICOL	CHLORAMPHENICOL	PARTIALX	150	219	68.49	100.00	150	WP_000412211.1	type A-1 chloramphenicol O-acetyltransferase	NA	NA
GCF_009664065.1	NA	NZ_CP038658.1	1935917	1938550	+	gyrA_T83I	Citrobacter freundii quinolone resistant GyrA	core	AMR	POINT	QUINOLONE	QUINOLONE	POINTX	878	878	100.00	99.89	878	WP_003027598.1	DNA gyrase subunit A GyrA	NA	NA
GCF_009664065.1	NA	NZ_CP038658.1	2740227	2740868	-	qnrB38	quinolone resistance pentapeptide repeat protein QnrB38	core	AMR	AMR	QUINOLONE	QUINOLONE	ALLELEX	214	214	100.00	100.00	214	WP_003020537.1	quinolone resistance pentapeptide repeat protein QnrB38	NA	NA
GCF_009664065.1	NA	NZ_CP038658.1	4118707	4119849	+	blaCMY-65	class C beta-lactamase CMY-65	core	AMR	AMR	BETA-LACTAM	CEPHALOSPORIN	ALLELEX	381	381	100.00	100.00	381	WP_008321445.1	class C beta-lactamase CMY-65	NA	NA
GCF_009664065.1	NA	NZ_CP038658.1	4328501	4329295	-	blaOXA-48	OXA-48 family carbapenem-hydrolyzing class D beta-lactamase OXA-48	core	AMR	AMR	BETA-LACTAM	CARBAPENEM	ALLELEX	265	265	100.00	100.00	265	WP_015059991.1	OXA-48 family carbapenem-hydrolyzing class D beta-lactamase OXA-48	NA	NA
GCF_009664065.1	NA	NZ_CP038659.1	55922	56779	-	blaTEM-1	broad-spectrum class A beta-lactamase TEM-1	core	AMR	AMR	BETA-LACTAM	BETA-LACTAM	ALLELEX	286	286	100.00	100.00	286	WP_000027057.1	broad-spectrum class A beta-lactamase TEM-1	NA	NA
GCF_009664065.1	NA	NZ_CP038659.1	57482	58303	-	blaOXA-9	oxacillin-hydrolyzing class D beta-lactamase OXA-9	core	AMR	AMR	BETA-LACTAM	BETA-LACTAM	ALLELEX	274	274	100.00	100.00	274	WP_000722315.1	oxacillin-hydrolyzing class D beta-lactamase OXA-9	NA	NA
GCF_009664065.1	NA	NZ_CP038659.1	58366	59151	-	aadA1	ANT(3'')-Ia family aminoglycoside nucleotidyltransferase AadA1	core	AMR	AMR	AMINOGLYCOSIDE	STREPTOMYCIN	EXACTX	262	262	100.00	100.00	262	WP_001206315.1	ANT(3'')-Ia family aminoglycoside nucleotidyltransferase AadA1	NA	NA
GCF_009664065.1	NA	NZ_CP038659.1	59224	59775	-	aac(6')-Ib-cr5	fluoroquinolone-acetylating aminoglycoside 6'-N-acetyltransferase AAC(6')-Ib-cr5	core	AMR	AMR	AMINOGLYCOSIDE/QUINOLONE	AMIKACIN/KANAMYCIN/QUINOLONE/TOBRAMYCIN	ALLELEX	184	184	100.00	100.00	184	WP_063840321.1	fluoroquinolone-acetylating aminoglycoside 6'-N-acetyltransferase AAC(6')-Ib-cr5	NA	NA
GCF_009664065.1	NA	NZ_CP038659.1	78066	78923	+	blaSHV-12	extended-spectrum class A beta-lactamase SHV-12	core	AMR	AMR	BETA-LACTAM	CEFIDEROCOL/CEPHALOSPORIN	ALLELEX	286	286	100.00	100.00	286	WP_002904004.1	extended-spectrum class A beta-lactamase SHV-12	NA	NA
GCF_009664065.1	NA	NZ_CP038659.1	84745	85401	+	catA1	type A-1 chloramphenicol O-acetyltransferase	core	AMR	AMR	PHENICOL	CHLORAMPHENICOL	EXACTX	219	219	100.00	100.00	219	WP_011152976.1	type A-1 chloramphenicol O-acetyltransferase	NA	NA
GCF_009664065.1	NA	NZ_CP038659.1	87291	87761	+	dfrA16	trimethoprim-resistant dihydrofolate reductase DfrA16	core	AMR	AMR	TRIMETHOPRIM	TRIMETHOPRIM	EXACTX	157	157	100.00	100.00	157	WP_032490158.1	trimethoprim-resistant dihydrofolate reductase DfrA16	NA	NA
GCF_009664065.1	NA	NZ_CP038659.1	87869	88657	+	aadA2	ANT(3'')-Ia family aminoglycoside nucleotidyltransferase AadA2	core	AMR	AMR	AMINOGLYCOSIDE	STREPTOMYCIN	EXACTX	263	263	100.00	100.00	263	WP_001261740.1	ANT(3'')-Ia family aminoglycoside nucleotidyltransferase AadA2	NA	NA
GCF_009664065.1	NA	NZ_CP038659.1	88824	89168	+	qacEdelta1	quaternary ammonium compound efflux SMR transporter QacE delta 1	core	STRESS	BIOCIDE	QUATERNARY AMMONIUM	QUATERNARY AMMONIUM	ALLELEX	115	115	100.00	100.00	115	WP_000679427.1	quaternary ammonium compound efflux SMR transporter QacE delta 1	NA	NA
GCF_009664065.1	NA	NZ_CP038659.1	89165	90001	+	sul1	sulfonamide-resistant dihydropteroate synthase Sul1	core	AMR	AMR	SULFONAMIDE	SULFONAMIDE	EXACTX	279	279	100.00	100.00	279	WP_000259031.1	sulfonamide-resistant dihydropteroate synthase Sul1	NA	NA
GCF_009664065.1	NA	NZ_CP038659.1	92277	93149	+	blaCTX-M-9	extended-spectrum class A beta-lactamase CTX-M-9	core	AMR	AMR	BETA-LACTAM	CEPHALOSPORIN	ALLELEX	291	291	100.00	100.00	291	WP_032489926.1	extended-spectrum class A beta-lactamase CTX-M-9	NA	NA
GCF_009664065.1	NA	NZ_CP038659.1	315357	316154	+	blaVIM-1	subclass B1 metallo-beta-lactamase VIM-1	core	AMR	AMR	BETA-LACTAM	CARBAPENEM	ALLELEX	266	266	100.00	100.00	266	WP_013263789.1	subclass B1 metallo-beta-lactamase VIM-1	NA	NA
GCF_009664065.1	NA	NZ_CP038659.1	316265	316816	+	aac(6')-Ib-cr5	fluoroquinolone-acetylating aminoglycoside 6'-N-acetyltransferase AAC(6')-Ib-cr5	core	AMR	AMR	AMINOGLYCOSIDE/QUINOLONE	AMIKACIN/KANAMYCIN/QUINOLONE/TOBRAMYCIN	ALLELEX	184	184	100.00	100.00	184	WP_063840321.1	fluoroquinolone-acetylating aminoglycoside 6'-N-acetyltransferase AAC(6')-Ib-cr5	NA	NA
GCF_009664065.1	NA	NZ_CP038659.1	316889	317677	+	aadA1	ANT(3'')-Ia family aminoglycoside nucleotidyltransferase AadA1	core	AMR	AMR	AMINOGLYCOSIDE	STREPTOMYCIN	EXACTX	263	263	100.00	100.00	263	WP_001206317.1	ANT(3'')-Ia family aminoglycoside nucleotidyltransferase AadA1	NA	NA
GCF_009664065.1	NA	NZ_CP038659.1	317804	318148	+	qacEdelta1	quaternary ammonium compound efflux SMR transporter QacE delta 1	core	STRESS	BIOCIDE	QUATERNARY AMMONIUM	QUATERNARY AMMONIUM	ALLELEX	115	115	100.00	100.00	115	WP_000679427.1	quaternary ammonium compound efflux SMR transporter QacE delta 1	NA	NA
GCF_009664065.1	NA	NZ_CP038659.1	318145	318981	+	sul1	sulfonamide-resistant dihydropteroate synthase Sul1	core	AMR	AMR	SULFONAMIDE	SULFONAMIDE	EXACTX	279	279	100.00	100.00	279	WP_000259031.1	sulfonamide-resistant dihydropteroate synthase Sul1	NA	NA
GCF_009664065.1	NA	NZ_CP038659.1	339072	339602	+	ant(2'')-Ia	aminoglycoside nucleotidyltransferase ANT(2'')-Ia	core	AMR	AMR	AMINOGLYCOSIDE	GENTAMICIN/KANAMYCIN/TOBRAMYCIN	EXACTX	177	177	100.00	100.00	177	WP_000381802.1	aminoglycoside nucleotidyltransferase ANT(2'')-Ia	NA	NA
GCF_009664065.1	NA	NZ_CP038659.1	339663	340451	+	aadA2	ANT(3'')-Ia family aminoglycoside nucleotidyltransferase AadA2	core	AMR	AMR	AMINOGLYCOSIDE	STREPTOMYCIN	EXACTX	263	263	100.00	100.00	263	WP_001261740.1	ANT(3'')-Ia family aminoglycoside nucleotidyltransferase AadA2	NA	NA
GCF_009664065.1	NA	NZ_CP038659.1	340618	340962	+	qacEdelta1	quaternary ammonium compound efflux SMR transporter QacE delta 1	core	STRESS	BIOCIDE	QUATERNARY AMMONIUM	QUATERNARY AMMONIUM	ALLELEX	115	115	100.00	100.00	115	WP_000679427.1	quaternary ammonium compound efflux SMR transporter QacE delta 1	NA	NA
GCF_009664065.1	NA	NZ_CP038659.1	340959	341795	+	sul1	sulfonamide-resistant dihydropteroate synthase Sul1	core	AMR	AMR	SULFONAMIDE	SULFONAMIDE	EXACTX	279	279	100.00	100.00	279	WP_000259031.1	sulfonamide-resistant dihydropteroate synthase Sul1	NA	NA
GCF_009664065.1	NA	NZ_CP038659.1	357449	358285	-	sul1	sulfonamide-resistant dihydropteroate synthase Sul1	core	AMR	AMR	SULFONAMIDE	SULFONAMIDE	EXACTX	279	279	100.00	100.00	279	WP_000259031.1	sulfonamide-resistant dihydropteroate synthase Sul1	NA	NA
GCF_009664065.1	NA	NZ_CP038659.1	358282	358566	-	qacE	quaternary ammonium compound efflux SMR transporter QacE	core	STRESS	BIOCIDE	QUATERNARY AMMONIUM	QUATERNARY AMMONIUM	PARTIALX	95	115	82.61	95.79	95	WP_000679427.1	quaternary ammonium compound efflux SMR transporter QacE delta 1	NA	NA
GCF_009664065.1	NA	NZ_CP038659.1	359940	360593	-	qnrA1	quinolone resistance pentapeptide repeat protein QnrA1	core	AMR	AMR	QUINOLONE	QUINOLONE	ALLELEX	218	218	100.00	100.00	218	WP_012579084.1	quinolone resistance pentapeptide repeat protein QnrA1	NA	NA
GCF_009857035.1	NA	NZ_CP047307.1	1695069	1697702	+	gyrA_T83I	Citrobacter freundii quinolone resistant GyrA	core	AMR	POINT	QUINOLONE	QUINOLONE	POINTX	878	878	100.00	99.89	878	WP_003027598.1	DNA gyrase subunit A GyrA	NA	NA
GCF_009857035.1	NA	NZ_CP047307.1	4328205	4328624	-	fosA7.9	fosfomycin resistance glutathione transferase FosA7.9	core	AMR	AMR	FOSFOMYCIN	FOSFOMYCIN	ALLELEX	140	140	100.00	100.00	140	WP_071684814.1	fosfomycin resistance glutathione transferase FosA7.9	NA	NA
GCF_009857035.1	NA	NZ_CP047307.1	4521762	4522904	+	blaCMY-78	class C beta-lactamase CMY-78	core	AMR	AMR	BETA-LACTAM	CEPHALOSPORIN	ALLELEX	381	381	100.00	100.00	381	WP_063859868.1	class C beta-lactamase CMY-78	NA	NA
GCF_009857035.1	NA	NZ_CP047308.1	18944	19801	+	aac(3)-IId	aminoglycoside N-acetyltransferase AAC(3)-IId	core	AMR	AMR	AMINOGLYCOSIDE	GENTAMICIN	EXACTX	286	286	100.00	100.00	286	WP_000557454.1	aminoglycoside N-acetyltransferase AAC(3)-IId	NA	NA
GCF_009857035.1	NA	NZ_CP047308.1	22657	23208	+	aac(6')-Ib-cr5	fluoroquinolone-acetylating aminoglycoside 6'-N-acetyltransferase AAC(6')-Ib-cr5	core	AMR	AMR	AMINOGLYCOSIDE/QUINOLONE	AMIKACIN/KANAMYCIN/QUINOLONE/TOBRAMYCIN	ALLELEX	184	184	100.00	100.00	184	WP_063840321.1	fluoroquinolone-acetylating aminoglycoside 6'-N-acetyltransferase AAC(6')-Ib-cr5	NA	NA
GCF_009857035.1	NA	NZ_CP047308.1	23308	23757	+	arr-3	NAD(+)--rifampin ADP-ribosyltransferase Arr-3	core	AMR	AMR	RIFAMYCIN	RIFAMYCIN	EXACTX	150	150	100.00	100.00	150	WP_001749986.1	NAD(+)--rifampin ADP-ribosyltransferase Arr-3	NA	NA
GCF_009857035.1	NA	NZ_CP047308.1	23893	24363	+	dfrA27	trimethoprim-resistant dihydrofolate reductase DfrA27	core	AMR	AMR	TRIMETHOPRIM	TRIMETHOPRIM	EXACTX	157	157	100.00	100.00	157	WP_001749985.1	trimethoprim-resistant dihydrofolate reductase DfrA27	NA	NA
GCF_009857035.1	NA	NZ_CP047308.1	24547	25389	+	aadA16	ANT(3'')-Ia family aminoglycoside nucleotidyltransferase AadA16	core	AMR	AMR	AMINOGLYCOSIDE	STREPTOMYCIN	EXACTX	281	281	100.00	100.00	281	WP_001749984.1	ANT(3'')-Ia family aminoglycoside nucleotidyltransferase AadA16	NA	NA
GCF_009857035.1	NA	NZ_CP047308.1	25509	25853	+	qacEdelta1	quaternary ammonium compound efflux SMR transporter QacE delta 1	core	STRESS	BIOCIDE	QUATERNARY AMMONIUM	QUATERNARY AMMONIUM	ALLELEX	115	115	100.00	100.00	115	WP_000679427.1	quaternary ammonium compound efflux SMR transporter QacE delta 1	NA	NA
GCF_009857035.1	NA	NZ_CP047308.1	25850	26686	+	sul1	sulfonamide-resistant dihydropteroate synthase Sul1	core	AMR	AMR	SULFONAMIDE	SULFONAMIDE	EXACTX	279	279	100.00	100.00	279	WP_000259031.1	sulfonamide-resistant dihydropteroate synthase Sul1	NA	NA
GCF_009857035.1	NA	NZ_CP047308.1	29315	29677	-	ble	bleomycin binding protein Ble-MBL	core	AMR	AMR	BLEOMYCIN	BLEOMYCIN	EXACTX	121	121	100.00	100.00	121	WP_004201167.1	bleomycin binding protein Ble-MBL	NA	NA
GCF_009857035.1	NA	NZ_CP047308.1	29684	30493	-	blaNDM-1	subclass B1 metallo-beta-lactamase NDM-1	core	AMR	AMR	BETA-LACTAM	CARBAPENEM	ALLELEX	270	270	100.00	100.00	270	WP_004201164.1	subclass B1 metallo-beta-lactamase NDM-1	NA	NA
GCF_009857035.1	NA	NZ_CP047308.1	30736	31146	+	catB3	type B-3 chloramphenicol O-acetyltransferase CatB3	core	AMR	AMR	PHENICOL	CHLORAMPHENICOL	PARTIALX	137	210	65.24	100.00	137	WP_000186237.1	type B-3 chloramphenicol O-acetyltransferase CatB3	NA	NA
GCF_009857035.1	NA	NZ_CP047308.1	31234	31683	+	arr-3	NAD(+)--rifampin ADP-ribosyltransferase Arr-3	core	AMR	AMR	RIFAMYCIN	RIFAMYCIN	EXACTX	150	150	100.00	100.00	150	WP_001749986.1	NAD(+)--rifampin ADP-ribosyltransferase Arr-3	NA	NA
GCF_009857035.1	NA	NZ_CP047308.1	31909	32253	+	qacEdelta1	quaternary ammonium compound efflux SMR transporter QacE delta 1	core	STRESS	BIOCIDE	QUATERNARY AMMONIUM	QUATERNARY AMMONIUM	ALLELEX	115	115	100.00	100.00	115	WP_000679427.1	quaternary ammonium compound efflux SMR transporter QacE delta 1	NA	NA
GCF_009857035.1	NA	NZ_CP047308.1	32250	33086	+	sul1	sulfonamide-resistant dihydropteroate synthase Sul1	core	AMR	AMR	SULFONAMIDE	SULFONAMIDE	EXACTX	279	279	100.00	100.00	279	WP_000259031.1	sulfonamide-resistant dihydropteroate synthase Sul1	NA	NA
GCF_009857035.1	NA	NZ_CP047308.1	37168	38403	-	mrx(A)	phosphorylated macrolide efflux MFS transporter Mrx(A)	core	AMR	AMR	MACROLIDE	AZITHROMYCIN/ERYTHROMYCIN/SPIRAMYCIN/TELITHROMYCIN	EXACTX	412	412	100.00	100.00	412	WP_000004159.1	phosphorylated macrolide efflux MFS transporter Mrx(A)	NA	NA
GCF_009857035.1	NA	NZ_CP047308.1	38403	39305	-	mph(A)	Mph(A) family macrolide 2'-phosphotransferase	core	AMR	AMR	MACROLIDE	AZITHROMYCIN/ERYTHROMYCIN/SPIRAMYCIN/TELITHROMYCIN	EXACTX	301	301	100.00	100.00	301	WP_000219391.1	Mph(A) family macrolide 2'-phosphotransferase	NA	NA
GCF_009857035.1	NA	NZ_CP047308.1	40364	41221	+	aac(3)-IId	aminoglycoside N-acetyltransferase AAC(3)-IId	core	AMR	AMR	AMINOGLYCOSIDE	GENTAMICIN	EXACTX	286	286	100.00	100.00	286	WP_000557454.1	aminoglycoside N-acetyltransferase AAC(3)-IId	NA	NA
GCF_009857035.1	NA	NZ_CP047308.1	42361	43194	-	aph(6)-Id	aminoglycoside O-phosphotransferase APH(6)-Id	core	AMR	AMR	AMINOGLYCOSIDE	STREPTOMYCIN	EXACTX	278	278	100.00	100.00	278	WP_000480968.1	aminoglycoside O-phosphotransferase APH(6)-Id	NA	NA
GCF_009857035.1	NA	NZ_CP047308.1	43197	43997	-	aph(3'')-Ib	aminoglycoside O-phosphotransferase APH(3'')-Ib	core	AMR	AMR	AMINOGLYCOSIDE	STREPTOMYCIN	EXACTX	267	267	100.00	100.00	267	WP_001082319.1	aminoglycoside O-phosphotransferase APH(3'')-Ib	NA	NA
GCF_009857035.1	NA	NZ_CP047308.1	44061	44873	-	sul2	sulfonamide-resistant dihydropteroate synthase Sul2	core	AMR	AMR	SULFONAMIDE	SULFONAMIDE	EXACTX	271	271	100.00	100.00	271	WP_001043260.1	sulfonamide-resistant dihydropteroate synthase Sul2	NA	NA
GCF_010365585.1	NA	NZ_CP048382.1	2033314	2034456	-	blaCMY-65	class C beta-lactamase CMY-65	core	AMR	AMR	BETA-LACTAM	CEPHALOSPORIN	ALLELEX	381	381	100.00	100.00	381	WP_008321445.1	class C beta-lactamase CMY-65	NA	NA
GCF_010365585.1	NA	NZ_CP048384.1	110564	111376	-	aph(3')-Ia	aminoglycoside O-phosphotransferase APH(3')-Ia	core	AMR	AMR	AMINOGLYCOSIDE	KANAMYCIN	EXACTX	271	271	100.00	100.00	271	WP_000018329.1	aminoglycoside O-phosphotransferase APH(3')-Ia	NA	NA
GCF_010365585.1	NA	NZ_CP048384.1	112295	113128	-	aph(6)-Id	aminoglycoside O-phosphotransferase APH(6)-Id	core	AMR	AMR	AMINOGLYCOSIDE	STREPTOMYCIN	EXACTX	278	278	100.00	100.00	278	WP_000480968.1	aminoglycoside O-phosphotransferase APH(6)-Id	NA	NA
GCF_010365585.1	NA	NZ_CP048384.1	113131	113931	-	aph(3'')-Ib	aminoglycoside O-phosphotransferase APH(3'')-Ib	core	AMR	AMR	AMINOGLYCOSIDE	STREPTOMYCIN	EXACTX	267	267	100.00	100.00	267	WP_001082319.1	aminoglycoside O-phosphotransferase APH(3'')-Ib	NA	NA
GCF_010365585.1	NA	NZ_CP048384.1	113995	114807	-	sul2	sulfonamide-resistant dihydropteroate synthase Sul2	core	AMR	AMR	SULFONAMIDE	SULFONAMIDE	EXACTX	271	271	100.00	100.00	271	WP_001043265.1	sulfonamide-resistant dihydropteroate synthase Sul2	NA	NA
GCF_010365585.1	NA	NZ_CP048384.1	119148	119678	-	ant(2'')-Ia	aminoglycoside nucleotidyltransferase ANT(2'')-Ia	core	AMR	AMR	AMINOGLYCOSIDE	GENTAMICIN/KANAMYCIN/TOBRAMYCIN	EXACTX	177	177	100.00	100.00	177	WP_000381802.1	aminoglycoside nucleotidyltransferase ANT(2'')-Ia	NA	NA
GCF_010365585.1	NA	NZ_CP048384.1	128455	128949	+	dfrA12	trimethoprim-resistant dihydrofolate reductase DfrA12	core	AMR	AMR	TRIMETHOPRIM	TRIMETHOPRIM	EXACTX	165	165	100.00	100.00	165	WP_001083725.1	trimethoprim-resistant dihydrofolate reductase DfrA12	NA	NA
GCF_010365585.1	NA	NZ_CP048384.1	129360	130148	+	aadA2	ANT(3'')-Ia family aminoglycoside nucleotidyltransferase AadA2	core	AMR	AMR	AMINOGLYCOSIDE	STREPTOMYCIN	EXACTX	263	263	100.00	100.00	263	WP_001206356.1	ANT(3'')-Ia family aminoglycoside nucleotidyltransferase AadA2	NA	NA
GCF_010365585.1	NA	NZ_CP048384.1	130315	130659	+	qacEdelta1	quaternary ammonium compound efflux SMR transporter QacE delta 1	core	STRESS	BIOCIDE	QUATERNARY AMMONIUM	QUATERNARY AMMONIUM	ALLELEX	115	115	100.00	100.00	115	WP_000679427.1	quaternary ammonium compound efflux SMR transporter QacE delta 1	NA	NA
GCF_010365585.1	NA	NZ_CP048384.1	130656	131336	+	sul1	sulfonamide-resistant dihydropteroate synthase Sul1	core	AMR	AMR	SULFONAMIDE	SULFONAMIDE	PARTIALX	227	275	82.55	100.00	227	WP_063855066.1	sulfonamide-resistant dihydropteroate synthase Sul1	NA	NA
GCF_010365585.1	NA	NZ_CP048384.1	140271	141149	+	blaKPC-2	carbapenem-hydrolyzing class A beta-lactamase KPC-2	core	AMR	AMR	BETA-LACTAM	CARBAPENEM	ALLELEX	293	293	100.00	100.00	293	WP_004199234.1	carbapenem-hydrolyzing class A beta-lactamase KPC-2	NA	NA
GCF_010365585.1	NA	NZ_CP048384.1	150814	151596	+	blaOXA	OXA-9 family oxacillin-hydrolyzing class D beta-lactamase	core	AMR	AMR	BETA-LACTAM	BETA-LACTAM	INTERNAL_STOP	261	274	95.26	98.08	261	WP_000722315.1	oxacillin-hydrolyzing class D beta-lactamase OXA-9	NA	NA
GCF_010365585.1	NA	NZ_CP048384.1	153444	154301	+	blaTEM-1	broad-spectrum class A beta-lactamase TEM-1	core	AMR	AMR	BETA-LACTAM	BETA-LACTAM	ALLELEX	286	286	100.00	100.00	286	WP_000027057.1	broad-spectrum class A beta-lactamase TEM-1	NA	NA
GCF_010365585.1	NA	NZ_CP048384.1	166456	167301	+	blaCTX-M	CTX-M family extended-spectrum class A beta-lactamase	core	AMR	AMR	BETA-LACTAM	CEPHALOSPORIN	BLASTX	282	291	96.91	100.00	282	WP_022542384.1	extended-spectrum class A beta-lactamase CTX-M-25	NA	NA
GCF_011064845.1	NA	NZ_CP049015.1	446946	448088	-	blaCMY-72	class C beta-lactamase CMY-72	core	AMR	AMR	BETA-LACTAM	CEPHALOSPORIN	ALLELEX	381	381	100.00	100.00	381	WP_032939209.1	class C beta-lactamase CMY-72	NA	NA
GCF_013085885.1	NA	NZ_CP048416.1	4323456	4324598	+	blaCMY-152	class C beta-lactamase CMY-152	core	AMR	AMR	BETA-LACTAM	CEPHALOSPORIN	ALLELEX	381	381	100.00	100.00	381	WP_032937778.1	class C beta-lactamase CMY-152	NA	NA
GCF_013371705.1	NA	NZ_CP055247.1	1586914	1589547	+	gyrA_T83I	Citrobacter freundii quinolone resistant GyrA	core	AMR	POINT	QUINOLONE	QUINOLONE	POINTX	878	878	100.00	99.89	878	WP_003027598.1	DNA gyrase subunit A GyrA	NA	NA
GCF_013371705.1	NA	NZ_CP055247.1	4449360	4450502	+	blaCMY-152	class C beta-lactamase CMY-152	core	AMR	AMR	BETA-LACTAM	CEPHALOSPORIN	ALLELEX	381	381	100.00	100.00	381	WP_032937778.1	class C beta-lactamase CMY-152	NA	NA
GCF_013371705.1	NA	NZ_CP055248.1	7429	8640	+	floR	chloramphenicol/florfenicol efflux MFS transporter FloR	core	AMR	AMR	PHENICOL	CHLORAMPHENICOL/FLORFENICOL	BLASTX	404	404	100.00	99.75	404	WP_000214122.1	chloramphenicol/florfenicol efflux MFS transporter FloR	NA	NA
GCF_013371705.1	NA	NZ_CP055248.1	9246	10442	-	tet(A)	tetracycline efflux MFS transporter Tet(A)	core	AMR	AMR	TETRACYCLINE	TETRACYCLINE	BLASTX	399	399	100.00	99.75	399	WP_000804063.1	tetracycline efflux MFS transporter Tet(A)	NA	NA
GCF_013371705.1	NA	NZ_CP055248.1	11781	12614	-	aph(6)-Id	aminoglycoside O-phosphotransferase APH(6)-Id	core	AMR	AMR	AMINOGLYCOSIDE	STREPTOMYCIN	EXACTX	278	278	100.00	100.00	278	WP_000480968.1	aminoglycoside O-phosphotransferase APH(6)-Id	NA	NA
GCF_013371705.1	NA	NZ_CP055248.1	12617	13417	-	aph(3'')-Ib	aminoglycoside O-phosphotransferase APH(3'')-Ib	core	AMR	AMR	AMINOGLYCOSIDE	STREPTOMYCIN	EXACTX	267	267	100.00	100.00	267	WP_001082319.1	aminoglycoside O-phosphotransferase APH(3'')-Ib	NA	NA
GCF_013371705.1	NA	NZ_CP055248.1	13481	14293	-	sul2	sulfonamide-resistant dihydropteroate synthase Sul2	core	AMR	AMR	SULFONAMIDE	SULFONAMIDE	EXACTX	271	271	100.00	100.00	271	WP_001043260.1	sulfonamide-resistant dihydropteroate synthase Sul2	NA	NA
GCF_013371705.1	NA	NZ_CP055248.1	27743	28156	-	fosA3	fosfomycin resistance glutathione transferase FosA3	core	AMR	AMR	FOSFOMYCIN	FOSFOMYCIN	ALLELEX	138	138	100.00	100.00	138	WP_014839980.1	fosfomycin resistance glutathione transferase FosA3	NA	NA
GCF_013371705.1	NA	NZ_CP055248.1	29296	30036	+	blaTEM	TEM family class A beta-lactamase	core	AMR	AMR	BETA-LACTAM	BETA-LACTAM	PARTIALX	247	286	86.36	100.00	247	WP_000027057.1	broad-spectrum class A beta-lactamase TEM-1	NA	NA
GCF_013371705.1	NA	NZ_CP055248.1	30824	31696	-	blaCTX-M-55	extended-spectrum class A beta-lactamase CTX-M-55	core	AMR	AMR	BETA-LACTAM	CEPHALOSPORIN	ALLELEX	291	291	100.00	100.00	291	WP_015387340.1	extended-spectrum class A beta-lactamase CTX-M-55	NA	NA
GCF_013371705.1	NA	NZ_CP055249.1	18944	19801	+	aac(3)-IId	aminoglycoside N-acetyltransferase AAC(3)-IId	core	AMR	AMR	AMINOGLYCOSIDE	GENTAMICIN	EXACTX	286	286	100.00	100.00	286	WP_000557454.1	aminoglycoside N-acetyltransferase AAC(3)-IId	NA	NA
GCF_013371705.1	NA	NZ_CP055249.1	20941	21774	-	aph(6)-Id	aminoglycoside O-phosphotransferase APH(6)-Id	core	AMR	AMR	AMINOGLYCOSIDE	STREPTOMYCIN	EXACTX	278	278	100.00	100.00	278	WP_000480968.1	aminoglycoside O-phosphotransferase APH(6)-Id	NA	NA
GCF_013371705.1	NA	NZ_CP055249.1	21777	22577	-	aph(3'')-Ib	aminoglycoside O-phosphotransferase APH(3'')-Ib	core	AMR	AMR	AMINOGLYCOSIDE	STREPTOMYCIN	EXACTX	267	267	100.00	100.00	267	WP_001082319.1	aminoglycoside O-phosphotransferase APH(3'')-Ib	NA	NA
GCF_013371705.1	NA	NZ_CP055249.1	22641	23453	-	sul2	sulfonamide-resistant dihydropteroate synthase Sul2	core	AMR	AMR	SULFONAMIDE	SULFONAMIDE	EXACTX	271	271	100.00	100.00	271	WP_001043260.1	sulfonamide-resistant dihydropteroate synthase Sul2	NA	NA
GCF_013371705.1	NA	NZ_CP055250.1	29047	29856	+	blaNDM-1	subclass B1 metallo-beta-lactamase NDM-1	core	AMR	AMR	BETA-LACTAM	CARBAPENEM	ALLELEX	270	270	100.00	100.00	270	WP_004201164.1	subclass B1 metallo-beta-lactamase NDM-1	NA	NA
GCF_013371705.1	NA	NZ_CP055250.1	29863	30225	+	ble	bleomycin binding protein Ble-MBL	core	AMR	AMR	BLEOMYCIN	BLEOMYCIN	EXACTX	121	121	100.00	100.00	121	WP_004201167.1	bleomycin binding protein Ble-MBL	NA	NA
GCF_013371705.1	NA	NZ_CP055250.1	37502	38359	+	blaSHV-12	extended-spectrum class A beta-lactamase SHV-12	core	AMR	AMR	BETA-LACTAM	CEFIDEROCOL/CEPHALOSPORIN	ALLELEX	286	286	100.00	100.00	286	WP_002904004.1	extended-spectrum class A beta-lactamase SHV-12	NA	NA
GCF_013389635.1	NA	NZ_CP058318.1	1818026	1820659	+	gyrA_T83I	Citrobacter freundii quinolone resistant GyrA	core	AMR	POINT	QUINOLONE	QUINOLONE	POINTX	878	878	100.00	99.89	878	WP_003027598.1	DNA gyrase subunit A GyrA	NA	NA
GCF_013389635.1	NA	NZ_CP058318.1	2533244	2533885	-	qnrB38	quinolone resistance pentapeptide repeat protein QnrB38	core	AMR	AMR	QUINOLONE	QUINOLONE	ALLELEX	214	214	100.00	100.00	214	WP_003020537.1	quinolone resistance pentapeptide repeat protein QnrB38	NA	NA
GCF_013389635.1	NA	NZ_CP058318.1	4732128	4733270	+	blaCMY	CMY-2 family class C beta-lactamase	core	AMR	AMR	BETA-LACTAM	CEPHALOSPORIN	BLASTX	381	381	100.00	98.69	381	WP_063859858.1	class C beta-lactamase CMY-66	NA	NA
GCF_013389635.1	NA	NZ_CP058320.1	22570	23448	-	blaKPC-2	carbapenem-hydrolyzing class A beta-lactamase KPC-2	core	AMR	AMR	BETA-LACTAM	CARBAPENEM	ALLELEX	293	293	100.00	100.00	293	WP_004199234.1	carbapenem-hydrolyzing class A beta-lactamase KPC-2	NA	NA
GCF_013389635.1	NA	NZ_CP058320.1	28770	29321	-	aac(6')-Ib	AAC(6')-Ib family aminoglycoside 6'-N-acetyltransferase	core	AMR	AMR	AMINOGLYCOSIDE	GENTAMICIN	EXACTX	184	184	100.00	100.00	184	WP_022631510.1	AAC(6')-Ib family aminoglycoside 6'-N-acetyltransferase	NA	NA
GCF_013389635.1	NA	NZ_CP058320.1	29491	30144	-	qnrVC4	quinolone resistance pentapeptide repeat protein QnrVC4	core	AMR	AMR	QUINOLONE	QUINOLONE	ALLELEX	218	218	100.00	100.00	218	WP_000361704.1	quinolone resistance pentapeptide repeat protein QnrVC4	NA	NA
GCF_013389635.1	NA	NZ_CP058320.1	30423	30974	-	aac(6')-Ib	AAC(6')-Ib family aminoglycoside 6'-N-acetyltransferase	core	AMR	AMR	AMINOGLYCOSIDE	GENTAMICIN	EXACTX	184	184	100.00	100.00	184	WP_022631510.1	AAC(6')-Ib family aminoglycoside 6'-N-acetyltransferase	NA	NA
GCF_013390245.1	NA	NZ_CP046502.1	1653706	1656339	+	gyrA_T83I	Citrobacter freundii quinolone resistant GyrA	core	AMR	POINT	QUINOLONE	QUINOLONE	POINTX	878	878	100.00	99.77	878	WP_003027598.1	DNA gyrase subunit A GyrA	NA	NA
GCF_013390245.1	NA	NZ_CP046502.1	2699209	2699850	+	qnrB38	quinolone resistance pentapeptide repeat protein QnrB38	core	AMR	AMR	QUINOLONE	QUINOLONE	ALLELEX	214	214	100.00	100.00	214	WP_003020537.1	quinolone resistance pentapeptide repeat protein QnrB38	NA	NA
GCF_013390245.1	NA	NZ_CP046502.1	4440899	4442041	+	blaCMY	CMY-2 family class C beta-lactamase	core	AMR	AMR	BETA-LACTAM	CEPHALOSPORIN	INTERNAL_STOP	381	381	100.00	99.74	381	WP_008321445.1	class C beta-lactamase CMY-65	NA	NA
GCF_013390245.1	NA	NZ_CP046504.1	8359	9540	-	tet(D)	tetracycline efflux MFS transporter Tet(D)	core	AMR	AMR	TETRACYCLINE	TETRACYCLINE	EXACTX	394	394	100.00	100.00	394	WP_001039466.1	tetracycline efflux MFS transporter Tet(D)	NA	NA
GCF_013390245.1	NA	NZ_CP046504.1	14075	14947	-	blaCTX-M-3	extended-spectrum class A beta-lactamase CTX-M-3	core	AMR	AMR	BETA-LACTAM	CEPHALOSPORIN	ALLELEX	291	291	100.00	100.00	291	WP_011091028.1	extended-spectrum class A beta-lactamase CTX-M-3	NA	NA
GCF_013390245.1	NA	NZ_CP046504.1	19803	20615	+	sul2	sulfonamide-resistant dihydropteroate synthase Sul2	core	AMR	AMR	SULFONAMIDE	SULFONAMIDE	EXACTX	271	271	100.00	100.00	271	WP_001043260.1	sulfonamide-resistant dihydropteroate synthase Sul2	NA	NA
GCF_013390245.1	NA	NZ_CP046506.1	33907	34779	-	blaCTX-M-39	extended-spectrum class A beta-lactamase CTX-M-39	core	AMR	AMR	BETA-LACTAM	CEPHALOSPORIN	ALLELEX	291	291	100.00	100.00	291	WP_044702041.1	extended-spectrum class A beta-lactamase CTX-M-39	NA	NA
GCF_013390245.1	NA	NZ_CP046506.1	36473	37396	-	blaPER-2	inhibitor-resistant extended-spectrum class A beta-lactamase PER-2	core	AMR	AMR	BETA-LACTAM	CEPHALOSPORIN	ALLELEX	308	308	100.00	100.00	308	WP_032491907.1	inhibitor-resistant extended-spectrum class A beta-lactamase PER-2	NA	NA
GCF_013390245.1	NA	NZ_CP046506.1	40438	41247	-	blaOXA-900	carbapenem-hydrolyzing class D beta-lactamase OXA-900	core	AMR	AMR	BETA-LACTAM	CARBAPENEM	ALLELEX	270	270	100.00	100.00	270	WP_178317675.1	carbapenem-hydrolyzing class D beta-lactamase OXA-900	NA	NA
GCF_013589875.1	NA	NZ_CP055582.1	1687116	1689749	+	gyrA_T83I	Citrobacter freundii quinolone resistant GyrA	core	AMR	POINT	QUINOLONE	QUINOLONE	POINTX	878	878	100.00	99.89	878	WP_003027598.1	DNA gyrase subunit A GyrA	NA	NA
GCF_013589875.1	NA	NZ_CP055582.1	4497626	4498768	+	blaCMY-189	class C beta-lactamase CMY-189	core	AMR	AMR	BETA-LACTAM	CEPHALOSPORIN	ALLELEX	381	381	100.00	100.00	381	WP_046670810.1	class C beta-lactamase CMY-189	NA	NA
GCF_013590555.1	NA	NZ_CP055588.1	1686786	1689419	+	gyrA_T83I	Citrobacter freundii quinolone resistant GyrA	core	AMR	POINT	QUINOLONE	QUINOLONE	POINTX	878	878	100.00	99.89	878	WP_003027598.1	DNA gyrase subunit A GyrA	NA	NA
GCF_013590555.1	NA	NZ_CP055588.1	4498798	4499940	+	blaCMY-189	class C beta-lactamase CMY-189	core	AMR	AMR	BETA-LACTAM	CEPHALOSPORIN	ALLELEX	381	381	100.00	100.00	381	WP_046670810.1	class C beta-lactamase CMY-189	NA	NA
GCF_013604545.1	NA	NZ_CP055421.1	1687120	1689753	+	gyrA_T83I	Citrobacter freundii quinolone resistant GyrA	core	AMR	POINT	QUINOLONE	QUINOLONE	POINTX	878	878	100.00	99.89	878	WP_003027598.1	DNA gyrase subunit A GyrA	NA	NA
GCF_013604545.1	NA	NZ_CP055421.1	4453004	4454146	+	blaCMY-189	class C beta-lactamase CMY-189	core	AMR	AMR	BETA-LACTAM	CEPHALOSPORIN	ALLELEX	381	381	100.00	100.00	381	WP_046670810.1	class C beta-lactamase CMY-189	NA	NA
GCF_013725165.1	NA	NZ_CP056235.1	1718228	1720861	+	gyrA_T83I	Citrobacter freundii quinolone resistant GyrA	core	AMR	POINT	QUINOLONE	QUINOLONE	POINTX	878	878	100.00	99.89	878	WP_003027598.1	DNA gyrase subunit A GyrA	NA	NA
GCF_013725165.1	NA	NZ_CP056235.1	4648174	4649316	+	blaCMY-152	class C beta-lactamase CMY-152	core	AMR	AMR	BETA-LACTAM	CEPHALOSPORIN	ALLELEX	381	381	100.00	100.00	381	WP_032937778.1	class C beta-lactamase CMY-152	NA	NA
GCF_013725165.1	NA	NZ_CP056235.1	5277387	5278172	-	aadA1	ANT(3'')-Ia family aminoglycoside nucleotidyltransferase AadA1	core	AMR	AMR	AMINOGLYCOSIDE	STREPTOMYCIN	EXACTX	262	262	100.00	100.00	262	WP_001206315.1	ANT(3'')-Ia family aminoglycoside nucleotidyltransferase AadA1	NA	NA
GCF_013725165.1	NA	NZ_CP056235.1	5278233	5278754	-	sat2	streptothricin N-acetyltransferase Sat2	core	AMR	AMR	STREPTOTHRICIN	STREPTOTHRICIN	EXACTX	174	174	100.00	100.00	174	WP_000704156.1	streptothricin N-acetyltransferase Sat2	NA	NA
GCF_013725165.1	NA	NZ_CP056235.1	5278852	5279322	-	dfrA1	trimethoprim-resistant dihydrofolate reductase DfrA1	core	AMR	AMR	TRIMETHOPRIM	TRIMETHOPRIM	EXACTX	157	157	100.00	100.00	157	WP_000777554.1	trimethoprim-resistant dihydrofolate reductase DfrA1	NA	NA
GCF_013726615.1	NA	NZ_CP056245.1	4459170	4460312	+	blaCMY-189	class C beta-lactamase CMY-189	core	AMR	AMR	BETA-LACTAM	CEPHALOSPORIN	ALLELEX	381	381	100.00	100.00	381	WP_046670810.1	class C beta-lactamase CMY-189	NA	NA
GCF_013731955.1	NA	NZ_CP056314.1	2092035	2092481	-	aac(6')-If	aminoglycoside N-acetyltransferase AAC(6')-If	core	AMR	AMR	AMINOGLYCOSIDE	AMIKACIN/KANAMYCIN/TOBRAMYCIN	EXACTX	149	149	100.00	100.00	149	WP_048233550.1	aminoglycoside N-acetyltransferase AAC(6')-If	NA	NA
GCF_013731955.1	NA	NZ_CP056314.1	4489289	4490431	+	blaCMY	CMY-2 family class C beta-lactamase	core	AMR	AMR	BETA-LACTAM	CEPHALOSPORIN	BLASTX	381	381	100.00	99.74	381	WP_044699195.1	class C beta-lactamase CMY-48	NA	NA
GCF_013738635.1	NA	NZ_CP056336.1	4546986	4548128	+	blaCMY-152	class C beta-lactamase CMY-152	core	AMR	AMR	BETA-LACTAM	CEPHALOSPORIN	ALLELEX	381	381	100.00	100.00	381	WP_032937778.1	class C beta-lactamase CMY-152	NA	NA
GCF_013738635.1	NA	NZ_CP056339.1	2561	3748	+	tet(C)	tetracycline efflux MFS transporter Tet(C)	core	AMR	AMR	TETRACYCLINE	TETRACYCLINE	EXACTX	396	396	100.00	100.00	396	WP_001297013.1	tetracycline efflux MFS transporter Tet(C)	NA	NA
GCF_013739375.1	NA	NZ_CP056365.1	1379547	1380359	-	sul2	sulfonamide-resistant dihydropteroate synthase Sul2	core	AMR	AMR	SULFONAMIDE	SULFONAMIDE	EXACTX	271	271	100.00	100.00	271	WP_001043260.1	sulfonamide-resistant dihydropteroate synthase Sul2	NA	NA
GCF_013739375.1	NA	NZ_CP056365.1	4516900	4518042	+	blaCMY-48	class C beta-lactamase CMY-48	core	AMR	AMR	BETA-LACTAM	CEPHALOSPORIN	ALLELEX	381	381	100.00	100.00	381	WP_044699195.1	class C beta-lactamase CMY-48	NA	NA
GCF_013741395.1	NA	NZ_CP056573.1	4567486	4568628	+	blaCMY	CMY-2 family class C beta-lactamase	core	AMR	AMR	BETA-LACTAM	CEPHALOSPORIN	BLASTX	381	381	100.00	99.74	381	WP_046670810.1	class C beta-lactamase CMY-189	NA	NA
GCF_013743055.1	NA	NZ_CP056635.1	1721671	1724304	+	gyrA_T83I	Citrobacter freundii quinolone resistant GyrA	core	AMR	POINT	QUINOLONE	QUINOLONE	POINTX	878	878	100.00	99.89	878	WP_003027598.1	DNA gyrase subunit A GyrA	NA	NA
GCF_013743055.1	NA	NZ_CP056635.1	4536278	4537420	+	blaCMY-189	class C beta-lactamase CMY-189	core	AMR	AMR	BETA-LACTAM	CEPHALOSPORIN	ALLELEX	381	381	100.00	100.00	381	WP_046670810.1	class C beta-lactamase CMY-189	NA	NA
GCF_013748235.1	NA	NZ_CP056466.1	1687121	1689754	+	gyrA_T83I	Citrobacter freundii quinolone resistant GyrA	core	AMR	POINT	QUINOLONE	QUINOLONE	POINTX	878	878	100.00	99.89	878	WP_003027598.1	DNA gyrase subunit A GyrA	NA	NA
GCF_013748235.1	NA	NZ_CP056466.1	4502129	4503271	+	blaCMY-189	class C beta-lactamase CMY-189	core	AMR	AMR	BETA-LACTAM	CEPHALOSPORIN	ALLELEX	381	381	100.00	100.00	381	WP_046670810.1	class C beta-lactamase CMY-189	NA	NA
GCF_013748855.1	NA	NZ_CP056505.1	2451611	2452252	-	qnrB38	quinolone resistance pentapeptide repeat protein QnrB38	core	AMR	AMR	QUINOLONE	QUINOLONE	ALLELEX	214	214	100.00	100.00	214	WP_003020537.1	quinolone resistance pentapeptide repeat protein QnrB38	NA	NA
GCF_013748855.1	NA	NZ_CP056505.1	4701130	4702272	+	blaCMY-84	class C beta-lactamase CMY-84	core	AMR	AMR	BETA-LACTAM	CEPHALOSPORIN	ALLELEX	381	381	100.00	100.00	381	WP_061547590.1	class C beta-lactamase CMY-84	NA	NA
GCF_013749535.1	NA	NZ_CP056527.1	2393396	2394037	-	qnrB	QnrB family quinolone resistance pentapeptide repeat protein	core	AMR	AMR	QUINOLONE	QUINOLONE	BLASTX	214	214	100.00	99.53	214	WP_003020537.1	quinolone resistance pentapeptide repeat protein QnrB38	NA	NA
GCF_013749535.1	NA	NZ_CP056527.1	4456742	4457884	+	blaCMY-84	class C beta-lactamase CMY-84	core	AMR	AMR	BETA-LACTAM	CEPHALOSPORIN	ALLELEX	381	381	100.00	100.00	381	WP_061547590.1	class C beta-lactamase CMY-84	NA	NA
GCF_013751655.1	NA	NZ_CP056592.1	558128	559270	-	blaCMY-66	class C beta-lactamase CMY-66	core	AMR	AMR	BETA-LACTAM	CEPHALOSPORIN	ALLELEX	381	381	100.00	100.00	381	WP_063859858.1	class C beta-lactamase CMY-66	NA	NA
GCF_013751655.1	NA	NZ_CP056592.1	2650186	2650827	+	qnrB35	quinolone resistance pentapeptide repeat protein QnrB35	core	AMR	AMR	QUINOLONE	QUINOLONE	ALLELEX	214	214	100.00	100.00	214	WP_063866049.1	quinolone resistance pentapeptide repeat protein QnrB35	NA	NA
GCF_013751895.1	NA	NZ_CP056595.1	2315281	2315922	-	qnrB35	quinolone resistance pentapeptide repeat protein QnrB35	core	AMR	AMR	QUINOLONE	QUINOLONE	ALLELEX	214	214	100.00	100.00	214	WP_063866049.1	quinolone resistance pentapeptide repeat protein QnrB35	NA	NA
GCF_013751895.1	NA	NZ_CP056595.1	4436198	4437340	+	blaCMY-66	class C beta-lactamase CMY-66	core	AMR	AMR	BETA-LACTAM	CEPHALOSPORIN	ALLELEX	381	381	100.00	100.00	381	WP_063859858.1	class C beta-lactamase CMY-66	NA	NA
GCF_013782845.1	NA	NZ_CP056208.1	1667088	1669721	+	gyrA_T83I	Citrobacter freundii quinolone resistant GyrA	core	AMR	POINT	QUINOLONE	QUINOLONE	POINTX	878	878	100.00	99.89	878	WP_003027598.1	DNA gyrase subunit A GyrA	NA	NA
GCF_013782845.1	NA	NZ_CP056208.1	4321088	4322230	+	blaCMY-224	class C beta-lactamase CMY-224	core	AMR	AMR	BETA-LACTAM	CEPHALOSPORIN	ALLELEX	381	381	100.00	100.00	381	WP_172750624.1	class C beta-lactamase CMY-224	NA	NA
GCF_013782845.1	NA	NZ_CP056210.1	23988	24788	+	aph(3'')-Ib	aminoglycoside O-phosphotransferase APH(3'')-Ib	core	AMR	AMR	AMINOGLYCOSIDE	STREPTOMYCIN	EXACTX	267	267	100.00	100.00	267	WP_001082319.1	aminoglycoside O-phosphotransferase APH(3'')-Ib	NA	NA
GCF_013782845.1	NA	NZ_CP056210.1	24791	25525	+	aph(6)-Id	aminoglycoside O-phosphotransferase APH(6)-Id	core	AMR	AMR	AMINOGLYCOSIDE	STREPTOMYCIN	PARTIALX	245	278	88.13	100.00	245	WP_000480968.1	aminoglycoside O-phosphotransferase APH(6)-Id	NA	NA
GCF_013784645.1	NA	NZ_CP056451.1	4418157	4419299	+	blaCMY-152	class C beta-lactamase CMY-152	core	AMR	AMR	BETA-LACTAM	CEPHALOSPORIN	ALLELEX	381	381	100.00	100.00	381	WP_032937778.1	class C beta-lactamase CMY-152	NA	NA
GCF_013786145.1	NA	NZ_CP056622.1	4459106	4460248	+	blaCMY	CMY-2 family class C beta-lactamase	core	AMR	AMR	BETA-LACTAM	CEPHALOSPORIN	BLASTX	381	381	100.00	99.74	381	WP_046670810.1	class C beta-lactamase CMY-189	NA	NA
GCF_013786565.1	NA	NZ_CP056653.1	4559133	4560275	+	blaCMY-48	class C beta-lactamase CMY-48	core	AMR	AMR	BETA-LACTAM	CEPHALOSPORIN	ALLELEX	381	381	100.00	100.00	381	WP_044699195.1	class C beta-lactamase CMY-48	NA	NA
GCF_013790265.1	NA	NZ_CP056809.1	4569710	4570852	+	blaCMY-189	class C beta-lactamase CMY-189	core	AMR	AMR	BETA-LACTAM	CEPHALOSPORIN	ALLELEX	381	381	100.00	100.00	381	WP_046670810.1	class C beta-lactamase CMY-189	NA	NA
GCF_013791065.1	NA	NZ_CP056827.1	4426271	4426690	-	fosA7.9	fosfomycin resistance glutathione transferase FosA7.9	core	AMR	AMR	FOSFOMYCIN	FOSFOMYCIN	ALLELEX	140	140	100.00	100.00	140	WP_071684814.1	fosfomycin resistance glutathione transferase FosA7.9	NA	NA
GCF_013791065.1	NA	NZ_CP056827.1	4619227	4620369	+	blaCMY-78	class C beta-lactamase CMY-78	core	AMR	AMR	BETA-LACTAM	CEPHALOSPORIN	ALLELEX	381	381	100.00	100.00	381	WP_063859868.1	class C beta-lactamase CMY-78	NA	NA
GCF_013791615.1	NA	NZ_CP056839.1	2568518	2569159	+	qnrB38	quinolone resistance pentapeptide repeat protein QnrB38	core	AMR	AMR	QUINOLONE	QUINOLONE	ALLELEX	214	214	100.00	100.00	214	WP_003020537.1	quinolone resistance pentapeptide repeat protein QnrB38	NA	NA
GCF_013791615.1	NA	NZ_CP056839.1	4353049	4354191	+	blaCMY	CMY-2 family class C beta-lactamase	core	AMR	AMR	BETA-LACTAM	CEPHALOSPORIN	INTERNAL_STOP	381	381	100.00	99.74	381	WP_008321445.1	class C beta-lactamase CMY-65	NA	NA
GCF_013792365.1	NA	NZ_CP056852.1	2473528	2474169	-	qnrB38	quinolone resistance pentapeptide repeat protein QnrB38	core	AMR	AMR	QUINOLONE	QUINOLONE	ALLELEX	214	214	100.00	100.00	214	WP_003020537.1	quinolone resistance pentapeptide repeat protein QnrB38	NA	NA
GCF_013792365.1	NA	NZ_CP056852.1	4515471	4516613	+	blaCMY-109	class C beta-lactamase CMY-109	core	AMR	AMR	BETA-LACTAM	CEPHALOSPORIN	ALLELEX	381	381	100.00	100.00	381	WP_032948363.1	class C beta-lactamase CMY-109	NA	NA
GCF_013874155.1	NA	NZ_CP059427.1	2725167	2725979	+	aph(3')-Ia	aminoglycoside O-phosphotransferase APH(3')-Ia	core	AMR	AMR	AMINOGLYCOSIDE	KANAMYCIN	EXACTX	271	271	100.00	100.00	271	WP_012695470.1	aminoglycoside O-phosphotransferase APH(3')-Ia	NA	NA
GCF_013874155.1	NA	NZ_CP059427.1	4524204	4525346	+	blaCMY-51	class C beta-lactamase CMY-51	core	AMR	AMR	BETA-LACTAM	CEPHALOSPORIN	ALLELEX	381	381	100.00	100.00	381	WP_063859847.1	class C beta-lactamase CMY-51	NA	NA
GCF_013874155.1	NA	NZ_CP059429.1	107516	108046	+	ant(2'')-Ia	aminoglycoside nucleotidyltransferase ANT(2'')-Ia	core	AMR	AMR	AMINOGLYCOSIDE	GENTAMICIN/KANAMYCIN/TOBRAMYCIN	EXACTX	177	177	100.00	100.00	177	WP_000381802.1	aminoglycoside nucleotidyltransferase ANT(2'')-Ia	NA	NA
GCF_013874155.1	NA	NZ_CP059429.1	108107	108895	+	aadA2	ANT(3'')-Ia family aminoglycoside nucleotidyltransferase AadA2	core	AMR	AMR	AMINOGLYCOSIDE	STREPTOMYCIN	EXACTX	263	263	100.00	100.00	263	WP_001261740.1	ANT(3'')-Ia family aminoglycoside nucleotidyltransferase AadA2	NA	NA
GCF_013874155.1	NA	NZ_CP059429.1	109062	109406	+	qacEdelta1	quaternary ammonium compound efflux SMR transporter QacE delta 1	core	STRESS	BIOCIDE	QUATERNARY AMMONIUM	QUATERNARY AMMONIUM	ALLELEX	115	115	100.00	100.00	115	WP_000679427.1	quaternary ammonium compound efflux SMR transporter QacE delta 1	NA	NA
GCF_013874155.1	NA	NZ_CP059429.1	109403	110239	+	sul1	sulfonamide-resistant dihydropteroate synthase Sul1	core	AMR	AMR	SULFONAMIDE	SULFONAMIDE	EXACTX	279	279	100.00	100.00	279	WP_000259031.1	sulfonamide-resistant dihydropteroate synthase Sul1	NA	NA
GCF_013874155.1	NA	NZ_CP059429.1	112452	113105	+	qnrA1	quinolone resistance pentapeptide repeat protein QnrA1	core	AMR	AMR	QUINOLONE	QUINOLONE	ALLELEX	218	218	100.00	100.00	218	WP_012579084.1	quinolone resistance pentapeptide repeat protein QnrA1	NA	NA
GCF_013874155.1	NA	NZ_CP059429.1	114479	114763	+	qacE	quaternary ammonium compound efflux SMR transporter QacE	core	STRESS	BIOCIDE	QUATERNARY AMMONIUM	QUATERNARY AMMONIUM	PARTIALX	95	115	82.61	95.79	95	WP_000679427.1	quaternary ammonium compound efflux SMR transporter QacE delta 1	NA	NA
GCF_013874155.1	NA	NZ_CP059429.1	114760	115596	+	sul1	sulfonamide-resistant dihydropteroate synthase Sul1	core	AMR	AMR	SULFONAMIDE	SULFONAMIDE	EXACTX	279	279	100.00	100.00	279	WP_000259031.1	sulfonamide-resistant dihydropteroate synthase Sul1	NA	NA
GCF_013874155.1	NA	NZ_CP059429.1	118551	119117	+	dfrA19	trimethoprim-resistant dihydrofolate reductase DfrA19	core	AMR	AMR	TRIMETHOPRIM	TRIMETHOPRIM	BLASTX	189	189	100.00	98.41	189	WP_000019304.1	trimethoprim-resistant dihydrofolate reductase DfrA19	NA	NA
GCF_013874155.1	NA	NZ_CP059429.1	119822	120610	+	aadA2	ANT(3'')-Ia family aminoglycoside nucleotidyltransferase AadA2	core	AMR	AMR	AMINOGLYCOSIDE	STREPTOMYCIN	EXACTX	263	263	100.00	100.00	263	WP_001261740.1	ANT(3'')-Ia family aminoglycoside nucleotidyltransferase AadA2	NA	NA
GCF_013874155.1	NA	NZ_CP059429.1	120875	122131	+	cmlA1	chloramphenicol efflux MFS transporter CmlA1	core	AMR	AMR	PHENICOL	CHLORAMPHENICOL	EXACTX	419	419	100.00	100.00	419	WP_000095725.1	chloramphenicol efflux MFS transporter CmlA1	NA	NA
GCF_013874155.1	NA	NZ_CP059429.1	122227	123015	+	aadA1	ANT(3'')-Ia family aminoglycoside nucleotidyltransferase AadA1	core	AMR	AMR	AMINOGLYCOSIDE	STREPTOMYCIN	EXACTX	263	263	100.00	100.00	263	WP_001206316.1	ANT(3'')-Ia family aminoglycoside nucleotidyltransferase AadA1	NA	NA
GCF_013874155.1	NA	NZ_CP059429.1	123182	123526	+	qacEdelta1	quaternary ammonium compound efflux SMR transporter QacE delta 1	core	STRESS	BIOCIDE	QUATERNARY AMMONIUM	QUATERNARY AMMONIUM	ALLELEX	115	115	100.00	100.00	115	WP_000679427.1	quaternary ammonium compound efflux SMR transporter QacE delta 1	NA	NA
GCF_013874155.1	NA	NZ_CP059429.1	123523	124359	+	sul1	sulfonamide-resistant dihydropteroate synthase Sul1	core	AMR	AMR	SULFONAMIDE	SULFONAMIDE	EXACTX	279	279	100.00	100.00	279	WP_000259031.1	sulfonamide-resistant dihydropteroate synthase Sul1	NA	NA
GCF_013874155.1	NA	NZ_CP059429.1	131921	133117	+	tet(A)	tetracycline efflux MFS transporter Tet(A)	core	AMR	AMR	TETRACYCLINE	TETRACYCLINE	EXACTX	399	399	100.00	100.00	399	WP_000804064.1	tetracycline efflux MFS transporter Tet(A)	NA	NA
GCF_013874155.1	NA	NZ_CP059429.1	195217	195768	+	aac(6')-Ib3	aminoglycoside N-acetyltransferase AAC(6')-Ib3	core	AMR	AMR	AMINOGLYCOSIDE	AMIKACIN/KANAMYCIN/TOBRAMYCIN	ALLELEX	184	184	100.00	100.00	184	WP_032488579.1	aminoglycoside N-acetyltransferase AAC(6')-Ib3	NA	NA
GCF_013874155.1	NA	NZ_CP059429.1	195862	196659	+	blaVIM-4	subclass B1 metallo-beta-lactamase VIM-4	core	AMR	AMR	BETA-LACTAM	CARBAPENEM	ALLELEX	266	266	100.00	100.00	266	WP_032492008.1	subclass B1 metallo-beta-lactamase VIM-4	NA	NA
GCF_013874155.1	NA	NZ_CP059429.1	197024	197368	+	qacEdelta1	quaternary ammonium compound efflux SMR transporter QacE delta 1	core	STRESS	BIOCIDE	QUATERNARY AMMONIUM	QUATERNARY AMMONIUM	ALLELEX	115	115	100.00	100.00	115	WP_000679427.1	quaternary ammonium compound efflux SMR transporter QacE delta 1	NA	NA
GCF_013874155.1	NA	NZ_CP059429.1	197365	198201	+	sul1	sulfonamide-resistant dihydropteroate synthase Sul1	core	AMR	AMR	SULFONAMIDE	SULFONAMIDE	EXACTX	279	279	100.00	100.00	279	WP_000259031.1	sulfonamide-resistant dihydropteroate synthase Sul1	NA	NA
GCF_013874155.1	NA	NZ_CP059429.1	214675	215226	+	aac(6')-Ib3	aminoglycoside N-acetyltransferase AAC(6')-Ib3	core	AMR	AMR	AMINOGLYCOSIDE	AMIKACIN/KANAMYCIN/TOBRAMYCIN	ALLELEX	184	184	100.00	100.00	184	WP_032488579.1	aminoglycoside N-acetyltransferase AAC(6')-Ib3	NA	NA
GCF_013874155.1	NA	NZ_CP059429.1	215305	215766	+	aac(3)-Ia	aminoglycoside N-acetyltransferase AAC(3)-Ia	core	AMR	AMR	AMINOGLYCOSIDE	GENTAMICIN	EXACTX	154	154	100.00	100.00	154	WP_002089484.1	aminoglycoside N-acetyltransferase AAC(3)-Ia	NA	NA
GCF_013874155.1	NA	NZ_CP059429.1	216813	217601	+	aadA1	ANT(3'')-Ia family aminoglycoside nucleotidyltransferase AadA1	core	AMR	AMR	AMINOGLYCOSIDE	STREPTOMYCIN	EXACTX	263	263	100.00	100.00	263	WP_001206316.1	ANT(3'')-Ia family aminoglycoside nucleotidyltransferase AadA1	NA	NA
GCF_013874155.1	NA	NZ_CP059429.1	217768	218112	+	qacEdelta1	quaternary ammonium compound efflux SMR transporter QacE delta 1	core	STRESS	BIOCIDE	QUATERNARY AMMONIUM	QUATERNARY AMMONIUM	ALLELEX	115	115	100.00	100.00	115	WP_000679427.1	quaternary ammonium compound efflux SMR transporter QacE delta 1	NA	NA
GCF_013874155.1	NA	NZ_CP059429.1	218109	218945	+	sul1	sulfonamide-resistant dihydropteroate synthase Sul1	core	AMR	AMR	SULFONAMIDE	SULFONAMIDE	EXACTX	279	279	100.00	100.00	279	WP_000259031.1	sulfonamide-resistant dihydropteroate synthase Sul1	NA	NA
GCF_013874155.1	NA	NZ_CP059429.1	233621	234259	+	catA2	type A-2 chloramphenicol O-acetyltransferase CatII	core	AMR	AMR	PHENICOL	CHLORAMPHENICOL	EXACTX	213	213	100.00	100.00	213	WP_001011939.1	type A-2 chloramphenicol O-acetyltransferase CatII	NA	NA
GCF_013874155.1	NA	NZ_CP059429.1	263555	264319	-	aph(3')-Ia	aminoglycoside O-phosphotransferase APH(3')-Ia	core	AMR	AMR	AMINOGLYCOSIDE	KANAMYCIN	BLASTX	255	271	94.10	99.61	255	WP_012695470.1	aminoglycoside O-phosphotransferase APH(3')-Ia	NA	NA
GCF_013899365.1	NA	NZ_CP057864.1	2823584	2824030	+	aac(6')-If	aminoglycoside N-acetyltransferase AAC(6')-If	core	AMR	AMR	AMINOGLYCOSIDE	AMIKACIN/KANAMYCIN/TOBRAMYCIN	EXACTX	149	149	100.00	100.00	149	WP_071593229.1	aminoglycoside N-acetyltransferase AAC(6')-If	NA	NA
GCF_013899365.1	NA	NZ_CP057864.1	4375077	4376219	+	blaCMY-180	class C beta-lactamase CMY-180	core	AMR	AMR	BETA-LACTAM	CEPHALOSPORIN	ALLELEX	381	381	100.00	100.00	381	WP_060855400.1	class C beta-lactamase CMY-180	NA	NA
GCF_014170055.1	NA	NZ_CP054294.1	1602808	1605441	+	gyrA_T83I	Citrobacter freundii quinolone resistant GyrA	core	AMR	POINT	QUINOLONE	QUINOLONE	POINTX	878	878	100.00	99.89	878	WP_003027598.1	DNA gyrase subunit A GyrA	NA	NA
GCF_014170055.1	NA	NZ_CP054294.1	4479240	4480382	+	blaCMY-48	class C beta-lactamase CMY-48	core	AMR	AMR	BETA-LACTAM	CEPHALOSPORIN	ALLELEX	381	381	100.00	100.00	381	WP_044699195.1	class C beta-lactamase CMY-48	NA	NA
GCF_014170055.1	NA	NZ_CP054294.1	4968737	4969522	-	aadA1	ANT(3'')-Ia family aminoglycoside nucleotidyltransferase AadA1	core	AMR	AMR	AMINOGLYCOSIDE	STREPTOMYCIN	EXACTX	262	262	100.00	100.00	262	WP_001206315.1	ANT(3'')-Ia family aminoglycoside nucleotidyltransferase AadA1	NA	NA
GCF_014170055.1	NA	NZ_CP054294.1	4969583	4970104	-	sat2	streptothricin N-acetyltransferase Sat2	core	AMR	AMR	STREPTOTHRICIN	STREPTOTHRICIN	EXACTX	174	174	100.00	100.00	174	WP_000704156.1	streptothricin N-acetyltransferase Sat2	NA	NA
GCF_014170055.1	NA	NZ_CP054294.1	4970202	4970672	-	dfrA1	trimethoprim-resistant dihydrofolate reductase DfrA1	core	AMR	AMR	TRIMETHOPRIM	TRIMETHOPRIM	EXACTX	157	157	100.00	100.00	157	WP_000777554.1	trimethoprim-resistant dihydrofolate reductase DfrA1	NA	NA
GCF_014170055.1	NA	NZ_CP054295.1	24154	24990	-	sul1	sulfonamide-resistant dihydropteroate synthase Sul1	core	AMR	AMR	SULFONAMIDE	SULFONAMIDE	EXACTX	279	279	100.00	100.00	279	WP_000259031.1	sulfonamide-resistant dihydropteroate synthase Sul1	NA	NA
GCF_014170055.1	NA	NZ_CP054295.1	24987	25331	-	qacEdelta1	quaternary ammonium compound efflux SMR transporter QacE delta 1	core	STRESS	BIOCIDE	QUATERNARY AMMONIUM	QUATERNARY AMMONIUM	ALLELEX	115	115	100.00	100.00	115	WP_000679427.1	quaternary ammonium compound efflux SMR transporter QacE delta 1	NA	NA
GCF_014170055.1	NA	NZ_CP054295.1	25557	26006	-	arr-3	NAD(+)--rifampin ADP-ribosyltransferase Arr-3	core	AMR	AMR	RIFAMYCIN	RIFAMYCIN	EXACTX	150	150	100.00	100.00	150	WP_001749986.1	NAD(+)--rifampin ADP-ribosyltransferase Arr-3	NA	NA
GCF_014170055.1	NA	NZ_CP054295.1	26094	26723	-	catB3	type B-3 chloramphenicol O-acetyltransferase CatB3	core	AMR	AMR	PHENICOL	CHLORAMPHENICOL	EXACTX	210	210	100.00	100.00	210	WP_000186237.1	type B-3 chloramphenicol O-acetyltransferase CatB3	NA	NA
GCF_014170055.1	NA	NZ_CP054295.1	26864	27691	-	blaOXA-1	oxacillin-hydrolyzing class D beta-lactamase OXA-1	core	AMR	AMR	BETA-LACTAM	CEPHALOSPORIN	ALLELEX	276	276	100.00	100.00	276	WP_001334766.1	oxacillin-hydrolyzing class D beta-lactamase OXA-1	NA	NA
GCF_014170055.1	NA	NZ_CP054295.1	27825	28376	-	aac(6')-Ib-cr5	fluoroquinolone-acetylating aminoglycoside 6'-N-acetyltransferase AAC(6')-Ib-cr5	core	AMR	AMR	AMINOGLYCOSIDE/QUINOLONE	AMIKACIN/KANAMYCIN/QUINOLONE/TOBRAMYCIN	ALLELEX	184	184	100.00	100.00	184	WP_063840321.1	fluoroquinolone-acetylating aminoglycoside 6'-N-acetyltransferase AAC(6')-Ib-cr5	NA	NA
GCF_014170055.1	NA	NZ_CP054295.1	33798	34655	-	blaTEM-1	broad-spectrum class A beta-lactamase TEM-1	core	AMR	AMR	BETA-LACTAM	BETA-LACTAM	ALLELEX	286	286	100.00	100.00	286	WP_000027057.1	broad-spectrum class A beta-lactamase TEM-1	NA	NA
GCF_014170055.1	NA	NZ_CP054295.1	39630	40487	-	aac(3)-IId	aminoglycoside N-acetyltransferase AAC(3)-IId	core	AMR	AMR	AMINOGLYCOSIDE	GENTAMICIN	EXACTX	286	286	100.00	100.00	286	WP_000557454.1	aminoglycoside N-acetyltransferase AAC(3)-IId	NA	NA
GCF_014170055.1	NA	NZ_CP054295.1	41546	42448	+	mph(A)	Mph(A) family macrolide 2'-phosphotransferase	core	AMR	AMR	MACROLIDE	AZITHROMYCIN/ERYTHROMYCIN/SPIRAMYCIN/TELITHROMYCIN	EXACTX	301	301	100.00	100.00	301	WP_000219391.1	Mph(A) family macrolide 2'-phosphotransferase	NA	NA
GCF_014170055.1	NA	NZ_CP054295.1	42448	43683	+	mrx(A)	phosphorylated macrolide efflux MFS transporter Mrx(A)	core	AMR	AMR	MACROLIDE	AZITHROMYCIN/ERYTHROMYCIN/SPIRAMYCIN/TELITHROMYCIN	EXACTX	412	412	100.00	100.00	412	WP_000004159.1	phosphorylated macrolide efflux MFS transporter Mrx(A)	NA	NA
GCF_014170055.1	NA	NZ_CP054295.1	49195	50007	+	sul2	sulfonamide-resistant dihydropteroate synthase Sul2	core	AMR	AMR	SULFONAMIDE	SULFONAMIDE	EXACTX	271	271	100.00	100.00	271	WP_001043260.1	sulfonamide-resistant dihydropteroate synthase Sul2	NA	NA
GCF_014170055.1	NA	NZ_CP054296.1	1167	2045	+	blaKPC-2	carbapenem-hydrolyzing class A beta-lactamase KPC-2	core	AMR	AMR	BETA-LACTAM	CARBAPENEM	ALLELEX	293	293	100.00	100.00	293	WP_004199234.1	carbapenem-hydrolyzing class A beta-lactamase KPC-2	NA	NA
GCF_014170055.1	NA	NZ_CP054297.1	1167	2045	+	blaKPC-2	carbapenem-hydrolyzing class A beta-lactamase KPC-2	core	AMR	AMR	BETA-LACTAM	CARBAPENEM	ALLELEX	293	293	100.00	100.00	293	WP_004199234.1	carbapenem-hydrolyzing class A beta-lactamase KPC-2	NA	NA
GCF_014170055.1	NA	NZ_CP054297.1	34928	35785	-	blaTEM-1	broad-spectrum class A beta-lactamase TEM-1	core	AMR	AMR	BETA-LACTAM	BETA-LACTAM	ALLELEX	286	286	100.00	100.00	286	WP_000027057.1	broad-spectrum class A beta-lactamase TEM-1	NA	NA
GCF_014189285.1	NA	NZ_CP047279.1	1691180	1693813	+	gyrA_T83I	Citrobacter freundii quinolone resistant GyrA	core	AMR	POINT	QUINOLONE	QUINOLONE	POINTX	878	878	100.00	99.89	878	WP_003027598.1	DNA gyrase subunit A GyrA	NA	NA
GCF_014189285.1	NA	NZ_CP047279.1	3311884	3312678	-	blaOXA-204	OXA-48 family carbapenem-hydrolyzing class D beta-lactamase OXA-204	core	AMR	AMR	BETA-LACTAM	CARBAPENEM	ALLELEX	265	265	100.00	100.00	265	WP_032495449.1	OXA-48 family carbapenem-hydrolyzing class D beta-lactamase OXA-204	NA	NA
GCF_014189285.1	NA	NZ_CP047279.1	4637699	4638841	+	blaCMY-48	class C beta-lactamase CMY-48	core	AMR	AMR	BETA-LACTAM	CEPHALOSPORIN	ALLELEX	381	381	100.00	100.00	381	WP_044699195.1	class C beta-lactamase CMY-48	NA	NA
GCF_014189285.1	NA	NZ_CP047279.1	5176211	5176996	-	aadA1	ANT(3'')-Ia family aminoglycoside nucleotidyltransferase AadA1	core	AMR	AMR	AMINOGLYCOSIDE	STREPTOMYCIN	EXACTX	262	262	100.00	100.00	262	WP_001206315.1	ANT(3'')-Ia family aminoglycoside nucleotidyltransferase AadA1	NA	NA
GCF_014189285.1	NA	NZ_CP047279.1	5177057	5177578	-	sat2	streptothricin N-acetyltransferase Sat2	core	AMR	AMR	STREPTOTHRICIN	STREPTOTHRICIN	EXACTX	174	174	100.00	100.00	174	WP_000704156.1	streptothricin N-acetyltransferase Sat2	NA	NA
GCF_014189285.1	NA	NZ_CP047279.1	5177676	5178146	-	dfrA1	trimethoprim-resistant dihydrofolate reductase DfrA1	core	AMR	AMR	TRIMETHOPRIM	TRIMETHOPRIM	EXACTX	157	157	100.00	100.00	157	WP_000777554.1	trimethoprim-resistant dihydrofolate reductase DfrA1	NA	NA
GCF_014189285.1	NA	NZ_CP047280.1	17493	18305	-	sul2	sulfonamide-resistant dihydropteroate synthase Sul2	core	AMR	AMR	SULFONAMIDE	SULFONAMIDE	EXACTX	271	271	100.00	100.00	271	WP_001043260.1	sulfonamide-resistant dihydropteroate synthase Sul2	NA	NA
GCF_014189285.1	NA	NZ_CP047280.1	46646	47788	+	blaCMY-4	extended-spectrum class C beta-lactamase CMY-4	core	AMR	AMR	BETA-LACTAM	CEPHALOSPORIN	ALLELEX	381	381	100.00	100.00	381	WP_015056382.1	extended-spectrum class C beta-lactamase CMY-4	NA	NA
GCF_014189285.1	NA	NZ_CP047280.1	115130	115924	+	blaOXA-204	OXA-48 family carbapenem-hydrolyzing class D beta-lactamase OXA-204	core	AMR	AMR	BETA-LACTAM	CARBAPENEM	ALLELEX	265	265	100.00	100.00	265	WP_032495449.1	OXA-48 family carbapenem-hydrolyzing class D beta-lactamase OXA-204	NA	NA
GCF_014189285.1	NA	NZ_CP047280.1	125558	126370	+	sul2	sulfonamide-resistant dihydropteroate synthase Sul2	core	AMR	AMR	SULFONAMIDE	SULFONAMIDE	EXACTX	271	271	100.00	100.00	271	WP_001043260.1	sulfonamide-resistant dihydropteroate synthase Sul2	NA	NA
GCF_014189285.1	NA	NZ_CP047280.1	126434	127234	+	aph(3'')-Ib	aminoglycoside O-phosphotransferase APH(3'')-Ib	core	AMR	AMR	AMINOGLYCOSIDE	STREPTOMYCIN	BLASTX	267	267	100.00	99.63	267	WP_001082319.1	aminoglycoside O-phosphotransferase APH(3'')-Ib	NA	NA
GCF_014189285.1	NA	NZ_CP047280.1	127237	128070	+	aph(6)-Id	aminoglycoside O-phosphotransferase APH(6)-Id	core	AMR	AMR	AMINOGLYCOSIDE	STREPTOMYCIN	BLASTX	278	278	100.00	99.64	278	WP_000480968.1	aminoglycoside O-phosphotransferase APH(6)-Id	NA	NA
GCF_014189285.1	NA	NZ_CP047280.1	129409	130605	+	tet(A)	tetracycline efflux MFS transporter Tet(A)	core	AMR	AMR	TETRACYCLINE	TETRACYCLINE	EXACTX	399	399	100.00	100.00	399	WP_000804063.1	tetracycline efflux MFS transporter Tet(A)	NA	NA
GCF_014189285.1	NA	NZ_CP047280.1	134659	135297	-	catA2	type A-2 chloramphenicol O-acetyltransferase CatII	core	AMR	AMR	PHENICOL	CHLORAMPHENICOL	EXACTX	213	213	100.00	100.00	213	WP_001011939.1	type A-2 chloramphenicol O-acetyltransferase CatII	NA	NA
GCF_014189285.1	NA	NZ_CP047280.1	141927	142784	-	blaTEM-1	broad-spectrum class A beta-lactamase TEM-1	core	AMR	AMR	BETA-LACTAM	BETA-LACTAM	ALLELEX	286	286	100.00	100.00	286	WP_000027057.1	broad-spectrum class A beta-lactamase TEM-1	NA	NA
GCF_014189285.1	NA	NZ_CP047280.1	147759	148616	-	aac(3)-IId	aminoglycoside N-acetyltransferase AAC(3)-IId	core	AMR	AMR	AMINOGLYCOSIDE	GENTAMICIN	EXACTX	286	286	100.00	100.00	286	WP_000557454.1	aminoglycoside N-acetyltransferase AAC(3)-IId	NA	NA
GCF_014189285.1	NA	NZ_CP047280.1	149675	150577	+	mph(A)	Mph(A) family macrolide 2'-phosphotransferase	core	AMR	AMR	MACROLIDE	AZITHROMYCIN/ERYTHROMYCIN/SPIRAMYCIN/TELITHROMYCIN	EXACTX	301	301	100.00	100.00	301	WP_000219391.1	Mph(A) family macrolide 2'-phosphotransferase	NA	NA
GCF_014189285.1	NA	NZ_CP047280.1	150577	151812	+	mrx(A)	phosphorylated macrolide efflux MFS transporter Mrx(A)	core	AMR	AMR	MACROLIDE	AZITHROMYCIN/ERYTHROMYCIN/SPIRAMYCIN/TELITHROMYCIN	EXACTX	412	412	100.00	100.00	412	WP_000004159.1	phosphorylated macrolide efflux MFS transporter Mrx(A)	NA	NA
GCF_014189285.1	NA	NZ_CP047280.1	154794	155630	-	sul1	sulfonamide-resistant dihydropteroate synthase Sul1	core	AMR	AMR	SULFONAMIDE	SULFONAMIDE	EXACTX	279	279	100.00	100.00	279	WP_000259031.1	sulfonamide-resistant dihydropteroate synthase Sul1	NA	NA
GCF_014189285.1	NA	NZ_CP047280.1	155627	155971	-	qacEdelta1	quaternary ammonium compound efflux SMR transporter QacE delta 1	core	STRESS	BIOCIDE	QUATERNARY AMMONIUM	QUATERNARY AMMONIUM	ALLELEX	115	115	100.00	100.00	115	WP_000679427.1	quaternary ammonium compound efflux SMR transporter QacE delta 1	NA	NA
GCF_014189285.1	NA	NZ_CP047280.1	156197	156646	-	arr-3	NAD(+)--rifampin ADP-ribosyltransferase Arr-3	core	AMR	AMR	RIFAMYCIN	RIFAMYCIN	EXACTX	150	150	100.00	100.00	150	WP_001749986.1	NAD(+)--rifampin ADP-ribosyltransferase Arr-3	NA	NA
GCF_014189285.1	NA	NZ_CP047280.1	156734	157363	-	catB3	type B-3 chloramphenicol O-acetyltransferase CatB3	core	AMR	AMR	PHENICOL	CHLORAMPHENICOL	EXACTX	210	210	100.00	100.00	210	WP_000186237.1	type B-3 chloramphenicol O-acetyltransferase CatB3	NA	NA
GCF_014189285.1	NA	NZ_CP047280.1	157504	158202	-	blaOXA	OXA-1 family class D beta-lactamase	core	AMR	AMR	BETA-LACTAM	BETA-LACTAM	PARTIALX	233	276	84.42	100.00	233	WP_001334766.1	oxacillin-hydrolyzing class D beta-lactamase OXA-1	NA	NA
GCF_014189285.1	NA	NZ_CP047280.1	158464	159015	-	aac(6')-Ib-cr5	fluoroquinolone-acetylating aminoglycoside 6'-N-acetyltransferase AAC(6')-Ib-cr5	core	AMR	AMR	AMINOGLYCOSIDE/QUINOLONE	AMIKACIN/KANAMYCIN/QUINOLONE/TOBRAMYCIN	ALLELEX	184	184	100.00	100.00	184	WP_063840321.1	fluoroquinolone-acetylating aminoglycoside 6'-N-acetyltransferase AAC(6')-Ib-cr5	NA	NA
GCF_014189355.1	NA	NZ_CP047273.1	1692759	1695392	+	gyrA_T83I	Citrobacter freundii quinolone resistant GyrA	core	AMR	POINT	QUINOLONE	QUINOLONE	POINTX	878	878	100.00	99.89	878	WP_003027598.1	DNA gyrase subunit A GyrA	NA	NA
GCF_014189355.1	NA	NZ_CP047273.1	3282311	3283105	-	blaOXA-204	OXA-48 family carbapenem-hydrolyzing class D beta-lactamase OXA-204	core	AMR	AMR	BETA-LACTAM	CARBAPENEM	ALLELEX	265	265	100.00	100.00	265	WP_032495449.1	OXA-48 family carbapenem-hydrolyzing class D beta-lactamase OXA-204	NA	NA
GCF_014189355.1	NA	NZ_CP047273.1	4659739	4660881	+	blaCMY-48	class C beta-lactamase CMY-48	core	AMR	AMR	BETA-LACTAM	CEPHALOSPORIN	ALLELEX	381	381	100.00	100.00	381	WP_044699195.1	class C beta-lactamase CMY-48	NA	NA
GCF_014189355.1	NA	NZ_CP047273.1	5196935	5197720	-	aadA1	ANT(3'')-Ia family aminoglycoside nucleotidyltransferase AadA1	core	AMR	AMR	AMINOGLYCOSIDE	STREPTOMYCIN	EXACTX	262	262	100.00	100.00	262	WP_001206315.1	ANT(3'')-Ia family aminoglycoside nucleotidyltransferase AadA1	NA	NA
GCF_014189355.1	NA	NZ_CP047273.1	5197781	5198302	-	sat2	streptothricin N-acetyltransferase Sat2	core	AMR	AMR	STREPTOTHRICIN	STREPTOTHRICIN	EXACTX	174	174	100.00	100.00	174	WP_000704156.1	streptothricin N-acetyltransferase Sat2	NA	NA
GCF_014189355.1	NA	NZ_CP047273.1	5198400	5198870	-	dfrA1	trimethoprim-resistant dihydrofolate reductase DfrA1	core	AMR	AMR	TRIMETHOPRIM	TRIMETHOPRIM	EXACTX	157	157	100.00	100.00	157	WP_000777554.1	trimethoprim-resistant dihydrofolate reductase DfrA1	NA	NA
GCF_014189355.1	NA	NZ_CP047274.1	27827	28639	-	sul2	sulfonamide-resistant dihydropteroate synthase Sul2	core	AMR	AMR	SULFONAMIDE	SULFONAMIDE	EXACTX	271	271	100.00	100.00	271	WP_001043260.1	sulfonamide-resistant dihydropteroate synthase Sul2	NA	NA
GCF_014189355.1	NA	NZ_CP047274.1	56980	58122	+	blaCMY-4	extended-spectrum class C beta-lactamase CMY-4	core	AMR	AMR	BETA-LACTAM	CEPHALOSPORIN	ALLELEX	381	381	100.00	100.00	381	WP_015056382.1	extended-spectrum class C beta-lactamase CMY-4	NA	NA
GCF_014189355.1	NA	NZ_CP047274.1	125459	126253	+	blaOXA-204	OXA-48 family carbapenem-hydrolyzing class D beta-lactamase OXA-204	core	AMR	AMR	BETA-LACTAM	CARBAPENEM	ALLELEX	265	265	100.00	100.00	265	WP_032495449.1	OXA-48 family carbapenem-hydrolyzing class D beta-lactamase OXA-204	NA	NA
GCF_014189355.1	NA	NZ_CP047274.1	149290	149928	-	catA2	type A-2 chloramphenicol O-acetyltransferase CatII	core	AMR	AMR	PHENICOL	CHLORAMPHENICOL	EXACTX	213	213	100.00	100.00	213	WP_001011939.1	type A-2 chloramphenicol O-acetyltransferase CatII	NA	NA
GCF_014189355.1	NA	NZ_CP047274.1	156558	157415	-	blaTEM-1	broad-spectrum class A beta-lactamase TEM-1	core	AMR	AMR	BETA-LACTAM	BETA-LACTAM	ALLELEX	286	286	100.00	100.00	286	WP_000027057.1	broad-spectrum class A beta-lactamase TEM-1	NA	NA
GCF_014189355.1	NA	NZ_CP047274.1	162390	163247	-	aac(3)-IId	aminoglycoside N-acetyltransferase AAC(3)-IId	core	AMR	AMR	AMINOGLYCOSIDE	GENTAMICIN	EXACTX	286	286	100.00	100.00	286	WP_000557454.1	aminoglycoside N-acetyltransferase AAC(3)-IId	NA	NA
GCF_014189355.1	NA	NZ_CP047274.1	164306	165208	+	mph(A)	Mph(A) family macrolide 2'-phosphotransferase	core	AMR	AMR	MACROLIDE	AZITHROMYCIN/ERYTHROMYCIN/SPIRAMYCIN/TELITHROMYCIN	EXACTX	301	301	100.00	100.00	301	WP_000219391.1	Mph(A) family macrolide 2'-phosphotransferase	NA	NA
GCF_014189355.1	NA	NZ_CP047274.1	165208	166443	+	mrx(A)	phosphorylated macrolide efflux MFS transporter Mrx(A)	core	AMR	AMR	MACROLIDE	AZITHROMYCIN/ERYTHROMYCIN/SPIRAMYCIN/TELITHROMYCIN	EXACTX	412	412	100.00	100.00	412	WP_000004159.1	phosphorylated macrolide efflux MFS transporter Mrx(A)	NA	NA
GCF_014189355.1	NA	NZ_CP047274.1	169425	170261	-	sul1	sulfonamide-resistant dihydropteroate synthase Sul1	core	AMR	AMR	SULFONAMIDE	SULFONAMIDE	EXACTX	279	279	100.00	100.00	279	WP_000259031.1	sulfonamide-resistant dihydropteroate synthase Sul1	NA	NA
GCF_014189355.1	NA	NZ_CP047274.1	170258	170602	-	qacEdelta1	quaternary ammonium compound efflux SMR transporter QacE delta 1	core	STRESS	BIOCIDE	QUATERNARY AMMONIUM	QUATERNARY AMMONIUM	ALLELEX	115	115	100.00	100.00	115	WP_000679427.1	quaternary ammonium compound efflux SMR transporter QacE delta 1	NA	NA
GCF_014189355.1	NA	NZ_CP047274.1	170828	171277	-	arr-3	NAD(+)--rifampin ADP-ribosyltransferase Arr-3	core	AMR	AMR	RIFAMYCIN	RIFAMYCIN	EXACTX	150	150	100.00	100.00	150	WP_001749986.1	NAD(+)--rifampin ADP-ribosyltransferase Arr-3	NA	NA
GCF_014189355.1	NA	NZ_CP047274.1	171365	171994	-	catB3	type B-3 chloramphenicol O-acetyltransferase CatB3	core	AMR	AMR	PHENICOL	CHLORAMPHENICOL	EXACTX	210	210	100.00	100.00	210	WP_000186237.1	type B-3 chloramphenicol O-acetyltransferase CatB3	NA	NA
GCF_014189355.1	NA	NZ_CP047274.1	172135	172962	-	blaOXA-1	oxacillin-hydrolyzing class D beta-lactamase OXA-1	core	AMR	AMR	BETA-LACTAM	CEPHALOSPORIN	ALLELEX	276	276	100.00	100.00	276	WP_001334766.1	oxacillin-hydrolyzing class D beta-lactamase OXA-1	NA	NA
GCF_014189355.1	NA	NZ_CP047274.1	173096	173647	-	aac(6')-Ib-cr5	fluoroquinolone-acetylating aminoglycoside 6'-N-acetyltransferase AAC(6')-Ib-cr5	core	AMR	AMR	AMINOGLYCOSIDE/QUINOLONE	AMIKACIN/KANAMYCIN/QUINOLONE/TOBRAMYCIN	ALLELEX	184	184	100.00	100.00	184	WP_063840321.1	fluoroquinolone-acetylating aminoglycoside 6'-N-acetyltransferase AAC(6')-Ib-cr5	NA	NA
GCF_014189375.1	NA	NZ_CP047275.1	1691751	1694384	+	gyrA_T83I	Citrobacter freundii quinolone resistant GyrA	core	AMR	POINT	QUINOLONE	QUINOLONE	POINTX	878	878	100.00	99.89	878	WP_003027598.1	DNA gyrase subunit A GyrA	NA	NA
GCF_014189375.1	NA	NZ_CP047275.1	2747260	2748054	-	blaOXA-204	OXA-48 family carbapenem-hydrolyzing class D beta-lactamase OXA-204	core	AMR	AMR	BETA-LACTAM	CARBAPENEM	ALLELEX	265	265	100.00	100.00	265	WP_032495449.1	OXA-48 family carbapenem-hydrolyzing class D beta-lactamase OXA-204	NA	NA
GCF_014189375.1	NA	NZ_CP047275.1	3280613	3281407	-	blaOXA-204	OXA-48 family carbapenem-hydrolyzing class D beta-lactamase OXA-204	core	AMR	AMR	BETA-LACTAM	CARBAPENEM	ALLELEX	265	265	100.00	100.00	265	WP_032495449.1	OXA-48 family carbapenem-hydrolyzing class D beta-lactamase OXA-204	NA	NA
GCF_014189375.1	NA	NZ_CP047275.1	4608873	4610015	+	blaCMY-48	class C beta-lactamase CMY-48	core	AMR	AMR	BETA-LACTAM	CEPHALOSPORIN	ALLELEX	381	381	100.00	100.00	381	WP_044699195.1	class C beta-lactamase CMY-48	NA	NA
GCF_014189375.1	NA	NZ_CP047275.1	5147393	5148178	-	aadA1	ANT(3'')-Ia family aminoglycoside nucleotidyltransferase AadA1	core	AMR	AMR	AMINOGLYCOSIDE	STREPTOMYCIN	EXACTX	262	262	100.00	100.00	262	WP_001206315.1	ANT(3'')-Ia family aminoglycoside nucleotidyltransferase AadA1	NA	NA
GCF_014189375.1	NA	NZ_CP047275.1	5148239	5148760	-	sat2	streptothricin N-acetyltransferase Sat2	core	AMR	AMR	STREPTOTHRICIN	STREPTOTHRICIN	EXACTX	174	174	100.00	100.00	174	WP_000704156.1	streptothricin N-acetyltransferase Sat2	NA	NA
GCF_014189375.1	NA	NZ_CP047275.1	5148858	5149328	-	dfrA1	trimethoprim-resistant dihydrofolate reductase DfrA1	core	AMR	AMR	TRIMETHOPRIM	TRIMETHOPRIM	EXACTX	157	157	100.00	100.00	157	WP_000777554.1	trimethoprim-resistant dihydrofolate reductase DfrA1	NA	NA
GCF_014189375.1	NA	NZ_CP047276.1	17493	18305	-	sul2	sulfonamide-resistant dihydropteroate synthase Sul2	core	AMR	AMR	SULFONAMIDE	SULFONAMIDE	EXACTX	271	271	100.00	100.00	271	WP_001043260.1	sulfonamide-resistant dihydropteroate synthase Sul2	NA	NA
GCF_014189375.1	NA	NZ_CP047276.1	46646	47788	+	blaCMY-4	extended-spectrum class C beta-lactamase CMY-4	core	AMR	AMR	BETA-LACTAM	CEPHALOSPORIN	ALLELEX	381	381	100.00	100.00	381	WP_015056382.1	extended-spectrum class C beta-lactamase CMY-4	NA	NA
GCF_014189375.1	NA	NZ_CP047276.1	115125	115919	+	blaOXA-204	OXA-48 family carbapenem-hydrolyzing class D beta-lactamase OXA-204	core	AMR	AMR	BETA-LACTAM	CARBAPENEM	ALLELEX	265	265	100.00	100.00	265	WP_032495449.1	OXA-48 family carbapenem-hydrolyzing class D beta-lactamase OXA-204	NA	NA
GCF_014189375.1	NA	NZ_CP047276.1	125553	126365	+	sul2	sulfonamide-resistant dihydropteroate synthase Sul2	core	AMR	AMR	SULFONAMIDE	SULFONAMIDE	EXACTX	271	271	100.00	100.00	271	WP_001043260.1	sulfonamide-resistant dihydropteroate synthase Sul2	NA	NA
GCF_014189375.1	NA	NZ_CP047276.1	126429	127229	+	aph(3'')-Ib	aminoglycoside O-phosphotransferase APH(3'')-Ib	core	AMR	AMR	AMINOGLYCOSIDE	STREPTOMYCIN	BLASTX	267	267	100.00	99.63	267	WP_001082319.1	aminoglycoside O-phosphotransferase APH(3'')-Ib	NA	NA
GCF_014189375.1	NA	NZ_CP047276.1	127232	128065	+	aph(6)-Id	aminoglycoside O-phosphotransferase APH(6)-Id	core	AMR	AMR	AMINOGLYCOSIDE	STREPTOMYCIN	BLASTX	278	278	100.00	99.64	278	WP_000480968.1	aminoglycoside O-phosphotransferase APH(6)-Id	NA	NA
GCF_014189375.1	NA	NZ_CP047276.1	129404	130600	+	tet(A)	tetracycline efflux MFS transporter Tet(A)	core	AMR	AMR	TETRACYCLINE	TETRACYCLINE	EXACTX	399	399	100.00	100.00	399	WP_000804063.1	tetracycline efflux MFS transporter Tet(A)	NA	NA
GCF_014189375.1	NA	NZ_CP047276.1	154493	155131	-	catA2	type A-2 chloramphenicol O-acetyltransferase CatII	core	AMR	AMR	PHENICOL	CHLORAMPHENICOL	EXACTX	213	213	100.00	100.00	213	WP_001011939.1	type A-2 chloramphenicol O-acetyltransferase CatII	NA	NA
GCF_014189375.1	NA	NZ_CP047276.1	161761	162618	-	blaTEM-1	broad-spectrum class A beta-lactamase TEM-1	core	AMR	AMR	BETA-LACTAM	BETA-LACTAM	ALLELEX	286	286	100.00	100.00	286	WP_000027057.1	broad-spectrum class A beta-lactamase TEM-1	NA	NA
GCF_014189375.1	NA	NZ_CP047276.1	167593	168450	-	aac(3)-IId	aminoglycoside N-acetyltransferase AAC(3)-IId	core	AMR	AMR	AMINOGLYCOSIDE	GENTAMICIN	EXACTX	286	286	100.00	100.00	286	WP_000557454.1	aminoglycoside N-acetyltransferase AAC(3)-IId	NA	NA
GCF_014189375.1	NA	NZ_CP047276.1	169509	170411	+	mph(A)	Mph(A) family macrolide 2'-phosphotransferase	core	AMR	AMR	MACROLIDE	AZITHROMYCIN/ERYTHROMYCIN/SPIRAMYCIN/TELITHROMYCIN	EXACTX	301	301	100.00	100.00	301	WP_000219391.1	Mph(A) family macrolide 2'-phosphotransferase	NA	NA
GCF_014189375.1	NA	NZ_CP047276.1	170411	171646	+	mrx(A)	phosphorylated macrolide efflux MFS transporter Mrx(A)	core	AMR	AMR	MACROLIDE	AZITHROMYCIN/ERYTHROMYCIN/SPIRAMYCIN/TELITHROMYCIN	EXACTX	412	412	100.00	100.00	412	WP_000004159.1	phosphorylated macrolide efflux MFS transporter Mrx(A)	NA	NA
GCF_014189375.1	NA	NZ_CP047276.1	174628	175464	-	sul1	sulfonamide-resistant dihydropteroate synthase Sul1	core	AMR	AMR	SULFONAMIDE	SULFONAMIDE	EXACTX	279	279	100.00	100.00	279	WP_000259031.1	sulfonamide-resistant dihydropteroate synthase Sul1	NA	NA
GCF_014189375.1	NA	NZ_CP047276.1	175461	175805	-	qacEdelta1	quaternary ammonium compound efflux SMR transporter QacE delta 1	core	STRESS	BIOCIDE	QUATERNARY AMMONIUM	QUATERNARY AMMONIUM	ALLELEX	115	115	100.00	100.00	115	WP_000679427.1	quaternary ammonium compound efflux SMR transporter QacE delta 1	NA	NA
GCF_014189375.1	NA	NZ_CP047276.1	176031	176480	-	arr-3	NAD(+)--rifampin ADP-ribosyltransferase Arr-3	core	AMR	AMR	RIFAMYCIN	RIFAMYCIN	EXACTX	150	150	100.00	100.00	150	WP_001749986.1	NAD(+)--rifampin ADP-ribosyltransferase Arr-3	NA	NA
GCF_014189375.1	NA	NZ_CP047276.1	176568	177197	-	catB3	type B-3 chloramphenicol O-acetyltransferase CatB3	core	AMR	AMR	PHENICOL	CHLORAMPHENICOL	EXACTX	210	210	100.00	100.00	210	WP_000186237.1	type B-3 chloramphenicol O-acetyltransferase CatB3	NA	NA
GCF_014189375.1	NA	NZ_CP047276.1	177338	178165	-	blaOXA-1	oxacillin-hydrolyzing class D beta-lactamase OXA-1	core	AMR	AMR	BETA-LACTAM	CEPHALOSPORIN	ALLELEX	276	276	100.00	100.00	276	WP_001334766.1	oxacillin-hydrolyzing class D beta-lactamase OXA-1	NA	NA
GCF_014189375.1	NA	NZ_CP047276.1	178299	178850	-	aac(6')-Ib-cr5	fluoroquinolone-acetylating aminoglycoside 6'-N-acetyltransferase AAC(6')-Ib-cr5	core	AMR	AMR	AMINOGLYCOSIDE/QUINOLONE	AMIKACIN/KANAMYCIN/QUINOLONE/TOBRAMYCIN	ALLELEX	184	184	100.00	100.00	184	WP_063840321.1	fluoroquinolone-acetylating aminoglycoside 6'-N-acetyltransferase AAC(6')-Ib-cr5	NA	NA
GCF_014725915.1	NA	NZ_CP047269.1	1723846	1726479	+	gyrA_T83I	Citrobacter freundii quinolone resistant GyrA	core	AMR	POINT	QUINOLONE	QUINOLONE	POINTX	878	878	100.00	99.89	878	WP_003027598.1	DNA gyrase subunit A GyrA	NA	NA
GCF_014725915.1	NA	NZ_CP047269.1	3315484	3316278	-	blaOXA-204	OXA-48 family carbapenem-hydrolyzing class D beta-lactamase OXA-204	core	AMR	AMR	BETA-LACTAM	CARBAPENEM	ALLELEX	265	265	100.00	100.00	265	WP_032495449.1	OXA-48 family carbapenem-hydrolyzing class D beta-lactamase OXA-204	NA	NA
GCF_014725915.1	NA	NZ_CP047269.1	4691416	4692558	+	blaCMY-48	class C beta-lactamase CMY-48	core	AMR	AMR	BETA-LACTAM	CEPHALOSPORIN	ALLELEX	381	381	100.00	100.00	381	WP_044699195.1	class C beta-lactamase CMY-48	NA	NA
GCF_014725915.1	NA	NZ_CP047269.1	5249351	5250136	-	aadA1	ANT(3'')-Ia family aminoglycoside nucleotidyltransferase AadA1	core	AMR	AMR	AMINOGLYCOSIDE	STREPTOMYCIN	EXACTX	262	262	100.00	100.00	262	WP_001206315.1	ANT(3'')-Ia family aminoglycoside nucleotidyltransferase AadA1	NA	NA
GCF_014725915.1	NA	NZ_CP047269.1	5250197	5250718	-	sat2	streptothricin N-acetyltransferase Sat2	core	AMR	AMR	STREPTOTHRICIN	STREPTOTHRICIN	EXACTX	174	174	100.00	100.00	174	WP_000704156.1	streptothricin N-acetyltransferase Sat2	NA	NA
GCF_014725915.1	NA	NZ_CP047269.1	5250816	5251286	-	dfrA1	trimethoprim-resistant dihydrofolate reductase DfrA1	core	AMR	AMR	TRIMETHOPRIM	TRIMETHOPRIM	EXACTX	157	157	100.00	100.00	157	WP_000777554.1	trimethoprim-resistant dihydrofolate reductase DfrA1	NA	NA
GCF_014725915.1	NA	NZ_CP047270.1	27827	28639	-	sul2	sulfonamide-resistant dihydropteroate synthase Sul2	core	AMR	AMR	SULFONAMIDE	SULFONAMIDE	EXACTX	271	271	100.00	100.00	271	WP_001043260.1	sulfonamide-resistant dihydropteroate synthase Sul2	NA	NA
GCF_014725915.1	NA	NZ_CP047270.1	56980	58122	+	blaCMY-4	extended-spectrum class C beta-lactamase CMY-4	core	AMR	AMR	BETA-LACTAM	CEPHALOSPORIN	ALLELEX	381	381	100.00	100.00	381	WP_015056382.1	extended-spectrum class C beta-lactamase CMY-4	NA	NA
GCF_014725915.1	NA	NZ_CP047270.1	125459	126253	+	blaOXA-204	OXA-48 family carbapenem-hydrolyzing class D beta-lactamase OXA-204	core	AMR	AMR	BETA-LACTAM	CARBAPENEM	ALLELEX	265	265	100.00	100.00	265	WP_032495449.1	OXA-48 family carbapenem-hydrolyzing class D beta-lactamase OXA-204	NA	NA
GCF_014725915.1	NA	NZ_CP047270.1	149290	149928	-	catA2	type A-2 chloramphenicol O-acetyltransferase CatII	core	AMR	AMR	PHENICOL	CHLORAMPHENICOL	EXACTX	213	213	100.00	100.00	213	WP_001011939.1	type A-2 chloramphenicol O-acetyltransferase CatII	NA	NA
GCF_014725915.1	NA	NZ_CP047270.1	156558	157415	-	blaTEM-1	broad-spectrum class A beta-lactamase TEM-1	core	AMR	AMR	BETA-LACTAM	BETA-LACTAM	ALLELEX	286	286	100.00	100.00	286	WP_000027057.1	broad-spectrum class A beta-lactamase TEM-1	NA	NA
GCF_014725915.1	NA	NZ_CP047270.1	162390	163247	-	aac(3)-IId	aminoglycoside N-acetyltransferase AAC(3)-IId	core	AMR	AMR	AMINOGLYCOSIDE	GENTAMICIN	EXACTX	286	286	100.00	100.00	286	WP_000557454.1	aminoglycoside N-acetyltransferase AAC(3)-IId	NA	NA
GCF_014725915.1	NA	NZ_CP047270.1	164306	165208	+	mph(A)	Mph(A) family macrolide 2'-phosphotransferase	core	AMR	AMR	MACROLIDE	AZITHROMYCIN/ERYTHROMYCIN/SPIRAMYCIN/TELITHROMYCIN	EXACTX	301	301	100.00	100.00	301	WP_000219391.1	Mph(A) family macrolide 2'-phosphotransferase	NA	NA
GCF_014725915.1	NA	NZ_CP047270.1	165208	166443	+	mrx(A)	phosphorylated macrolide efflux MFS transporter Mrx(A)	core	AMR	AMR	MACROLIDE	AZITHROMYCIN/ERYTHROMYCIN/SPIRAMYCIN/TELITHROMYCIN	EXACTX	412	412	100.00	100.00	412	WP_000004159.1	phosphorylated macrolide efflux MFS transporter Mrx(A)	NA	NA
GCF_014725915.1	NA	NZ_CP047270.1	169425	170261	-	sul1	sulfonamide-resistant dihydropteroate synthase Sul1	core	AMR	AMR	SULFONAMIDE	SULFONAMIDE	EXACTX	279	279	100.00	100.00	279	WP_000259031.1	sulfonamide-resistant dihydropteroate synthase Sul1	NA	NA
GCF_014725915.1	NA	NZ_CP047270.1	170258	170602	-	qacEdelta1	quaternary ammonium compound efflux SMR transporter QacE delta 1	core	STRESS	BIOCIDE	QUATERNARY AMMONIUM	QUATERNARY AMMONIUM	ALLELEX	115	115	100.00	100.00	115	WP_000679427.1	quaternary ammonium compound efflux SMR transporter QacE delta 1	NA	NA
GCF_014725915.1	NA	NZ_CP047270.1	170828	171277	-	arr-3	NAD(+)--rifampin ADP-ribosyltransferase Arr-3	core	AMR	AMR	RIFAMYCIN	RIFAMYCIN	EXACTX	150	150	100.00	100.00	150	WP_001749986.1	NAD(+)--rifampin ADP-ribosyltransferase Arr-3	NA	NA
GCF_014725915.1	NA	NZ_CP047270.1	171365	171994	-	catB3	type B-3 chloramphenicol O-acetyltransferase CatB3	core	AMR	AMR	PHENICOL	CHLORAMPHENICOL	EXACTX	210	210	100.00	100.00	210	WP_000186237.1	type B-3 chloramphenicol O-acetyltransferase CatB3	NA	NA
GCF_014725915.1	NA	NZ_CP047270.1	172135	172962	-	blaOXA-1	oxacillin-hydrolyzing class D beta-lactamase OXA-1	core	AMR	AMR	BETA-LACTAM	CEPHALOSPORIN	ALLELEX	276	276	100.00	100.00	276	WP_001334766.1	oxacillin-hydrolyzing class D beta-lactamase OXA-1	NA	NA
GCF_014725915.1	NA	NZ_CP047270.1	173096	173647	-	aac(6')-Ib-cr5	fluoroquinolone-acetylating aminoglycoside 6'-N-acetyltransferase AAC(6')-Ib-cr5	core	AMR	AMR	AMINOGLYCOSIDE/QUINOLONE	AMIKACIN/KANAMYCIN/QUINOLONE/TOBRAMYCIN	ALLELEX	184	184	100.00	100.00	184	WP_063840321.1	fluoroquinolone-acetylating aminoglycoside 6'-N-acetyltransferase AAC(6')-Ib-cr5	NA	NA
GCF_016505285.2	NA	NZ_CM129778.1	4725234	4726376	+	blaCMY-48	class C beta-lactamase CMY-48	core	AMR	AMR	BETA-LACTAM	CEPHALOSPORIN	ALLELEX	381	381	100.00	100.00	381	WP_044699195.1	class C beta-lactamase CMY-48	NA	NA
GCF_016505285.2	NA	NZ_JADVJF020000002.1	192679	193875	+	tet(A)	tetracycline efflux MFS transporter Tet(A)	core	AMR	AMR	TETRACYCLINE	TETRACYCLINE	EXACTX	399	399	100.00	100.00	399	WP_031942321.1	tetracycline efflux MFS transporter Tet(A)	NA	NA
GCF_016505285.2	NA	NZ_JADVJF020000002.1	201095	201565	-	dfrA14	trimethoprim-resistant dihydrofolate reductase DfrA14	core	AMR	AMR	TRIMETHOPRIM	TRIMETHOPRIM	EXACTX	157	157	100.00	100.00	157	WP_004201280.1	trimethoprim-resistant dihydrofolate reductase DfrA14	NA	NA
GCF_016505285.2	NA	NZ_JADVJF020000002.1	208973	209524	+	aac(6')-Ib-cr5	fluoroquinolone-acetylating aminoglycoside 6'-N-acetyltransferase AAC(6')-Ib-cr5	core	AMR	AMR	AMINOGLYCOSIDE/QUINOLONE	AMIKACIN/KANAMYCIN/QUINOLONE/TOBRAMYCIN	ALLELEX	184	184	100.00	100.00	184	WP_063840321.1	fluoroquinolone-acetylating aminoglycoside 6'-N-acetyltransferase AAC(6')-Ib-cr5	NA	NA
GCF_016505285.2	NA	NZ_JADVJF020000002.1	209658	210485	+	blaOXA-1	oxacillin-hydrolyzing class D beta-lactamase OXA-1	core	AMR	AMR	BETA-LACTAM	CEPHALOSPORIN	ALLELEX	276	276	100.00	100.00	276	WP_001334766.1	oxacillin-hydrolyzing class D beta-lactamase OXA-1	NA	NA
GCF_016505285.2	NA	NZ_JADVJF020000002.1	210626	211066	+	catB3	type B-3 chloramphenicol O-acetyltransferase CatB3	core	AMR	AMR	PHENICOL	CHLORAMPHENICOL	PARTIALX	147	210	70.00	100.00	147	WP_000186237.1	type B-3 chloramphenicol O-acetyltransferase CatB3	NA	NA
GCF_016505285.2	NA	NZ_JADVJF020000002.1	211931	212788	+	aac(3)-IIe	aminoglycoside N-acetyltransferase AAC(3)-IIe	core	AMR	AMR	AMINOGLYCOSIDE	GENTAMICIN	EXACTX	286	286	100.00	100.00	286	WP_000557452.1	aminoglycoside N-acetyltransferase AAC(3)-IIe	NA	NA
GCF_016505285.2	NA	NZ_JADVJF020000002.1	217948	218820	-	blaCTX-M-15	extended-spectrum class A beta-lactamase CTX-M-15	core	AMR	AMR	BETA-LACTAM	CEPHALOSPORIN	ALLELEX	291	291	100.00	100.00	291	WP_000239590.1	extended-spectrum class A beta-lactamase CTX-M-15	NA	NA
GCF_016505285.2	NA	NZ_JADVJF020000002.1	221642	222499	+	blaTEM-1	broad-spectrum class A beta-lactamase TEM-1	core	AMR	AMR	BETA-LACTAM	BETA-LACTAM	ALLELEX	286	286	100.00	100.00	286	WP_000027057.1	broad-spectrum class A beta-lactamase TEM-1	NA	NA
GCF_016505285.2	NA	NZ_JADVJF020000002.1	223226	224059	-	aph(6)-Id	aminoglycoside O-phosphotransferase APH(6)-Id	core	AMR	AMR	AMINOGLYCOSIDE	STREPTOMYCIN	EXACTX	278	278	100.00	100.00	278	WP_000480968.1	aminoglycoside O-phosphotransferase APH(6)-Id	NA	NA
GCF_016505285.2	NA	NZ_JADVJF020000002.1	224062	224862	-	aph(3'')-Ib	aminoglycoside O-phosphotransferase APH(3'')-Ib	core	AMR	AMR	AMINOGLYCOSIDE	STREPTOMYCIN	EXACTX	267	267	100.00	100.00	267	WP_001082319.1	aminoglycoside O-phosphotransferase APH(3'')-Ib	NA	NA
GCF_016505285.2	NA	NZ_JADVJF020000002.1	224926	225738	-	sul2	sulfonamide-resistant dihydropteroate synthase Sul2	core	AMR	AMR	SULFONAMIDE	SULFONAMIDE	EXACTX	271	271	100.00	100.00	271	WP_001043260.1	sulfonamide-resistant dihydropteroate synthase Sul2	NA	NA
GCF_016505285.2	NA	NZ_JADVJF020000002.1	231261	232049	+	aadA1	ANT(3'')-Ia family aminoglycoside nucleotidyltransferase AadA1	core	AMR	AMR	AMINOGLYCOSIDE	STREPTOMYCIN	EXACTX	263	263	100.00	100.00	263	WP_046622360.1	ANT(3'')-Ia family aminoglycoside nucleotidyltransferase AadA1	NA	NA
GCF_016505285.2	NA	NZ_JADVJF020000002.1	233171	233824	+	catA1	type A-1 chloramphenicol O-acetyltransferase	core	AMR	AMR	PHENICOL	CHLORAMPHENICOL	BLASTX	218	219	99.54	100.00	218	WP_000412211.1	type A-1 chloramphenicol O-acetyltransferase	NA	NA
GCF_016939595.1	NA	NZ_CP070538.1	9650	10528	-	blaKPC-2	carbapenem-hydrolyzing class A beta-lactamase KPC-2	core	AMR	AMR	BETA-LACTAM	CARBAPENEM	ALLELEX	293	293	100.00	100.00	293	WP_004199234.1	carbapenem-hydrolyzing class A beta-lactamase KPC-2	NA	NA
GCF_016939595.1	NA	NZ_CP070538.1	10790	11647	-	blaTEM-1	broad-spectrum class A beta-lactamase TEM-1	core	AMR	AMR	BETA-LACTAM	BETA-LACTAM	ALLELEX	286	286	100.00	100.00	286	WP_000027057.1	broad-spectrum class A beta-lactamase TEM-1	NA	NA
GCF_016939595.1	NA	NZ_CP070538.1	16622	17479	-	aac(3)-IId	aminoglycoside N-acetyltransferase AAC(3)-IId	core	AMR	AMR	AMINOGLYCOSIDE	GENTAMICIN	EXACTX	286	286	100.00	100.00	286	WP_000557454.1	aminoglycoside N-acetyltransferase AAC(3)-IId	NA	NA
GCF_016939595.1	NA	NZ_CP070538.1	20087	20920	-	aph(6)-Id	aminoglycoside O-phosphotransferase APH(6)-Id	core	AMR	AMR	AMINOGLYCOSIDE	STREPTOMYCIN	EXACTX	278	278	100.00	100.00	278	WP_000480968.1	aminoglycoside O-phosphotransferase APH(6)-Id	NA	NA
GCF_016939595.1	NA	NZ_CP070538.1	20923	21723	-	aph(3'')-Ib	aminoglycoside O-phosphotransferase APH(3'')-Ib	core	AMR	AMR	AMINOGLYCOSIDE	STREPTOMYCIN	EXACTX	267	267	100.00	100.00	267	WP_001082319.1	aminoglycoside O-phosphotransferase APH(3'')-Ib	NA	NA
GCF_016939595.1	NA	NZ_CP070538.1	23500	24066	-	dfrA19	trimethoprim-resistant dihydrofolate reductase DfrA19	core	AMR	AMR	TRIMETHOPRIM	TRIMETHOPRIM	EXACTX	189	189	100.00	100.00	189	WP_000019304.1	trimethoprim-resistant dihydrofolate reductase DfrA19	NA	NA
GCF_016939595.1	NA	NZ_CP070538.1	26781	27617	-	sul1	sulfonamide-resistant dihydropteroate synthase Sul1	core	AMR	AMR	SULFONAMIDE	SULFONAMIDE	EXACTX	279	279	100.00	100.00	279	WP_000259031.1	sulfonamide-resistant dihydropteroate synthase Sul1	NA	NA
GCF_016939595.1	NA	NZ_CP070538.1	27614	27820	-	qacE	quaternary ammonium compound efflux SMR transporter QacE	core	STRESS	BIOCIDE	QUATERNARY AMMONIUM	QUATERNARY AMMONIUM	PARTIALX	69	115	60.00	98.55	69	WP_000679427.1	quaternary ammonium compound efflux SMR transporter QacE delta 1	NA	NA
GCF_016939595.1	NA	NZ_CP070538.1	28108	28749	+	qnrB2	quinolone resistance pentapeptide repeat protein QnrB2	core	AMR	AMR	QUINOLONE	QUINOLONE	ALLELEX	214	214	100.00	100.00	214	WP_012695489.1	quinolone resistance pentapeptide repeat protein QnrB2	NA	NA
GCF_016939595.1	NA	NZ_CP070538.1	29898	30800	+	mph(A)	Mph(A) family macrolide 2'-phosphotransferase	core	AMR	AMR	MACROLIDE	AZITHROMYCIN/ERYTHROMYCIN/SPIRAMYCIN/TELITHROMYCIN	EXACTX	301	301	100.00	100.00	301	WP_000219391.1	Mph(A) family macrolide 2'-phosphotransferase	NA	NA
GCF_016939595.1	NA	NZ_CP070538.1	30800	32035	+	mrx(A)	phosphorylated macrolide efflux MFS transporter Mrx(A)	core	AMR	AMR	MACROLIDE	AZITHROMYCIN/ERYTHROMYCIN/SPIRAMYCIN/TELITHROMYCIN	EXACTX	412	412	100.00	100.00	412	WP_000004159.1	phosphorylated macrolide efflux MFS transporter Mrx(A)	NA	NA
GCF_016939595.1	NA	NZ_CP070538.1	36117	36953	-	sul1	sulfonamide-resistant dihydropteroate synthase Sul1	core	AMR	AMR	SULFONAMIDE	SULFONAMIDE	EXACTX	279	279	100.00	100.00	279	WP_000259031.1	sulfonamide-resistant dihydropteroate synthase Sul1	NA	NA
GCF_016939595.1	NA	NZ_CP070538.1	36950	37252	-	qacE	quaternary ammonium compound efflux SMR transporter QacE	core	STRESS	BIOCIDE	QUATERNARY AMMONIUM	QUATERNARY AMMONIUM	PARTIALX	101	115	87.83	100.00	101	WP_000679427.1	quaternary ammonium compound efflux SMR transporter QacE delta 1	NA	NA
GCF_016939595.1	NA	NZ_CP070539.1	1	555	-	sul1	sulfonamide-resistant dihydropteroate synthase Sul1	core	AMR	AMR	SULFONAMIDE	SULFONAMIDE	PARTIAL_CONTIG_ENDX	185	279	66.31	100.00	185	WP_000259031.1	sulfonamide-resistant dihydropteroate synthase Sul1	NA	NA
GCF_016939595.1	NA	NZ_CP070539.1	552	896	-	qacEdelta1	quaternary ammonium compound efflux SMR transporter QacE delta 1	core	STRESS	BIOCIDE	QUATERNARY AMMONIUM	QUATERNARY AMMONIUM	ALLELEX	115	115	100.00	100.00	115	WP_000679427.1	quaternary ammonium compound efflux SMR transporter QacE delta 1	NA	NA
GCF_016939595.1	NA	NZ_CP070539.1	1122	1571	-	arr-3	NAD(+)--rifampin ADP-ribosyltransferase Arr-3	core	AMR	AMR	RIFAMYCIN	RIFAMYCIN	EXACTX	150	150	100.00	100.00	150	WP_001749986.1	NAD(+)--rifampin ADP-ribosyltransferase Arr-3	NA	NA
GCF_016939595.1	NA	NZ_CP070539.1	1659	2288	-	catB3	type B-3 chloramphenicol O-acetyltransferase CatB3	core	AMR	AMR	PHENICOL	CHLORAMPHENICOL	EXACTX	210	210	100.00	100.00	210	WP_000186237.1	type B-3 chloramphenicol O-acetyltransferase CatB3	NA	NA
GCF_016939595.1	NA	NZ_CP070539.1	2429	3256	-	blaOXA-1	oxacillin-hydrolyzing class D beta-lactamase OXA-1	core	AMR	AMR	BETA-LACTAM	CEPHALOSPORIN	ALLELEX	276	276	100.00	100.00	276	WP_001334766.1	oxacillin-hydrolyzing class D beta-lactamase OXA-1	NA	NA
GCF_016939595.1	NA	NZ_CP070539.1	3390	3941	-	aac(6')-Ib-cr5	fluoroquinolone-acetylating aminoglycoside 6'-N-acetyltransferase AAC(6')-Ib-cr5	core	AMR	AMR	AMINOGLYCOSIDE/QUINOLONE	AMIKACIN/KANAMYCIN/QUINOLONE/TOBRAMYCIN	ALLELEX	184	184	100.00	100.00	184	WP_063840321.1	fluoroquinolone-acetylating aminoglycoside 6'-N-acetyltransferase AAC(6')-Ib-cr5	NA	NA
GCF_016939595.1	NA	NZ_CP070539.1	182818	184020	+	tet(B)	tetracycline efflux MFS transporter Tet(B)	core	AMR	AMR	TETRACYCLINE	TETRACYCLINE	EXACTX	401	401	100.00	100.00	401	WP_001089072.1	tetracycline efflux MFS transporter Tet(B)	NA	NA
GCF_016939595.1	NA	NZ_CP070539.1	250667	251503	-	sul1	sulfonamide-resistant dihydropteroate synthase Sul1	core	AMR	AMR	SULFONAMIDE	SULFONAMIDE	EXACTX	279	279	100.00	100.00	279	WP_000259031.1	sulfonamide-resistant dihydropteroate synthase Sul1	NA	NA
GCF_016939595.1	NA	NZ_CP070539.1	251500	251784	-	qacE	quaternary ammonium compound efflux SMR transporter QacE	core	STRESS	BIOCIDE	QUATERNARY AMMONIUM	QUATERNARY AMMONIUM	PARTIALX	95	115	82.61	95.79	95	WP_000679427.1	quaternary ammonium compound efflux SMR transporter QacE delta 1	NA	NA
GCF_016939595.1	NA	NZ_CP070541.1	33145	33801	-	catA1	type A-1 chloramphenicol O-acetyltransferase	core	AMR	AMR	PHENICOL	CHLORAMPHENICOL	EXACTX	219	219	100.00	100.00	219	WP_000412211.1	type A-1 chloramphenicol O-acetyltransferase	NA	NA
GCF_016939595.1	NA	NZ_CP070541.1	41074	41886	-	sul2	sulfonamide-resistant dihydropteroate synthase Sul2	core	AMR	AMR	SULFONAMIDE	SULFONAMIDE	EXACTX	271	271	100.00	100.00	271	WP_001043260.1	sulfonamide-resistant dihydropteroate synthase Sul2	NA	NA
GCF_016939595.1	NA	NZ_CP070542.1	8671	9141	-	sul1	sulfonamide-resistant dihydropteroate synthase Sul1	core	AMR	AMR	SULFONAMIDE	SULFONAMIDE	PARTIALX	157	275	57.45	97.47	158	WP_063855066.1	sulfonamide-resistant dihydropteroate synthase Sul1	NA	NA
GCF_016939595.1	NA	NZ_CP070542.1	9314	9520	-	qacE	quaternary ammonium compound efflux SMR transporter QacE	core	STRESS	BIOCIDE	QUATERNARY AMMONIUM	QUATERNARY AMMONIUM	PARTIALX	69	115	60.00	98.55	69	WP_000679427.1	quaternary ammonium compound efflux SMR transporter QacE delta 1	NA	NA
GCF_016939595.1	NA	NZ_CP070542.1	10015	10446	+	qnrB	QnrB family quinolone resistance pentapeptide repeat protein	core	AMR	AMR	QUINOLONE	QUINOLONE	PARTIALX	144	214	67.29	100.00	144	WP_012695489.1	quinolone resistance pentapeptide repeat protein QnrB2	NA	NA
GCF_016939595.1	NA	NZ_CP070544.1	1244040	1246673	-	gyrA_T83I	Citrobacter freundii quinolone resistant GyrA	core	AMR	POINT	QUINOLONE	QUINOLONE	POINTX	878	878	100.00	99.89	878	WP_003027598.1	DNA gyrase subunit A GyrA	NA	NA
GCF_016939595.1	NA	NZ_CP070544.1	3328760	3329902	-	blaCMY-48	class C beta-lactamase CMY-48	core	AMR	AMR	BETA-LACTAM	CEPHALOSPORIN	ALLELEX	381	381	100.00	100.00	381	WP_044699195.1	class C beta-lactamase CMY-48	NA	NA
GCF_016939615.1	NA	NZ_CP070545.1	131416	132294	-	blaKPC-2	carbapenem-hydrolyzing class A beta-lactamase KPC-2	core	AMR	AMR	BETA-LACTAM	CARBAPENEM	ALLELEX	293	293	100.00	100.00	293	WP_004199234.1	carbapenem-hydrolyzing class A beta-lactamase KPC-2	NA	NA
GCF_016939615.1	NA	NZ_CP070545.1	132556	133413	-	blaTEM-1	broad-spectrum class A beta-lactamase TEM-1	core	AMR	AMR	BETA-LACTAM	BETA-LACTAM	ALLELEX	286	286	100.00	100.00	286	WP_000027057.1	broad-spectrum class A beta-lactamase TEM-1	NA	NA
GCF_016939615.1	NA	NZ_CP070545.1	138388	139245	-	aac(3)-IId	aminoglycoside N-acetyltransferase AAC(3)-IId	core	AMR	AMR	AMINOGLYCOSIDE	GENTAMICIN	EXACTX	286	286	100.00	100.00	286	WP_000557454.1	aminoglycoside N-acetyltransferase AAC(3)-IId	NA	NA
GCF_016939615.1	NA	NZ_CP070545.1	157742	158638	+	aph(2'')-IIa	aminoglycoside O-phosphotransferase APH(2'')-IIa	core	AMR	AMR	AMINOGLYCOSIDE	AMIKACIN/GENTAMICIN/KANAMYCIN/TOBRAMYCIN	BLASTX	299	299	100.00	99.67	299	WP_016439437.1	aminoglycoside O-phosphotransferase APH(2'')-IIa	NA	NA
GCF_016939615.1	NA	NZ_CP070545.1	158685	159218	+	aac(6')-Im	aminoglycoside N-acetyltransferase AAC(6')-Im	core	AMR	AMR	AMINOGLYCOSIDE	AMIKACIN/KANAMYCIN/TOBRAMYCIN	EXACTX	178	178	100.00	100.00	178	WP_010708502.1	aminoglycoside N-acetyltransferase AAC(6')-Im	NA	NA
GCF_016939615.1	NA	NZ_CP070549.1	502911	503357	-	aac(6')-If	aminoglycoside N-acetyltransferase AAC(6')-If	core	AMR	AMR	AMINOGLYCOSIDE	AMIKACIN/KANAMYCIN/TOBRAMYCIN	EXACTX	149	149	100.00	100.00	149	WP_071593229.1	aminoglycoside N-acetyltransferase AAC(6')-If	NA	NA
GCF_016939615.1	NA	NZ_CP070549.1	1708163	1710796	-	gyrA_D87G	Citrobacter freundii quinolone resistant GyrA	core	AMR	POINT	QUINOLONE	QUINOLONE	POINTX	878	878	100.00	99.77	878	WP_003027598.1	DNA gyrase subunit A GyrA	NA	NA
GCF_016939615.1	NA	NZ_CP070549.1	1708163	1710796	-	gyrA_T83I	Citrobacter freundii quinolone resistant GyrA	core	AMR	POINT	QUINOLONE	QUINOLONE	POINTX	878	878	100.00	99.77	878	WP_003027598.1	DNA gyrase subunit A GyrA	NA	NA
GCF_016939615.1	NA	NZ_CP070549.1	1989234	1990046	+	sul2	sulfonamide-resistant dihydropteroate synthase Sul2	core	AMR	AMR	SULFONAMIDE	SULFONAMIDE	EXACTX	271	271	100.00	100.00	271	WP_001043260.1	sulfonamide-resistant dihydropteroate synthase Sul2	NA	NA
GCF_016939615.1	NA	NZ_CP070549.1	3458668	3459138	+	dfrA1	trimethoprim-resistant dihydrofolate reductase DfrA1	core	AMR	AMR	TRIMETHOPRIM	TRIMETHOPRIM	EXACTX	157	157	100.00	100.00	157	WP_000777554.1	trimethoprim-resistant dihydrofolate reductase DfrA1	NA	NA
GCF_016939615.1	NA	NZ_CP070549.1	3459236	3459757	+	sat2	streptothricin N-acetyltransferase Sat2	core	AMR	AMR	STREPTOTHRICIN	STREPTOTHRICIN	EXACTX	174	174	100.00	100.00	174	WP_000704156.1	streptothricin N-acetyltransferase Sat2	NA	NA
GCF_016939615.1	NA	NZ_CP070549.1	3459818	3460603	+	aadA1	ANT(3'')-Ia family aminoglycoside nucleotidyltransferase AadA1	core	AMR	AMR	AMINOGLYCOSIDE	STREPTOMYCIN	EXACTX	262	262	100.00	100.00	262	WP_001206315.1	ANT(3'')-Ia family aminoglycoside nucleotidyltransferase AadA1	NA	NA
GCF_016939615.1	NA	NZ_CP070549.1	4019660	4020802	-	blaCMY-189	class C beta-lactamase CMY-189	core	AMR	AMR	BETA-LACTAM	CEPHALOSPORIN	ALLELEX	381	381	100.00	100.00	381	WP_046670810.1	class C beta-lactamase CMY-189	NA	NA
GCF_016939655.1	NA	NZ_CP070554.1	2	292	-	qacE	quaternary ammonium compound efflux SMR transporter QacE	core	STRESS	BIOCIDE	QUATERNARY AMMONIUM	QUATERNARY AMMONIUM	PARTIAL_CONTIG_ENDX	97	115	84.35	100.00	97	WP_000679427.1	quaternary ammonium compound efflux SMR transporter QacE delta 1	NA	NA
GCF_016939655.1	NA	NZ_CP070554.1	45405	46283	-	blaKPC-2	carbapenem-hydrolyzing class A beta-lactamase KPC-2	core	AMR	AMR	BETA-LACTAM	CARBAPENEM	ALLELEX	293	293	100.00	100.00	293	WP_004199234.1	carbapenem-hydrolyzing class A beta-lactamase KPC-2	NA	NA
GCF_016939655.1	NA	NZ_CP070554.1	46545	47402	-	blaTEM-1	broad-spectrum class A beta-lactamase TEM-1	core	AMR	AMR	BETA-LACTAM	BETA-LACTAM	ALLELEX	286	286	100.00	100.00	286	WP_000027057.1	broad-spectrum class A beta-lactamase TEM-1	NA	NA
GCF_016939655.1	NA	NZ_CP070554.1	52377	53234	-	aac(3)-IId	aminoglycoside N-acetyltransferase AAC(3)-IId	core	AMR	AMR	AMINOGLYCOSIDE	GENTAMICIN	EXACTX	286	286	100.00	100.00	286	WP_000557454.1	aminoglycoside N-acetyltransferase AAC(3)-IId	NA	NA
GCF_016939655.1	NA	NZ_CP070554.1	55842	56675	-	aph(6)-Id	aminoglycoside O-phosphotransferase APH(6)-Id	core	AMR	AMR	AMINOGLYCOSIDE	STREPTOMYCIN	EXACTX	278	278	100.00	100.00	278	WP_000480968.1	aminoglycoside O-phosphotransferase APH(6)-Id	NA	NA
GCF_016939655.1	NA	NZ_CP070554.1	56678	57478	-	aph(3'')-Ib	aminoglycoside O-phosphotransferase APH(3'')-Ib	core	AMR	AMR	AMINOGLYCOSIDE	STREPTOMYCIN	EXACTX	267	267	100.00	100.00	267	WP_001082319.1	aminoglycoside O-phosphotransferase APH(3'')-Ib	NA	NA
GCF_016939655.1	NA	NZ_CP070554.1	59255	59821	-	dfrA19	trimethoprim-resistant dihydrofolate reductase DfrA19	core	AMR	AMR	TRIMETHOPRIM	TRIMETHOPRIM	EXACTX	189	189	100.00	100.00	189	WP_000019304.1	trimethoprim-resistant dihydrofolate reductase DfrA19	NA	NA
GCF_016939655.1	NA	NZ_CP070554.1	62536	63372	-	sul1	sulfonamide-resistant dihydropteroate synthase Sul1	core	AMR	AMR	SULFONAMIDE	SULFONAMIDE	EXACTX	279	279	100.00	100.00	279	WP_000259031.1	sulfonamide-resistant dihydropteroate synthase Sul1	NA	NA
GCF_016939655.1	NA	NZ_CP070555.1	171551	172753	+	tet(B)	tetracycline efflux MFS transporter Tet(B)	core	AMR	AMR	TETRACYCLINE	TETRACYCLINE	EXACTX	401	401	100.00	100.00	401	WP_001089072.1	tetracycline efflux MFS transporter Tet(B)	NA	NA
GCF_016939655.1	NA	NZ_CP070555.1	239400	240236	-	sul1	sulfonamide-resistant dihydropteroate synthase Sul1	core	AMR	AMR	SULFONAMIDE	SULFONAMIDE	EXACTX	279	279	100.00	100.00	279	WP_000259031.1	sulfonamide-resistant dihydropteroate synthase Sul1	NA	NA
GCF_016939655.1	NA	NZ_CP070555.1	240233	240517	-	qacE	quaternary ammonium compound efflux SMR transporter QacE	core	STRESS	BIOCIDE	QUATERNARY AMMONIUM	QUATERNARY AMMONIUM	PARTIALX	95	115	82.61	95.79	95	WP_000679427.1	quaternary ammonium compound efflux SMR transporter QacE delta 1	NA	NA
GCF_016939655.1	NA	NZ_CP070555.1	241891	242544	-	qnrA1	quinolone resistance pentapeptide repeat protein QnrA1	core	AMR	AMR	QUINOLONE	QUINOLONE	ALLELEX	218	218	100.00	100.00	218	WP_012579084.1	quinolone resistance pentapeptide repeat protein QnrA1	NA	NA
GCF_016939655.1	NA	NZ_CP070555.1	244757	245593	-	sul1	sulfonamide-resistant dihydropteroate synthase Sul1	core	AMR	AMR	SULFONAMIDE	SULFONAMIDE	EXACTX	279	279	100.00	100.00	279	WP_000259031.1	sulfonamide-resistant dihydropteroate synthase Sul1	NA	NA
GCF_016939655.1	NA	NZ_CP070555.1	245590	245934	-	qacEdelta1	quaternary ammonium compound efflux SMR transporter QacE delta 1	core	STRESS	BIOCIDE	QUATERNARY AMMONIUM	QUATERNARY AMMONIUM	ALLELEX	115	115	100.00	100.00	115	WP_000679427.1	quaternary ammonium compound efflux SMR transporter QacE delta 1	NA	NA
GCF_016939655.1	NA	NZ_CP070555.1	246160	246609	-	arr-3	NAD(+)--rifampin ADP-ribosyltransferase Arr-3	core	AMR	AMR	RIFAMYCIN	RIFAMYCIN	EXACTX	150	150	100.00	100.00	150	WP_001749986.1	NAD(+)--rifampin ADP-ribosyltransferase Arr-3	NA	NA
GCF_016939655.1	NA	NZ_CP070555.1	246697	247326	-	catB3	type B-3 chloramphenicol O-acetyltransferase CatB3	core	AMR	AMR	PHENICOL	CHLORAMPHENICOL	EXACTX	210	210	100.00	100.00	210	WP_000186237.1	type B-3 chloramphenicol O-acetyltransferase CatB3	NA	NA
GCF_016939655.1	NA	NZ_CP070555.1	247467	248294	-	blaOXA-1	oxacillin-hydrolyzing class D beta-lactamase OXA-1	core	AMR	AMR	BETA-LACTAM	CEPHALOSPORIN	ALLELEX	276	276	100.00	100.00	276	WP_001334766.1	oxacillin-hydrolyzing class D beta-lactamase OXA-1	NA	NA
GCF_016939655.1	NA	NZ_CP070555.1	248428	248979	-	aac(6')-Ib-cr5	fluoroquinolone-acetylating aminoglycoside 6'-N-acetyltransferase AAC(6')-Ib-cr5	core	AMR	AMR	AMINOGLYCOSIDE/QUINOLONE	AMIKACIN/KANAMYCIN/QUINOLONE/TOBRAMYCIN	ALLELEX	184	184	100.00	100.00	184	WP_063840321.1	fluoroquinolone-acetylating aminoglycoside 6'-N-acetyltransferase AAC(6')-Ib-cr5	NA	NA
GCF_016939655.1	NA	NZ_CP070557.1	36834	37646	-	sul2	sulfonamide-resistant dihydropteroate synthase Sul2	core	AMR	AMR	SULFONAMIDE	SULFONAMIDE	EXACTX	271	271	100.00	100.00	271	WP_001043260.1	sulfonamide-resistant dihydropteroate synthase Sul2	NA	NA
GCF_016939655.1	NA	NZ_CP070557.1	101342	102199	-	blaTEM-1	broad-spectrum class A beta-lactamase TEM-1	core	AMR	AMR	BETA-LACTAM	BETA-LACTAM	ALLELEX	286	286	100.00	100.00	286	WP_000027057.1	broad-spectrum class A beta-lactamase TEM-1	NA	NA
GCF_016939655.1	NA	NZ_CP070557.1	153038	153895	+	blaTEM-1	broad-spectrum class A beta-lactamase TEM-1	core	AMR	AMR	BETA-LACTAM	BETA-LACTAM	ALLELEX	286	286	100.00	100.00	286	WP_000027057.1	broad-spectrum class A beta-lactamase TEM-1	NA	NA
GCF_016939655.1	NA	NZ_CP070557.1	154040	154897	+	aac(3)-IIe	aminoglycoside N-acetyltransferase AAC(3)-IIe	core	AMR	AMR	AMINOGLYCOSIDE	GENTAMICIN	EXACTX	286	286	100.00	100.00	286	WP_000557452.1	aminoglycoside N-acetyltransferase AAC(3)-IIe	NA	NA
GCF_016939655.1	NA	NZ_CP070557.1	163773	164429	+	catA1	type A-1 chloramphenicol O-acetyltransferase	core	AMR	AMR	PHENICOL	CHLORAMPHENICOL	EXACTX	219	219	100.00	100.00	219	WP_000412211.1	type A-1 chloramphenicol O-acetyltransferase	NA	NA
GCF_016939655.1	NA	NZ_CP070558.1	7290	7841	+	aac(6')-Ib-cr5	fluoroquinolone-acetylating aminoglycoside 6'-N-acetyltransferase AAC(6')-Ib-cr5	core	AMR	AMR	AMINOGLYCOSIDE/QUINOLONE	AMIKACIN/KANAMYCIN/QUINOLONE/TOBRAMYCIN	ALLELEX	184	184	100.00	100.00	184	WP_063840321.1	fluoroquinolone-acetylating aminoglycoside 6'-N-acetyltransferase AAC(6')-Ib-cr5	NA	NA
GCF_016939655.1	NA	NZ_CP070558.1	7975	8802	+	blaOXA-1	oxacillin-hydrolyzing class D beta-lactamase OXA-1	core	AMR	AMR	BETA-LACTAM	CEPHALOSPORIN	ALLELEX	276	276	100.00	100.00	276	WP_001334766.1	oxacillin-hydrolyzing class D beta-lactamase OXA-1	NA	NA
GCF_016939655.1	NA	NZ_CP070558.1	8943	9572	+	catB3	type B-3 chloramphenicol O-acetyltransferase CatB3	core	AMR	AMR	PHENICOL	CHLORAMPHENICOL	EXACTX	210	210	100.00	100.00	210	WP_000186237.1	type B-3 chloramphenicol O-acetyltransferase CatB3	NA	NA
GCF_016939655.1	NA	NZ_CP070558.1	9660	10109	+	arr-3	NAD(+)--rifampin ADP-ribosyltransferase Arr-3	core	AMR	AMR	RIFAMYCIN	RIFAMYCIN	EXACTX	150	150	100.00	100.00	150	WP_001749986.1	NAD(+)--rifampin ADP-ribosyltransferase Arr-3	NA	NA
GCF_016939655.1	NA	NZ_CP070558.1	10335	10679	+	qacEdelta1	quaternary ammonium compound efflux SMR transporter QacE delta 1	core	STRESS	BIOCIDE	QUATERNARY AMMONIUM	QUATERNARY AMMONIUM	ALLELEX	115	115	100.00	100.00	115	WP_000679427.1	quaternary ammonium compound efflux SMR transporter QacE delta 1	NA	NA
GCF_016939655.1	NA	NZ_CP070558.1	10676	11512	+	sul1	sulfonamide-resistant dihydropteroate synthase Sul1	core	AMR	AMR	SULFONAMIDE	SULFONAMIDE	EXACTX	279	279	100.00	100.00	279	WP_000259031.1	sulfonamide-resistant dihydropteroate synthase Sul1	NA	NA
GCF_016939655.1	NA	NZ_CP070558.1	14227	14793	+	dfrA19	trimethoprim-resistant dihydrofolate reductase DfrA19	core	AMR	AMR	TRIMETHOPRIM	TRIMETHOPRIM	EXACTX	189	189	100.00	100.00	189	WP_000019304.1	trimethoprim-resistant dihydrofolate reductase DfrA19	NA	NA
GCF_016939655.1	NA	NZ_CP070558.1	16570	17370	+	aph(3'')-Ib	aminoglycoside O-phosphotransferase APH(3'')-Ib	core	AMR	AMR	AMINOGLYCOSIDE	STREPTOMYCIN	EXACTX	267	267	100.00	100.00	267	WP_001082319.1	aminoglycoside O-phosphotransferase APH(3'')-Ib	NA	NA
GCF_016939655.1	NA	NZ_CP070558.1	17373	18206	+	aph(6)-Id	aminoglycoside O-phosphotransferase APH(6)-Id	core	AMR	AMR	AMINOGLYCOSIDE	STREPTOMYCIN	EXACTX	278	278	100.00	100.00	278	WP_000480968.1	aminoglycoside O-phosphotransferase APH(6)-Id	NA	NA
GCF_016939655.1	NA	NZ_CP070558.1	20814	21671	+	aac(3)-IId	aminoglycoside N-acetyltransferase AAC(3)-IId	core	AMR	AMR	AMINOGLYCOSIDE	GENTAMICIN	EXACTX	286	286	100.00	100.00	286	WP_000557454.1	aminoglycoside N-acetyltransferase AAC(3)-IId	NA	NA
GCF_016939655.1	NA	NZ_CP070559.1	410938	413571	+	gyrA_T83I	Citrobacter freundii quinolone resistant GyrA	core	AMR	POINT	QUINOLONE	QUINOLONE	POINTX	878	878	100.00	99.89	878	WP_003027598.1	DNA gyrase subunit A GyrA	NA	NA
GCF_016939655.1	NA	NZ_CP070559.1	3312028	3313170	+	blaCMY-48	class C beta-lactamase CMY-48	core	AMR	AMR	BETA-LACTAM	CEPHALOSPORIN	ALLELEX	381	381	100.00	100.00	381	WP_044699195.1	class C beta-lactamase CMY-48	NA	NA
GCF_017086505.1	NA	NZ_CP045726.1	2854413	2854859	+	aac(6')-If	aminoglycoside N-acetyltransferase AAC(6')-If	core	AMR	AMR	AMINOGLYCOSIDE	AMIKACIN/KANAMYCIN/TOBRAMYCIN	BLASTX	149	149	100.00	99.33	149	WP_071593229.1	aminoglycoside N-acetyltransferase AAC(6')-If	NA	NA
GCF_017086505.1	NA	NZ_CP045726.1	4394309	4395451	+	blaCMY	CMY-2 family class C beta-lactamase	core	AMR	AMR	BETA-LACTAM	CEPHALOSPORIN	BLASTX	381	381	100.00	99.74	381	WP_044699195.1	class C beta-lactamase CMY-48	NA	NA
GCF_017086505.1	NA	NZ_CP045727.1	10323	11117	+	blaOXA-48	OXA-48 family carbapenem-hydrolyzing class D beta-lactamase OXA-48	core	AMR	AMR	BETA-LACTAM	CARBAPENEM	ALLELEX	265	265	100.00	100.00	265	WP_015059991.1	OXA-48 family carbapenem-hydrolyzing class D beta-lactamase OXA-48	NA	NA
GCF_020575245.1	NA	NZ_CP115129.1	135567	136403	-	sul1	sulfonamide-resistant dihydropteroate synthase Sul1	core	AMR	AMR	SULFONAMIDE	SULFONAMIDE	EXACTX	279	279	100.00	100.00	279	WP_000259031.1	sulfonamide-resistant dihydropteroate synthase Sul1	NA	NA
GCF_020575245.1	NA	NZ_CP115129.1	136400	136684	-	qacE	quaternary ammonium compound efflux SMR transporter QacE	core	STRESS	BIOCIDE	QUATERNARY AMMONIUM	QUATERNARY AMMONIUM	PARTIALX	95	115	82.61	95.79	95	WP_000679427.1	quaternary ammonium compound efflux SMR transporter QacE delta 1	NA	NA
GCF_020575245.1	NA	NZ_CP115129.1	138058	138711	-	qnrA1	quinolone resistance pentapeptide repeat protein QnrA1	core	AMR	AMR	QUINOLONE	QUINOLONE	ALLELEX	218	218	100.00	100.00	218	WP_012579084.1	quinolone resistance pentapeptide repeat protein QnrA1	NA	NA
GCF_020575245.1	NA	NZ_CP115129.1	140924	141760	-	sul1	sulfonamide-resistant dihydropteroate synthase Sul1	core	AMR	AMR	SULFONAMIDE	SULFONAMIDE	BLASTX	279	279	100.00	99.64	279	WP_000259031.1	sulfonamide-resistant dihydropteroate synthase Sul1	NA	NA
GCF_020575245.1	NA	NZ_CP115129.1	141757	142101	-	qacEdelta1	quaternary ammonium compound efflux SMR transporter QacE delta 1	core	STRESS	BIOCIDE	QUATERNARY AMMONIUM	QUATERNARY AMMONIUM	ALLELEX	115	115	100.00	100.00	115	WP_000679427.1	quaternary ammonium compound efflux SMR transporter QacE delta 1	NA	NA
GCF_020575245.1	NA	NZ_CP115129.1	142327	142776	-	arr-3	NAD(+)--rifampin ADP-ribosyltransferase Arr-3	core	AMR	AMR	RIFAMYCIN	RIFAMYCIN	EXACTX	150	150	100.00	100.00	150	WP_001749986.1	NAD(+)--rifampin ADP-ribosyltransferase Arr-3	NA	NA
GCF_020575245.1	NA	NZ_CP115129.1	142864	143493	-	catB3	type B-3 chloramphenicol O-acetyltransferase CatB3	core	AMR	AMR	PHENICOL	CHLORAMPHENICOL	EXACTX	210	210	100.00	100.00	210	WP_000186237.1	type B-3 chloramphenicol O-acetyltransferase CatB3	NA	NA
GCF_020575245.1	NA	NZ_CP115129.1	143634	144461	-	blaOXA-1	oxacillin-hydrolyzing class D beta-lactamase OXA-1	core	AMR	AMR	BETA-LACTAM	CEPHALOSPORIN	ALLELEX	276	276	100.00	100.00	276	WP_001334766.1	oxacillin-hydrolyzing class D beta-lactamase OXA-1	NA	NA
GCF_020575245.1	NA	NZ_CP115129.1	144595	145146	-	aac(6')-Ib-cr5	fluoroquinolone-acetylating aminoglycoside 6'-N-acetyltransferase AAC(6')-Ib-cr5	core	AMR	AMR	AMINOGLYCOSIDE/QUINOLONE	AMIKACIN/KANAMYCIN/QUINOLONE/TOBRAMYCIN	ALLELEX	184	184	100.00	100.00	184	WP_063840321.1	fluoroquinolone-acetylating aminoglycoside 6'-N-acetyltransferase AAC(6')-Ib-cr5	NA	NA
GCF_020575245.1	NA	NZ_CP115129.1	315398	316600	+	tet(B)	tetracycline efflux MFS transporter Tet(B)	core	AMR	AMR	TETRACYCLINE	TETRACYCLINE	EXACTX	401	401	100.00	100.00	401	WP_001089072.1	tetracycline efflux MFS transporter Tet(B)	NA	NA
GCF_020575245.1	NA	NZ_CP115129.1	2010042	2012675	+	gyrA_T83I	Citrobacter freundii quinolone resistant GyrA	core	AMR	POINT	QUINOLONE	QUINOLONE	POINTX	878	878	100.00	99.77	878	WP_003027598.1	DNA gyrase subunit A GyrA	NA	NA
GCF_020575245.1	NA	NZ_CP115129.1	4905253	4906395	+	blaCMY-75	class C beta-lactamase CMY-75	core	AMR	AMR	BETA-LACTAM	CEPHALOSPORIN	ALLELEX	381	381	100.00	100.00	381	WP_063859865.1	class C beta-lactamase CMY-75	NA	NA
GCF_020575245.1	NA	NZ_CP115130.1	14848	16083	-	mrx(A)	phosphorylated macrolide efflux MFS transporter Mrx(A)	core	AMR	AMR	MACROLIDE	AZITHROMYCIN/ERYTHROMYCIN/SPIRAMYCIN/TELITHROMYCIN	EXACTX	412	412	100.00	100.00	412	WP_000004159.1	phosphorylated macrolide efflux MFS transporter Mrx(A)	NA	NA
GCF_020575245.1	NA	NZ_CP115130.1	16083	16985	-	mph(A)	Mph(A) family macrolide 2'-phosphotransferase	core	AMR	AMR	MACROLIDE	AZITHROMYCIN/ERYTHROMYCIN/SPIRAMYCIN/TELITHROMYCIN	EXACTX	301	301	100.00	100.00	301	WP_000219391.1	Mph(A) family macrolide 2'-phosphotransferase	NA	NA
GCF_020575245.1	NA	NZ_CP115131.1	1068	1946	+	blaKPC-2	carbapenem-hydrolyzing class A beta-lactamase KPC-2	core	AMR	AMR	BETA-LACTAM	CARBAPENEM	ALLELEX	293	293	100.00	100.00	293	WP_004199234.1	carbapenem-hydrolyzing class A beta-lactamase KPC-2	NA	NA
GCF_020695525.1	NA	NZ_CP085726.1	873976	875118	-	blaCMY-51	class C beta-lactamase CMY-51	core	AMR	AMR	BETA-LACTAM	CEPHALOSPORIN	ALLELEX	381	381	100.00	100.00	381	WP_063859847.1	class C beta-lactamase CMY-51	NA	NA
GCF_020695525.1	NA	NZ_CP085726.1	2674393	2675205	-	aph(3')-Ia	aminoglycoside O-phosphotransferase APH(3')-Ia	core	AMR	AMR	AMINOGLYCOSIDE	KANAMYCIN	EXACTX	271	271	100.00	100.00	271	WP_012695470.1	aminoglycoside O-phosphotransferase APH(3')-Ia	NA	NA
GCF_020695525.1	NA	NZ_CP085726.1	3502007	3504640	-	gyrA_T83I	Citrobacter freundii quinolone resistant GyrA	core	AMR	POINT	QUINOLONE	QUINOLONE	POINTX	878	878	100.00	99.89	878	WP_003027598.1	DNA gyrase subunit A GyrA	NA	NA
GCF_020695525.1	NA	NZ_CP085727.1	196663	197427	+	aph(3')-Ia	aminoglycoside O-phosphotransferase APH(3')-Ia	core	AMR	AMR	AMINOGLYCOSIDE	KANAMYCIN	BLASTX	255	271	94.10	99.61	255	WP_012695470.1	aminoglycoside O-phosphotransferase APH(3')-Ia	NA	NA
GCF_020695525.1	NA	NZ_CP085727.1	226715	227353	-	catA2	type A-2 chloramphenicol O-acetyltransferase CatII	core	AMR	AMR	PHENICOL	CHLORAMPHENICOL	EXACTX	213	213	100.00	100.00	213	WP_001011939.1	type A-2 chloramphenicol O-acetyltransferase CatII	NA	NA
GCF_020695525.1	NA	NZ_CP085727.1	241972	242808	-	sul1	sulfonamide-resistant dihydropteroate synthase Sul1	core	AMR	AMR	SULFONAMIDE	SULFONAMIDE	EXACTX	279	279	100.00	100.00	279	WP_000259031.1	sulfonamide-resistant dihydropteroate synthase Sul1	NA	NA
GCF_020695525.1	NA	NZ_CP085727.1	242805	243149	-	qacEdelta1	quaternary ammonium compound efflux SMR transporter QacE delta 1	core	STRESS	BIOCIDE	QUATERNARY AMMONIUM	QUATERNARY AMMONIUM	ALLELEX	115	115	100.00	100.00	115	WP_000679427.1	quaternary ammonium compound efflux SMR transporter QacE delta 1	NA	NA
GCF_020695525.1	NA	NZ_CP085727.1	243316	244104	-	aadA1	ANT(3'')-Ia family aminoglycoside nucleotidyltransferase AadA1	core	AMR	AMR	AMINOGLYCOSIDE	STREPTOMYCIN	EXACTX	263	263	100.00	100.00	263	WP_001206316.1	ANT(3'')-Ia family aminoglycoside nucleotidyltransferase AadA1	NA	NA
GCF_020695525.1	NA	NZ_CP085727.1	244200	245456	-	cmlA1	chloramphenicol efflux MFS transporter CmlA1	core	AMR	AMR	PHENICOL	CHLORAMPHENICOL	EXACTX	419	419	100.00	100.00	419	WP_000095725.1	chloramphenicol efflux MFS transporter CmlA1	NA	NA
GCF_020695525.1	NA	NZ_CP085727.1	245721	246509	-	aadA2	ANT(3'')-Ia family aminoglycoside nucleotidyltransferase AadA2	core	AMR	AMR	AMINOGLYCOSIDE	STREPTOMYCIN	EXACTX	263	263	100.00	100.00	263	WP_001261740.1	ANT(3'')-Ia family aminoglycoside nucleotidyltransferase AadA2	NA	NA
GCF_020695525.1	NA	NZ_CP085727.1	247214	247780	-	dfrA19	trimethoprim-resistant dihydrofolate reductase DfrA19	core	AMR	AMR	TRIMETHOPRIM	TRIMETHOPRIM	BLASTX	189	189	100.00	98.41	189	WP_000019304.1	trimethoprim-resistant dihydrofolate reductase DfrA19	NA	NA
GCF_020695525.1	NA	NZ_CP085727.1	250735	251571	-	sul1	sulfonamide-resistant dihydropteroate synthase Sul1	core	AMR	AMR	SULFONAMIDE	SULFONAMIDE	EXACTX	279	279	100.00	100.00	279	WP_000259031.1	sulfonamide-resistant dihydropteroate synthase Sul1	NA	NA
GCF_020695525.1	NA	NZ_CP085727.1	251568	251912	-	qacEdelta1	quaternary ammonium compound efflux SMR transporter QacE delta 1	core	STRESS	BIOCIDE	QUATERNARY AMMONIUM	QUATERNARY AMMONIUM	ALLELEX	115	115	100.00	100.00	115	WP_000679427.1	quaternary ammonium compound efflux SMR transporter QacE delta 1	NA	NA
GCF_020695525.1	NA	NZ_CP085727.1	252079	252867	-	aadA2	ANT(3'')-Ia family aminoglycoside nucleotidyltransferase AadA2	core	AMR	AMR	AMINOGLYCOSIDE	STREPTOMYCIN	EXACTX	263	263	100.00	100.00	263	WP_001261740.1	ANT(3'')-Ia family aminoglycoside nucleotidyltransferase AadA2	NA	NA
GCF_020695525.1	NA	NZ_CP085727.1	252928	253458	-	ant(2'')-Ia	aminoglycoside nucleotidyltransferase ANT(2'')-Ia	core	AMR	AMR	AMINOGLYCOSIDE	GENTAMICIN/KANAMYCIN/TOBRAMYCIN	EXACTX	177	177	100.00	100.00	177	WP_000381802.1	aminoglycoside nucleotidyltransferase ANT(2'')-Ia	NA	NA
GCF_020695525.1	NA	NZ_CP085728.1	3456	4007	+	aac(6')-Ib3	aminoglycoside N-acetyltransferase AAC(6')-Ib3	core	AMR	AMR	AMINOGLYCOSIDE	AMIKACIN/KANAMYCIN/TOBRAMYCIN	ALLELEX	184	184	100.00	100.00	184	WP_032488579.1	aminoglycoside N-acetyltransferase AAC(6')-Ib3	NA	NA
GCF_020695525.1	NA	NZ_CP085728.1	4101	4898	+	blaVIM-4	subclass B1 metallo-beta-lactamase VIM-4	core	AMR	AMR	BETA-LACTAM	CARBAPENEM	ALLELEX	266	266	100.00	100.00	266	WP_032492008.1	subclass B1 metallo-beta-lactamase VIM-4	NA	NA
GCF_020695525.1	NA	NZ_CP085728.1	5263	5607	+	qacEdelta1	quaternary ammonium compound efflux SMR transporter QacE delta 1	core	STRESS	BIOCIDE	QUATERNARY AMMONIUM	QUATERNARY AMMONIUM	ALLELEX	115	115	100.00	100.00	115	WP_000679427.1	quaternary ammonium compound efflux SMR transporter QacE delta 1	NA	NA
GCF_020695525.1	NA	NZ_CP085728.1	5604	6440	+	sul1	sulfonamide-resistant dihydropteroate synthase Sul1	core	AMR	AMR	SULFONAMIDE	SULFONAMIDE	EXACTX	279	279	100.00	100.00	279	WP_000259031.1	sulfonamide-resistant dihydropteroate synthase Sul1	NA	NA
GCF_020809005.1	NA	NZ_CP086287.1	1666799	1669432	+	gyrA_T83I	Citrobacter freundii quinolone resistant GyrA	core	AMR	POINT	QUINOLONE	QUINOLONE	POINTX	878	878	100.00	99.89	878	WP_003027598.1	DNA gyrase subunit A GyrA	NA	NA
GCF_020809005.1	NA	NZ_CP086287.1	4577256	4578398	+	blaCMY-48	class C beta-lactamase CMY-48	core	AMR	AMR	BETA-LACTAM	CEPHALOSPORIN	ALLELEX	381	381	100.00	100.00	381	WP_044699195.1	class C beta-lactamase CMY-48	NA	NA
GCF_020809005.1	NA	NZ_CP086287.1	5070238	5071023	-	aadA1	ANT(3'')-Ia family aminoglycoside nucleotidyltransferase AadA1	core	AMR	AMR	AMINOGLYCOSIDE	STREPTOMYCIN	EXACTX	262	262	100.00	100.00	262	WP_001206315.1	ANT(3'')-Ia family aminoglycoside nucleotidyltransferase AadA1	NA	NA
GCF_020809005.1	NA	NZ_CP086287.1	5071084	5071605	-	sat2	streptothricin N-acetyltransferase Sat2	core	AMR	AMR	STREPTOTHRICIN	STREPTOTHRICIN	EXACTX	174	174	100.00	100.00	174	WP_000704156.1	streptothricin N-acetyltransferase Sat2	NA	NA
GCF_020809005.1	NA	NZ_CP086287.1	5071703	5072173	-	dfrA1	trimethoprim-resistant dihydrofolate reductase DfrA1	core	AMR	AMR	TRIMETHOPRIM	TRIMETHOPRIM	EXACTX	157	157	100.00	100.00	157	WP_000777554.1	trimethoprim-resistant dihydrofolate reductase DfrA1	NA	NA
GCF_020809005.1	NA	NZ_CP086288.1	36218	37030	+	sul2	sulfonamide-resistant dihydropteroate synthase Sul2	core	AMR	AMR	SULFONAMIDE	SULFONAMIDE	EXACTX	271	271	100.00	100.00	271	WP_001043260.1	sulfonamide-resistant dihydropteroate synthase Sul2	NA	NA
GCF_020809005.1	NA	NZ_CP086288.1	42326	42964	+	catA2	type A-2 chloramphenicol O-acetyltransferase CatII	core	AMR	AMR	PHENICOL	CHLORAMPHENICOL	EXACTX	213	213	100.00	100.00	213	WP_001011939.1	type A-2 chloramphenicol O-acetyltransferase CatII	NA	NA
GCF_020809005.1	NA	NZ_CP086288.1	44579	45760	+	tet(D)	tetracycline efflux MFS transporter Tet(D)	core	AMR	AMR	TETRACYCLINE	TETRACYCLINE	EXACTX	394	394	100.00	100.00	394	WP_001039466.1	tetracycline efflux MFS transporter Tet(D)	NA	NA
GCF_020809005.1	NA	NZ_CP086288.1	55829	56686	-	blaTEM-1	broad-spectrum class A beta-lactamase TEM-1	core	AMR	AMR	BETA-LACTAM	BETA-LACTAM	ALLELEX	286	286	100.00	100.00	286	WP_000027057.1	broad-spectrum class A beta-lactamase TEM-1	NA	NA
GCF_020809005.1	NA	NZ_CP086288.1	61661	62518	-	aac(3)-IId	aminoglycoside N-acetyltransferase AAC(3)-IId	core	AMR	AMR	AMINOGLYCOSIDE	GENTAMICIN	EXACTX	286	286	100.00	100.00	286	WP_000557454.1	aminoglycoside N-acetyltransferase AAC(3)-IId	NA	NA
GCF_020809005.1	NA	NZ_CP086288.1	63577	64479	+	mph(A)	Mph(A) family macrolide 2'-phosphotransferase	core	AMR	AMR	MACROLIDE	AZITHROMYCIN/ERYTHROMYCIN/SPIRAMYCIN/TELITHROMYCIN	EXACTX	301	301	100.00	100.00	301	WP_000219391.1	Mph(A) family macrolide 2'-phosphotransferase	NA	NA
GCF_020809005.1	NA	NZ_CP086288.1	64479	65714	+	mrx(A)	phosphorylated macrolide efflux MFS transporter Mrx(A)	core	AMR	AMR	MACROLIDE	AZITHROMYCIN/ERYTHROMYCIN/SPIRAMYCIN/TELITHROMYCIN	EXACTX	412	412	100.00	100.00	412	WP_000004159.1	phosphorylated macrolide efflux MFS transporter Mrx(A)	NA	NA
GCF_020809005.1	NA	NZ_CP086288.1	71123	71959	-	sul1	sulfonamide-resistant dihydropteroate synthase Sul1	core	AMR	AMR	SULFONAMIDE	SULFONAMIDE	EXACTX	279	279	100.00	100.00	279	WP_000259031.1	sulfonamide-resistant dihydropteroate synthase Sul1	NA	NA
GCF_020809005.1	NA	NZ_CP086288.1	71956	72240	-	qacE	quaternary ammonium compound efflux SMR transporter QacE	core	STRESS	BIOCIDE	QUATERNARY AMMONIUM	QUATERNARY AMMONIUM	PARTIALX	95	115	82.61	95.79	95	WP_000679427.1	quaternary ammonium compound efflux SMR transporter QacE delta 1	NA	NA
GCF_020809005.1	NA	NZ_CP086288.1	73536	74672	+	blaDHA-1	extended-spectrum class C beta-lactamase DHA-1	core	AMR	AMR	BETA-LACTAM	CEPHALOSPORIN	ALLELEX	379	379	100.00	100.00	379	WP_004236386.1	extended-spectrum class C beta-lactamase DHA-1	NA	NA
GCF_020809005.1	NA	NZ_CP086288.1	78799	79440	+	qnrB4	quinolone resistance pentapeptide repeat protein QnrB4	core	AMR	AMR	QUINOLONE	QUINOLONE	ALLELEX	214	214	100.00	100.00	214	WP_017900990.1	quinolone resistance pentapeptide repeat protein QnrB4	NA	NA
GCF_020809005.1	NA	NZ_CP086288.1	88164	89000	-	sul1	sulfonamide-resistant dihydropteroate synthase Sul1	core	AMR	AMR	SULFONAMIDE	SULFONAMIDE	EXACTX	279	279	100.00	100.00	279	WP_000259031.1	sulfonamide-resistant dihydropteroate synthase Sul1	NA	NA
GCF_020809005.1	NA	NZ_CP086288.1	88997	89341	-	qacEdelta1	quaternary ammonium compound efflux SMR transporter QacE delta 1	core	STRESS	BIOCIDE	QUATERNARY AMMONIUM	QUATERNARY AMMONIUM	ALLELEX	115	115	100.00	100.00	115	WP_000679427.1	quaternary ammonium compound efflux SMR transporter QacE delta 1	NA	NA
GCF_020809005.1	NA	NZ_CP086288.1	89567	90016	-	arr-3	NAD(+)--rifampin ADP-ribosyltransferase Arr-3	core	AMR	AMR	RIFAMYCIN	RIFAMYCIN	EXACTX	150	150	100.00	100.00	150	WP_001749986.1	NAD(+)--rifampin ADP-ribosyltransferase Arr-3	NA	NA
GCF_020809005.1	NA	NZ_CP086288.1	90104	90733	-	catB3	type B-3 chloramphenicol O-acetyltransferase CatB3	core	AMR	AMR	PHENICOL	CHLORAMPHENICOL	EXACTX	210	210	100.00	100.00	210	WP_000186237.1	type B-3 chloramphenicol O-acetyltransferase CatB3	NA	NA
GCF_020809005.1	NA	NZ_CP086288.1	90874	91701	-	blaOXA-1	oxacillin-hydrolyzing class D beta-lactamase OXA-1	core	AMR	AMR	BETA-LACTAM	CEPHALOSPORIN	ALLELEX	276	276	100.00	100.00	276	WP_001334766.1	oxacillin-hydrolyzing class D beta-lactamase OXA-1	NA	NA
GCF_020809005.1	NA	NZ_CP086288.1	91835	92386	-	aac(6')-Ib-cr5	fluoroquinolone-acetylating aminoglycoside 6'-N-acetyltransferase AAC(6')-Ib-cr5	core	AMR	AMR	AMINOGLYCOSIDE/QUINOLONE	AMIKACIN/KANAMYCIN/QUINOLONE/TOBRAMYCIN	ALLELEX	184	184	100.00	100.00	184	WP_063840321.1	fluoroquinolone-acetylating aminoglycoside 6'-N-acetyltransferase AAC(6')-Ib-cr5	NA	NA
GCF_020809005.1	NA	NZ_CP086289.1	15694	16503	+	blaNDM-5	subclass B1 metallo-beta-lactamase NDM-5	core	AMR	AMR	BETA-LACTAM	CARBAPENEM	ALLELEX	270	270	100.00	100.00	270	WP_023408309.1	subclass B1 metallo-beta-lactamase NDM-5	NA	NA
GCF_020809005.1	NA	NZ_CP086289.1	16510	16872	+	ble	bleomycin binding protein Ble-MBL	core	AMR	AMR	BLEOMYCIN	BLEOMYCIN	EXACTX	121	121	100.00	100.00	121	WP_004201167.1	bleomycin binding protein Ble-MBL	NA	NA
GCF_020809005.1	NA	NZ_CP086290.1	2253	3110	+	blaTEM-1	broad-spectrum class A beta-lactamase TEM-1	core	AMR	AMR	BETA-LACTAM	BETA-LACTAM	ALLELEX	286	286	100.00	100.00	286	WP_000027057.1	broad-spectrum class A beta-lactamase TEM-1	NA	NA
GCF_020809005.1	NA	NZ_CP086290.1	3295	4152	+	aac(3)-IId	aminoglycoside N-acetyltransferase AAC(3)-IId	core	AMR	AMR	AMINOGLYCOSIDE	GENTAMICIN	EXACTX	286	286	100.00	100.00	286	WP_000557454.1	aminoglycoside N-acetyltransferase AAC(3)-IId	NA	NA
GCF_022646275.1	NA	NZ_CP059849.1	4430782	4431924	+	blaCMY-48	class C beta-lactamase CMY-48	core	AMR	AMR	BETA-LACTAM	CEPHALOSPORIN	ALLELEX	381	381	100.00	100.00	381	WP_044699195.1	class C beta-lactamase CMY-48	NA	NA
GCF_022646275.1	NA	NZ_CP059850.1	16542	17696	+	tet(X4)	tetracycline-inactivating monooxygenase Tet(X4)	core	AMR	AMR	TETRACYCLINE	TIGECYCLINE	EXACTX	385	385	100.00	100.00	385	WP_094309310.1	tetracycline-inactivating monooxygenase Tet(X4)	NA	NA
GCF_023330605.1	NA	NZ_CP097106.1	14385	15194	+	blaNDM-1	subclass B1 metallo-beta-lactamase NDM-1	core	AMR	AMR	BETA-LACTAM	CARBAPENEM	ALLELEX	270	270	100.00	100.00	270	WP_004201164.1	subclass B1 metallo-beta-lactamase NDM-1	NA	NA
GCF_023330605.1	NA	NZ_CP097106.1	15201	15563	+	ble	bleomycin binding protein Ble-MBL	core	AMR	AMR	BLEOMYCIN	BLEOMYCIN	EXACTX	121	121	100.00	100.00	121	WP_004201167.1	bleomycin binding protein Ble-MBL	NA	NA
GCF_023330605.1	NA	NZ_CP097107.1	1381406	1384039	+	gyrA_T83I	Citrobacter freundii quinolone resistant GyrA	core	AMR	POINT	QUINOLONE	QUINOLONE	POINTX	878	878	100.00	99.89	878	WP_003027598.1	DNA gyrase subunit A GyrA	NA	NA
GCF_023330605.1	NA	NZ_CP097107.1	4225657	4226799	+	blaCMY	CMY-2 family class C beta-lactamase	core	AMR	AMR	BETA-LACTAM	CEPHALOSPORIN	BLASTX	381	381	100.00	99.74	381	WP_044699195.1	class C beta-lactamase CMY-48	NA	NA
GCF_023374915.1	NA	NZ_CP092463.1	1769199	1771832	+	gyrA_T83I	Citrobacter freundii quinolone resistant GyrA	core	AMR	POINT	QUINOLONE	QUINOLONE	POINTX	878	878	100.00	99.89	878	WP_003027598.1	DNA gyrase subunit A GyrA	NA	NA
GCF_023374915.1	NA	NZ_CP092463.1	2494964	2495605	-	qnrB38	quinolone resistance pentapeptide repeat protein QnrB38	core	AMR	AMR	QUINOLONE	QUINOLONE	ALLELEX	214	214	100.00	100.00	214	WP_003020537.1	quinolone resistance pentapeptide repeat protein QnrB38	NA	NA
GCF_023374915.1	NA	NZ_CP092463.1	4599550	4600692	+	blaCMY-109	class C beta-lactamase CMY-109	core	AMR	AMR	BETA-LACTAM	CEPHALOSPORIN	ALLELEX	381	381	100.00	100.00	381	WP_032948363.1	class C beta-lactamase CMY-109	NA	NA
GCF_023374915.1	NA	NZ_CP092465.1	4027	4497	+	dfrA14	trimethoprim-resistant dihydrofolate reductase DfrA14	core	AMR	AMR	TRIMETHOPRIM	TRIMETHOPRIM	EXACTX	157	157	100.00	100.00	157	WP_004201280.1	trimethoprim-resistant dihydrofolate reductase DfrA14	NA	NA
GCF_023374915.1	NA	NZ_CP092465.1	25172	25825	+	qnrS1	quinolone resistance pentapeptide repeat protein QnrS1	core	AMR	AMR	QUINOLONE	QUINOLONE	ALLELEX	218	218	100.00	100.00	218	WP_001516695.1	quinolone resistance pentapeptide repeat protein QnrS1	NA	NA
GCF_023374915.1	NA	NZ_CP092465.1	33777	34139	-	ble	bleomycin binding protein Ble-MBL	core	AMR	AMR	BLEOMYCIN	BLEOMYCIN	EXACTX	121	121	100.00	100.00	121	WP_004201167.1	bleomycin binding protein Ble-MBL	NA	NA
GCF_023374915.1	NA	NZ_CP092465.1	34146	34955	-	blaNDM-1	subclass B1 metallo-beta-lactamase NDM-1	core	AMR	AMR	BETA-LACTAM	CARBAPENEM	ALLELEX	270	270	100.00	100.00	270	WP_004201164.1	subclass B1 metallo-beta-lactamase NDM-1	NA	NA
GCF_023612475.1	NA	NZ_CP071265.1	1384138	1384950	-	sul2	sulfonamide-resistant dihydropteroate synthase Sul2	core	AMR	AMR	SULFONAMIDE	SULFONAMIDE	EXACTX	271	271	100.00	100.00	271	WP_001043260.1	sulfonamide-resistant dihydropteroate synthase Sul2	NA	NA
GCF_023612475.1	NA	NZ_CP071265.1	2825407	2825877	+	dfrA1	trimethoprim-resistant dihydrofolate reductase DfrA1	core	AMR	AMR	TRIMETHOPRIM	TRIMETHOPRIM	EXACTX	157	157	100.00	100.00	157	WP_000777555.1	trimethoprim-resistant dihydrofolate reductase DfrA1	NA	NA
GCF_023612475.1	NA	NZ_CP071265.1	2825973	2826761	+	aadA1	ANT(3'')-Ia family aminoglycoside nucleotidyltransferase AadA1	core	AMR	AMR	AMINOGLYCOSIDE	STREPTOMYCIN	EXACTX	263	263	100.00	100.00	263	WP_001206317.1	ANT(3'')-Ia family aminoglycoside nucleotidyltransferase AadA1	NA	NA
GCF_023612475.1	NA	NZ_CP071265.1	2826928	2827272	+	qacEdelta1	quaternary ammonium compound efflux SMR transporter QacE delta 1	core	STRESS	BIOCIDE	QUATERNARY AMMONIUM	QUATERNARY AMMONIUM	ALLELEX	115	115	100.00	100.00	115	WP_000679427.1	quaternary ammonium compound efflux SMR transporter QacE delta 1	NA	NA
GCF_023612475.1	NA	NZ_CP071265.1	2827269	2828105	+	sul1	sulfonamide-resistant dihydropteroate synthase Sul1	core	AMR	AMR	SULFONAMIDE	SULFONAMIDE	EXACTX	279	279	100.00	100.00	279	WP_000259031.1	sulfonamide-resistant dihydropteroate synthase Sul1	NA	NA
GCF_023612475.1	NA	NZ_CP071265.1	2838861	2840057	+	tet(A)	tetracycline efflux MFS transporter Tet(A)	core	AMR	AMR	TETRACYCLINE	TETRACYCLINE	EXACTX	399	399	100.00	100.00	399	WP_000804064.1	tetracycline efflux MFS transporter Tet(A)	NA	NA
GCF_023612475.1	NA	NZ_CP071265.1	2845784	2846641	+	blaTEM	TEM family class A beta-lactamase	core	AMR	AMR	BETA-LACTAM	BETA-LACTAM	BLASTX	286	286	100.00	99.65	286	WP_000027057.1	broad-spectrum class A beta-lactamase TEM-1	NA	NA
GCF_023612475.1	NA	NZ_CP071265.1	4411944	4413086	+	blaCMY-48	class C beta-lactamase CMY-48	core	AMR	AMR	BETA-LACTAM	CEPHALOSPORIN	ALLELEX	381	381	100.00	100.00	381	WP_044699195.1	class C beta-lactamase CMY-48	NA	NA
GCF_023612475.1	NA	NZ_CP071266.1	10323	11117	+	blaOXA-48	OXA-48 family carbapenem-hydrolyzing class D beta-lactamase OXA-48	core	AMR	AMR	BETA-LACTAM	CARBAPENEM	ALLELEX	265	265	100.00	100.00	265	WP_015059991.1	OXA-48 family carbapenem-hydrolyzing class D beta-lactamase OXA-48	NA	NA
GCF_023658085.1	NA	NZ_CP098330.1	1638896	1641529	+	gyrA_T83I	Citrobacter freundii quinolone resistant GyrA	core	AMR	POINT	QUINOLONE	QUINOLONE	POINTX	878	878	100.00	99.77	878	WP_003027598.1	DNA gyrase subunit A GyrA	NA	NA
GCF_023658085.1	NA	NZ_CP098330.1	3891650	3892180	+	ant(2'')-Ia	aminoglycoside nucleotidyltransferase ANT(2'')-Ia	core	AMR	AMR	AMINOGLYCOSIDE	GENTAMICIN/KANAMYCIN/TOBRAMYCIN	EXACTX	177	177	100.00	100.00	177	WP_000381802.1	aminoglycoside nucleotidyltransferase ANT(2'')-Ia	NA	NA
GCF_023658085.1	NA	NZ_CP098330.1	3892266	3892895	+	catB3	type B-3 chloramphenicol O-acetyltransferase CatB3	core	AMR	AMR	PHENICOL	CHLORAMPHENICOL	EXACTX	210	210	100.00	100.00	210	WP_000186237.1	type B-3 chloramphenicol O-acetyltransferase CatB3	NA	NA
GCF_023658085.1	NA	NZ_CP098330.1	3893055	3893399	+	qacEdelta1	quaternary ammonium compound efflux SMR transporter QacE delta 1	core	STRESS	BIOCIDE	QUATERNARY AMMONIUM	QUATERNARY AMMONIUM	ALLELEX	115	115	100.00	100.00	115	WP_000679427.1	quaternary ammonium compound efflux SMR transporter QacE delta 1	NA	NA
GCF_023658085.1	NA	NZ_CP098330.1	3893396	3894232	+	sul1	sulfonamide-resistant dihydropteroate synthase Sul1	core	AMR	AMR	SULFONAMIDE	SULFONAMIDE	EXACTX	279	279	100.00	100.00	279	WP_000259032.1	sulfonamide-resistant dihydropteroate synthase Sul1	NA	NA
GCF_023658085.1	NA	NZ_CP098330.1	4686880	4688022	+	blaCMY-48	class C beta-lactamase CMY-48	core	AMR	AMR	BETA-LACTAM	CEPHALOSPORIN	ALLELEX	381	381	100.00	100.00	381	WP_044699195.1	class C beta-lactamase CMY-48	NA	NA
GCF_023658085.1	NA	NZ_CP098330.1	5178119	5178904	-	aadA1	ANT(3'')-Ia family aminoglycoside nucleotidyltransferase AadA1	core	AMR	AMR	AMINOGLYCOSIDE	STREPTOMYCIN	EXACTX	262	262	100.00	100.00	262	WP_001206315.1	ANT(3'')-Ia family aminoglycoside nucleotidyltransferase AadA1	NA	NA
GCF_023658085.1	NA	NZ_CP098330.1	5178965	5179486	-	sat2	streptothricin N-acetyltransferase Sat2	core	AMR	AMR	STREPTOTHRICIN	STREPTOTHRICIN	EXACTX	174	174	100.00	100.00	174	WP_000704156.1	streptothricin N-acetyltransferase Sat2	NA	NA
GCF_023658085.1	NA	NZ_CP098330.1	5179584	5180054	-	dfrA1	trimethoprim-resistant dihydrofolate reductase DfrA1	core	AMR	AMR	TRIMETHOPRIM	TRIMETHOPRIM	EXACTX	157	157	100.00	100.00	157	WP_000777554.1	trimethoprim-resistant dihydrofolate reductase DfrA1	NA	NA
GCF_023658085.1	NA	NZ_CP098331.1	1167	2045	+	blaKPC-31	inhibitor-resistant extended-spectrum class A beta-lactamase KPC-31	core	AMR	AMR	BETA-LACTAM	CEFIDEROCOL/CEPHALOSPORIN	ALLELEX	293	293	100.00	100.00	293	WP_073668892.1	inhibitor-resistant extended-spectrum class A beta-lactamase KPC-31	NA	NA
GCF_023658085.1	NA	NZ_CP098331.1	34928	35785	-	blaTEM-1	broad-spectrum class A beta-lactamase TEM-1	core	AMR	AMR	BETA-LACTAM	BETA-LACTAM	ALLELEX	286	286	100.00	100.00	286	WP_000027057.1	broad-spectrum class A beta-lactamase TEM-1	NA	NA
GCF_023658085.1	NA	NZ_CP098333.1	19769	20647	-	blaKPC-31	inhibitor-resistant extended-spectrum class A beta-lactamase KPC-31	core	AMR	AMR	BETA-LACTAM	CEFIDEROCOL/CEPHALOSPORIN	ALLELEX	293	293	100.00	100.00	293	WP_073668892.1	inhibitor-resistant extended-spectrum class A beta-lactamase KPC-31	NA	NA
GCF_023658085.1	NA	NZ_CP098333.1	32615	33253	+	catA2	type A-2 chloramphenicol O-acetyltransferase CatII	core	AMR	AMR	PHENICOL	CHLORAMPHENICOL	EXACTX	213	213	100.00	100.00	213	WP_001011939.1	type A-2 chloramphenicol O-acetyltransferase CatII	NA	NA
GCF_023658085.1	NA	NZ_CP098333.1	34868	36049	+	tet(D)	tetracycline efflux MFS transporter Tet(D)	core	AMR	AMR	TETRACYCLINE	TETRACYCLINE	EXACTX	394	394	100.00	100.00	394	WP_001039466.1	tetracycline efflux MFS transporter Tet(D)	NA	NA
GCF_023658085.1	NA	NZ_CP098334.1	26723	27868	+	blaFOX-5	cephalosporin-hydrolyzing class C beta-lactamase FOX-5	core	AMR	AMR	BETA-LACTAM	CEPHALOSPORIN	ALLELEX	382	382	100.00	100.00	382	WP_016809943.1	cephalosporin-hydrolyzing class C beta-lactamase FOX-5	NA	NA
GCF_023658085.1	NA	NZ_CP098334.1	127985	128515	+	ant(2'')-Ia	aminoglycoside nucleotidyltransferase ANT(2'')-Ia	core	AMR	AMR	AMINOGLYCOSIDE	GENTAMICIN/KANAMYCIN/TOBRAMYCIN	EXACTX	177	177	100.00	100.00	177	WP_000381802.1	aminoglycoside nucleotidyltransferase ANT(2'')-Ia	NA	NA
GCF_023658085.1	NA	NZ_CP098334.1	128601	129230	+	catB3	type B-3 chloramphenicol O-acetyltransferase CatB3	core	AMR	AMR	PHENICOL	CHLORAMPHENICOL	EXACTX	210	210	100.00	100.00	210	WP_000186237.1	type B-3 chloramphenicol O-acetyltransferase CatB3	NA	NA
GCF_023658085.1	NA	NZ_CP098334.1	129390	129734	+	qacEdelta1	quaternary ammonium compound efflux SMR transporter QacE delta 1	core	STRESS	BIOCIDE	QUATERNARY AMMONIUM	QUATERNARY AMMONIUM	ALLELEX	115	115	100.00	100.00	115	WP_000679427.1	quaternary ammonium compound efflux SMR transporter QacE delta 1	NA	NA
GCF_023658085.1	NA	NZ_CP098334.1	129731	130567	+	sul1	sulfonamide-resistant dihydropteroate synthase Sul1	core	AMR	AMR	SULFONAMIDE	SULFONAMIDE	EXACTX	279	279	100.00	100.00	279	WP_000259032.1	sulfonamide-resistant dihydropteroate synthase Sul1	NA	NA
GCF_023658085.1	NA	NZ_CP098334.1	133342	134190	+	sul1	sulfonamide-resistant dihydropteroate synthase Sul1	core	AMR	AMR	SULFONAMIDE	SULFONAMIDE	EXACTX	283	283	100.00	100.00	283	WP_000946487.1	sulfonamide-resistant dihydropteroate synthase Sul1	NA	NA
GCF_023756145.1	NA	NZ_CP115614.1	1570269	1572902	+	gyrA_T83I	Citrobacter freundii quinolone resistant GyrA	core	AMR	POINT	QUINOLONE	QUINOLONE	POINTX	878	878	100.00	99.89	878	WP_003027598.1	DNA gyrase subunit A GyrA	NA	NA
GCF_023756145.1	NA	NZ_CP115614.1	4393808	4394593	-	aadA5	ANT(3'')-Ia family aminoglycoside nucleotidyltransferase AadA5	core	AMR	AMR	AMINOGLYCOSIDE	STREPTOMYCIN	EXACTX	262	262	100.00	100.00	262	WP_000503573.1	ANT(3'')-Ia family aminoglycoside nucleotidyltransferase AadA5	NA	NA
GCF_023756145.1	NA	NZ_CP115614.1	4394727	4395197	-	dfrA17	trimethoprim-resistant dihydrofolate reductase DfrA17	core	AMR	AMR	TRIMETHOPRIM	TRIMETHOPRIM	EXACTX	157	157	100.00	100.00	157	WP_001389366.1	trimethoprim-resistant dihydrofolate reductase DfrA17	NA	NA
GCF_023756145.1	NA	NZ_CP115614.1	4401077	4401934	+	blaTEM-1	broad-spectrum class A beta-lactamase TEM-1	core	AMR	AMR	BETA-LACTAM	BETA-LACTAM	ALLELEX	286	286	100.00	100.00	286	WP_000027057.1	broad-spectrum class A beta-lactamase TEM-1	NA	NA
GCF_023756145.1	NA	NZ_CP115614.1	4503437	4504579	+	blaCMY	CMY-2 family class C beta-lactamase	core	AMR	AMR	BETA-LACTAM	CEPHALOSPORIN	BLASTX	381	381	100.00	99.74	381	WP_063859722.1	class C beta-lactamase CMY-117	NA	NA
GCF_023756145.1	NA	NZ_CP115616.1	34978	36189	+	floR	chloramphenicol/florfenicol efflux MFS transporter FloR	core	AMR	AMR	PHENICOL	CHLORAMPHENICOL/FLORFENICOL	EXACTX	404	404	100.00	100.00	404	WP_014386424.1	chloramphenicol/florfenicol efflux MFS transporter FloR	NA	NA
GCF_023756145.1	NA	NZ_CP115616.1	40008	40820	-	sul2	sulfonamide-resistant dihydropteroate synthase Sul2	core	AMR	AMR	SULFONAMIDE	SULFONAMIDE	EXACTX	271	271	100.00	100.00	271	WP_001043260.1	sulfonamide-resistant dihydropteroate synthase Sul2	NA	NA
GCF_023756145.1	NA	NZ_CP115616.1	46549	47427	+	blaKPC-2	carbapenem-hydrolyzing class A beta-lactamase KPC-2	core	AMR	AMR	BETA-LACTAM	CARBAPENEM	ALLELEX	293	293	100.00	100.00	293	WP_004199234.1	carbapenem-hydrolyzing class A beta-lactamase KPC-2	NA	NA
GCF_023756145.1	NA	NZ_CP115616.1	59981	60817	-	sul1	sulfonamide-resistant dihydropteroate synthase Sul1	core	AMR	AMR	SULFONAMIDE	SULFONAMIDE	EXACTX	279	279	100.00	100.00	279	WP_000259031.1	sulfonamide-resistant dihydropteroate synthase Sul1	NA	NA
GCF_023756145.1	NA	NZ_CP115616.1	60814	61158	-	qacEdelta1	quaternary ammonium compound efflux SMR transporter QacE delta 1	core	STRESS	BIOCIDE	QUATERNARY AMMONIUM	QUATERNARY AMMONIUM	ALLELEX	115	115	100.00	100.00	115	WP_000679427.1	quaternary ammonium compound efflux SMR transporter QacE delta 1	NA	NA
GCF_023756145.1	NA	NZ_CP115616.1	61389	61940	-	aac(6')-33	aminoglycoside 6'-N-acetyltransferase AAC(6')-33	core	AMR	AMR	AMINOGLYCOSIDE	AMINOGLYCOSIDE	ALLELEX	184	184	100.00	100.00	184	WP_015059044.1	aminoglycoside 6'-N-acetyltransferase AAC(6')-33	NA	NA
GCF_023756145.1	NA	NZ_CP115616.1	62044	62574	-	ant(2'')-Ia	aminoglycoside nucleotidyltransferase ANT(2'')-Ia	core	AMR	AMR	AMINOGLYCOSIDE	GENTAMICIN/KANAMYCIN/TOBRAMYCIN	EXACTX	177	177	100.00	100.00	177	WP_000381802.1	aminoglycoside nucleotidyltransferase ANT(2'')-Ia	NA	NA
GCF_023756145.1	NA	NZ_CP115616.1	69836	70693	+	blaTEM-1	broad-spectrum class A beta-lactamase TEM-1	core	AMR	AMR	BETA-LACTAM	BETA-LACTAM	ALLELEX	286	286	100.00	100.00	286	WP_000027057.1	broad-spectrum class A beta-lactamase TEM-1	NA	NA
GCF_023756145.1	NA	NZ_CP115619.1	19212	20024	-	aph(3')-Ia	aminoglycoside O-phosphotransferase APH(3')-Ia	core	AMR	AMR	AMINOGLYCOSIDE	KANAMYCIN	EXACTX	271	271	100.00	100.00	271	WP_000018329.1	aminoglycoside O-phosphotransferase APH(3')-Ia	NA	NA
GCF_023756145.1	NA	NZ_CP115619.1	21072	21884	-	aph(3')-Ia	aminoglycoside O-phosphotransferase APH(3')-Ia	core	AMR	AMR	AMINOGLYCOSIDE	KANAMYCIN	EXACTX	271	271	100.00	100.00	271	WP_000018329.1	aminoglycoside O-phosphotransferase APH(3')-Ia	NA	NA
GCF_023756145.1	NA	NZ_CP115619.1	22861	23763	+	mph(A)	Mph(A) family macrolide 2'-phosphotransferase	core	AMR	AMR	MACROLIDE	AZITHROMYCIN/ERYTHROMYCIN/SPIRAMYCIN/TELITHROMYCIN	EXACTX	301	301	100.00	100.00	301	WP_000219391.1	Mph(A) family macrolide 2'-phosphotransferase	NA	NA
GCF_023756145.1	NA	NZ_CP115619.1	23763	24998	+	mrx(A)	phosphorylated macrolide efflux MFS transporter Mrx(A)	core	AMR	AMR	MACROLIDE	AZITHROMYCIN/ERYTHROMYCIN/SPIRAMYCIN/TELITHROMYCIN	EXACTX	412	412	100.00	100.00	412	WP_000004159.1	phosphorylated macrolide efflux MFS transporter Mrx(A)	NA	NA
GCF_023756145.1	NA	NZ_CP115619.1	29080	29916	-	sul1	sulfonamide-resistant dihydropteroate synthase Sul1	core	AMR	AMR	SULFONAMIDE	SULFONAMIDE	EXACTX	279	279	100.00	100.00	279	WP_000259031.1	sulfonamide-resistant dihydropteroate synthase Sul1	NA	NA
GCF_023756145.1	NA	NZ_CP115619.1	29913	30257	-	qacEdelta1	quaternary ammonium compound efflux SMR transporter QacE delta 1	core	STRESS	BIOCIDE	QUATERNARY AMMONIUM	QUATERNARY AMMONIUM	ALLELEX	115	115	100.00	100.00	115	WP_000679427.1	quaternary ammonium compound efflux SMR transporter QacE delta 1	NA	NA
GCF_023756145.1	NA	NZ_CP115619.1	30483	30932	-	arr-3	NAD(+)--rifampin ADP-ribosyltransferase Arr-3	core	AMR	AMR	RIFAMYCIN	RIFAMYCIN	EXACTX	150	150	100.00	100.00	150	WP_001749986.1	NAD(+)--rifampin ADP-ribosyltransferase Arr-3	NA	NA
GCF_023756145.1	NA	NZ_CP115619.1	31020	31649	-	catB3	type B-3 chloramphenicol O-acetyltransferase CatB3	core	AMR	AMR	PHENICOL	CHLORAMPHENICOL	EXACTX	210	210	100.00	100.00	210	WP_000186237.1	type B-3 chloramphenicol O-acetyltransferase CatB3	NA	NA
GCF_023756145.1	NA	NZ_CP115619.1	31790	32617	-	blaOXA-1	oxacillin-hydrolyzing class D beta-lactamase OXA-1	core	AMR	AMR	BETA-LACTAM	CEPHALOSPORIN	ALLELEX	276	276	100.00	100.00	276	WP_001334766.1	oxacillin-hydrolyzing class D beta-lactamase OXA-1	NA	NA
GCF_023756145.1	NA	NZ_CP115619.1	32751	33302	-	aac(6')-Ib-cr5	fluoroquinolone-acetylating aminoglycoside 6'-N-acetyltransferase AAC(6')-Ib-cr5	core	AMR	AMR	AMINOGLYCOSIDE/QUINOLONE	AMIKACIN/KANAMYCIN/QUINOLONE/TOBRAMYCIN	ALLELEX	184	184	100.00	100.00	184	WP_063840321.1	fluoroquinolone-acetylating aminoglycoside 6'-N-acetyltransferase AAC(6')-Ib-cr5	NA	NA
GCF_023756145.1	NA	NZ_CP115619.1	39954	41150	+	tet(A)	tetracycline efflux MFS transporter Tet(A)	core	AMR	AMR	TETRACYCLINE	TETRACYCLINE	EXACTX	399	399	100.00	100.00	399	WP_000804064.1	tetracycline efflux MFS transporter Tet(A)	NA	NA
GCF_025999575.1	NA	NZ_AP026940.1	2295205	2295846	-	qnrB38	quinolone resistance pentapeptide repeat protein QnrB38	core	AMR	AMR	QUINOLONE	QUINOLONE	ALLELEX	214	214	100.00	100.00	214	WP_003020537.1	quinolone resistance pentapeptide repeat protein QnrB38	NA	NA
GCF_025999575.1	NA	NZ_AP026940.1	4372481	4373623	+	blaCMY-65	class C beta-lactamase CMY-65	core	AMR	AMR	BETA-LACTAM	CEPHALOSPORIN	ALLELEX	381	381	100.00	100.00	381	WP_008321445.1	class C beta-lactamase CMY-65	NA	NA
GCF_025999575.1	NA	NZ_AP026942.1	23400	24236	-	sul1	sulfonamide-resistant dihydropteroate synthase Sul1	core	AMR	AMR	SULFONAMIDE	SULFONAMIDE	EXACTX	279	279	100.00	100.00	279	WP_000259031.1	sulfonamide-resistant dihydropteroate synthase Sul1	NA	NA
GCF_025999575.1	NA	NZ_AP026942.1	24233	24517	-	qacE	quaternary ammonium compound efflux SMR transporter QacE	core	STRESS	BIOCIDE	QUATERNARY AMMONIUM	QUATERNARY AMMONIUM	PARTIALX	95	115	82.61	95.79	95	WP_000679427.1	quaternary ammonium compound efflux SMR transporter QacE delta 1	NA	NA
GCF_025999575.1	NA	NZ_AP026942.1	27581	28357	+	aph(3')-VI	APH(3')-VI family aminoglycoside O-phosphotransferase	core	AMR	AMR	AMINOGLYCOSIDE	AMIKACIN/KANAMYCIN	EXACTX	259	259	100.00	100.00	259	WP_014386410.1	APH(3')-VI family aminoglycoside O-phosphotransferase	NA	NA
GCF_025999575.1	NA	NZ_AP026942.1	31366	32175	+	blaNDM-1	subclass B1 metallo-beta-lactamase NDM-1	core	AMR	AMR	BETA-LACTAM	CARBAPENEM	ALLELEX	270	270	100.00	100.00	270	WP_004201164.1	subclass B1 metallo-beta-lactamase NDM-1	NA	NA
GCF_025999575.1	NA	NZ_AP026942.1	32182	32544	+	ble	bleomycin binding protein Ble-MBL	core	AMR	AMR	BLEOMYCIN	BLEOMYCIN	EXACTX	121	121	100.00	100.00	121	WP_004201167.1	bleomycin binding protein Ble-MBL	NA	NA
GCF_026240835.1	NA	NZ_CP110891.1	15035	15892	+	aac(3)-IIe	aminoglycoside N-acetyltransferase AAC(3)-IIe	core	AMR	AMR	AMINOGLYCOSIDE	GENTAMICIN	EXACTX	286	286	100.00	100.00	286	WP_000557452.1	aminoglycoside N-acetyltransferase AAC(3)-IIe	NA	NA
GCF_026240835.1	NA	NZ_CP110891.1	18734	19147	+	fosA3	fosfomycin resistance glutathione transferase FosA3	core	AMR	AMR	FOSFOMYCIN	FOSFOMYCIN	ALLELEX	138	138	100.00	100.00	138	WP_014839980.1	fosfomycin resistance glutathione transferase FosA3	NA	NA
GCF_026240835.1	NA	NZ_CP110891.1	32347	32898	+	aac(6')-Ib-cr5	fluoroquinolone-acetylating aminoglycoside 6'-N-acetyltransferase AAC(6')-Ib-cr5	core	AMR	AMR	AMINOGLYCOSIDE/QUINOLONE	AMIKACIN/KANAMYCIN/QUINOLONE/TOBRAMYCIN	ALLELEX	184	184	100.00	100.00	184	WP_063840321.1	fluoroquinolone-acetylating aminoglycoside 6'-N-acetyltransferase AAC(6')-Ib-cr5	NA	NA
GCF_026240835.1	NA	NZ_CP110891.1	33032	33859	+	blaOXA-1	oxacillin-hydrolyzing class D beta-lactamase OXA-1	core	AMR	AMR	BETA-LACTAM	CEPHALOSPORIN	ALLELEX	276	276	100.00	100.00	276	WP_001334766.1	oxacillin-hydrolyzing class D beta-lactamase OXA-1	NA	NA
GCF_026240835.1	NA	NZ_CP110891.1	34000	34629	+	catB3	type B-3 chloramphenicol O-acetyltransferase CatB3	core	AMR	AMR	PHENICOL	CHLORAMPHENICOL	EXACTX	210	210	100.00	100.00	210	WP_000186237.1	type B-3 chloramphenicol O-acetyltransferase CatB3	NA	NA
GCF_026240835.1	NA	NZ_CP110891.1	34717	35166	+	arr-3	NAD(+)--rifampin ADP-ribosyltransferase Arr-3	core	AMR	AMR	RIFAMYCIN	RIFAMYCIN	EXACTX	150	150	100.00	100.00	150	WP_001749986.1	NAD(+)--rifampin ADP-ribosyltransferase Arr-3	NA	NA
GCF_026240835.1	NA	NZ_CP110891.1	35392	35736	+	qacEdelta1	quaternary ammonium compound efflux SMR transporter QacE delta 1	core	STRESS	BIOCIDE	QUATERNARY AMMONIUM	QUATERNARY AMMONIUM	ALLELEX	115	115	100.00	100.00	115	WP_000679427.1	quaternary ammonium compound efflux SMR transporter QacE delta 1	NA	NA
GCF_026240835.1	NA	NZ_CP110891.1	35733	36569	+	sul1	sulfonamide-resistant dihydropteroate synthase Sul1	core	AMR	AMR	SULFONAMIDE	SULFONAMIDE	EXACTX	279	279	100.00	100.00	279	WP_000259031.1	sulfonamide-resistant dihydropteroate synthase Sul1	NA	NA
GCF_026240835.1	NA	NZ_CP110891.1	38782	39435	+	qnrA1	quinolone resistance pentapeptide repeat protein QnrA1	core	AMR	AMR	QUINOLONE	QUINOLONE	ALLELEX	218	218	100.00	100.00	218	WP_012579084.1	quinolone resistance pentapeptide repeat protein QnrA1	NA	NA
GCF_026240835.1	NA	NZ_CP110891.1	40809	41093	+	qacE	quaternary ammonium compound efflux SMR transporter QacE	core	STRESS	BIOCIDE	QUATERNARY AMMONIUM	QUATERNARY AMMONIUM	PARTIALX	95	115	82.61	95.79	95	WP_000679427.1	quaternary ammonium compound efflux SMR transporter QacE delta 1	NA	NA
GCF_026240835.1	NA	NZ_CP110891.1	41090	41926	+	sul1	sulfonamide-resistant dihydropteroate synthase Sul1	core	AMR	AMR	SULFONAMIDE	SULFONAMIDE	EXACTX	279	279	100.00	100.00	279	WP_000259031.1	sulfonamide-resistant dihydropteroate synthase Sul1	NA	NA
GCF_026240835.1	NA	NZ_CP110891.1	44763	45620	-	blaTEM-1	broad-spectrum class A beta-lactamase TEM-1	core	AMR	AMR	BETA-LACTAM	BETA-LACTAM	ALLELEX	286	286	100.00	100.00	286	WP_000027057.1	broad-spectrum class A beta-lactamase TEM-1	NA	NA
GCF_026240835.1	NA	NZ_CP110891.1	49578	50759	-	tet(D)	tetracycline efflux MFS transporter Tet(D)	core	AMR	AMR	TETRACYCLINE	TETRACYCLINE	EXACTX	394	394	100.00	100.00	394	WP_001039466.1	tetracycline efflux MFS transporter Tet(D)	NA	NA
GCF_026240835.1	NA	NZ_CP110892.1	39948	40757	+	blaNDM-1	subclass B1 metallo-beta-lactamase NDM-1	core	AMR	AMR	BETA-LACTAM	CARBAPENEM	ALLELEX	270	270	100.00	100.00	270	WP_004201164.1	subclass B1 metallo-beta-lactamase NDM-1	NA	NA
GCF_026240835.1	NA	NZ_CP110892.1	40764	41126	+	ble	bleomycin binding protein Ble-MBL	core	AMR	AMR	BLEOMYCIN	BLEOMYCIN	EXACTX	121	121	100.00	100.00	121	WP_004201167.1	bleomycin binding protein Ble-MBL	NA	NA
GCF_026240835.1	NA	NZ_CP110892.1	127461	128318	+	aac(3)-IId	aminoglycoside N-acetyltransferase AAC(3)-IId	core	AMR	AMR	AMINOGLYCOSIDE	GENTAMICIN	EXACTX	286	286	100.00	100.00	286	WP_000557454.1	aminoglycoside N-acetyltransferase AAC(3)-IId	NA	NA
GCF_026240835.1	NA	NZ_CP110892.1	133293	134150	+	blaTEM-1	broad-spectrum class A beta-lactamase TEM-1	core	AMR	AMR	BETA-LACTAM	BETA-LACTAM	ALLELEX	286	286	100.00	100.00	286	WP_000027057.1	broad-spectrum class A beta-lactamase TEM-1	NA	NA
GCF_026240835.1	NA	NZ_CP110894.1	489640	490782	-	blaCMY-65	class C beta-lactamase CMY-65	core	AMR	AMR	BETA-LACTAM	CEPHALOSPORIN	ALLELEX	381	381	100.00	100.00	381	WP_008321445.1	class C beta-lactamase CMY-65	NA	NA
GCF_026240835.1	NA	NZ_CP110894.1	2692575	2693351	+	aph(3')-VIb	aminoglycoside O-phosphotransferase APH(3')-VIb	core	AMR	AMR	AMINOGLYCOSIDE	AMIKACIN/KANAMYCIN	BLASTX	259	259	100.00	98.07	259	WP_000422633.1	aminoglycoside O-phosphotransferase APH(3')-VIb	NA	NA
GCF_026240835.1	NA	NZ_CP110894.1	3351349	3353982	-	gyrA_T83I	Citrobacter freundii quinolone resistant GyrA	core	AMR	POINT	QUINOLONE	QUINOLONE	POINTX	878	878	100.00	99.89	878	WP_003027598.1	DNA gyrase subunit A GyrA	NA	NA
GCF_026240835.1	NA	NZ_CP110896.1	3844	4722	-	blaKPC-2	carbapenem-hydrolyzing class A beta-lactamase KPC-2	core	AMR	AMR	BETA-LACTAM	CARBAPENEM	ALLELEX	293	293	100.00	100.00	293	WP_004199234.1	carbapenem-hydrolyzing class A beta-lactamase KPC-2	NA	NA
GCF_026240835.1	NA	NZ_CP110896.1	53724	55154	-	toprJ2	multidrug efflux transporter outer membrane subunit TOprJ2	core	AMR	AMR	TETRACYCLINE	TIGECYCLINE	ALLELEX	477	477	100.00	100.00	477	WP_088903432.1	multidrug efflux transporter outer membrane subunit TOprJ2	NA	NA
GCF_026240835.1	NA	NZ_CP110896.1	55162	58293	-	tmexD	multidrug efflux RND transporter permease subunit TMexD	core	AMR	AMR	TETRACYCLINE	TIGECYCLINE	BLASTX	1044	1044	100.00	99.81	1044	WP_027591160.1	multidrug efflux RND transporter permease subunit TMexD2	NA	NA
GCF_026240835.1	NA	NZ_CP110896.1	58312	59472	-	tmexC2	multidrug efflux RND transporter periplasmic adaptor subunit TMexC2	core	AMR	AMR	TETRACYCLINE	TIGECYCLINE	ALLELEX	387	387	100.00	100.00	387	WP_088903431.1	multidrug efflux RND transporter periplasmic adaptor subunit TMexC2	NA	NA
GCF_026240835.1	NA	NZ_CP110896.1	69649	70527	-	blaKPC-2	carbapenem-hydrolyzing class A beta-lactamase KPC-2	core	AMR	AMR	BETA-LACTAM	CARBAPENEM	ALLELEX	293	293	100.00	100.00	293	WP_004199234.1	carbapenem-hydrolyzing class A beta-lactamase KPC-2	NA	NA
GCF_026240855.1	NA	NZ_CP110899.1	39948	40757	+	blaNDM-1	subclass B1 metallo-beta-lactamase NDM-1	core	AMR	AMR	BETA-LACTAM	CARBAPENEM	ALLELEX	270	270	100.00	100.00	270	WP_004201164.1	subclass B1 metallo-beta-lactamase NDM-1	NA	NA
GCF_026240855.1	NA	NZ_CP110899.1	40764	41126	+	ble	bleomycin binding protein Ble-MBL	core	AMR	AMR	BLEOMYCIN	BLEOMYCIN	EXACTX	121	121	100.00	100.00	121	WP_004201167.1	bleomycin binding protein Ble-MBL	NA	NA
GCF_026240855.1	NA	NZ_CP110900.1	1965176	1966318	-	blaCMY-65	class C beta-lactamase CMY-65	core	AMR	AMR	BETA-LACTAM	CEPHALOSPORIN	ALLELEX	381	381	100.00	100.00	381	WP_008321445.1	class C beta-lactamase CMY-65	NA	NA
GCF_026240855.1	NA	NZ_CP110900.1	4149828	4150604	+	aph(3')-VIb	aminoglycoside O-phosphotransferase APH(3')-VIb	core	AMR	AMR	AMINOGLYCOSIDE	AMIKACIN/KANAMYCIN	BLASTX	259	259	100.00	98.07	259	WP_000422633.1	aminoglycoside O-phosphotransferase APH(3')-VIb	NA	NA
GCF_026240855.1	NA	NZ_CP110900.1	4810731	4813364	-	gyrA_T83I	Citrobacter freundii quinolone resistant GyrA	core	AMR	POINT	QUINOLONE	QUINOLONE	POINTX	878	878	100.00	99.89	878	WP_003027598.1	DNA gyrase subunit A GyrA	NA	NA
GCF_026240855.1	NA	NZ_CP110902.1	538	1314	-	aph(3')-VIb	aminoglycoside O-phosphotransferase APH(3')-VIb	core	AMR	AMR	AMINOGLYCOSIDE	AMIKACIN/KANAMYCIN	BLASTX	259	259	100.00	98.07	259	WP_000422633.1	aminoglycoside O-phosphotransferase APH(3')-VIb	NA	NA
GCF_026240855.1	NA	NZ_CP110904.1	109675	110226	+	aac(6')-Ib-cr5	fluoroquinolone-acetylating aminoglycoside 6'-N-acetyltransferase AAC(6')-Ib-cr5	core	AMR	AMR	AMINOGLYCOSIDE/QUINOLONE	AMIKACIN/KANAMYCIN/QUINOLONE/TOBRAMYCIN	ALLELEX	184	184	100.00	100.00	184	WP_063840321.1	fluoroquinolone-acetylating aminoglycoside 6'-N-acetyltransferase AAC(6')-Ib-cr5	NA	NA
GCF_026240855.1	NA	NZ_CP110904.1	110360	111187	+	blaOXA-1	oxacillin-hydrolyzing class D beta-lactamase OXA-1	core	AMR	AMR	BETA-LACTAM	CEPHALOSPORIN	ALLELEX	276	276	100.00	100.00	276	WP_001334766.1	oxacillin-hydrolyzing class D beta-lactamase OXA-1	NA	NA
GCF_026240855.1	NA	NZ_CP110904.1	111328	111957	+	catB3	type B-3 chloramphenicol O-acetyltransferase CatB3	core	AMR	AMR	PHENICOL	CHLORAMPHENICOL	EXACTX	210	210	100.00	100.00	210	WP_000186237.1	type B-3 chloramphenicol O-acetyltransferase CatB3	NA	NA
GCF_026240855.1	NA	NZ_CP110904.1	112045	112494	+	arr-3	NAD(+)--rifampin ADP-ribosyltransferase Arr-3	core	AMR	AMR	RIFAMYCIN	RIFAMYCIN	EXACTX	150	150	100.00	100.00	150	WP_001749986.1	NAD(+)--rifampin ADP-ribosyltransferase Arr-3	NA	NA
GCF_026240855.1	NA	NZ_CP110904.1	112720	113064	+	qacEdelta1	quaternary ammonium compound efflux SMR transporter QacE delta 1	core	STRESS	BIOCIDE	QUATERNARY AMMONIUM	QUATERNARY AMMONIUM	ALLELEX	115	115	100.00	100.00	115	WP_000679427.1	quaternary ammonium compound efflux SMR transporter QacE delta 1	NA	NA
GCF_026240855.1	NA	NZ_CP110904.1	113061	113897	+	sul1	sulfonamide-resistant dihydropteroate synthase Sul1	core	AMR	AMR	SULFONAMIDE	SULFONAMIDE	BLASTX	279	279	100.00	99.64	279	WP_000259031.1	sulfonamide-resistant dihydropteroate synthase Sul1	NA	NA
GCF_026240855.1	NA	NZ_CP110904.1	122582	123415	-	aph(6)-Id	aminoglycoside O-phosphotransferase APH(6)-Id	core	AMR	AMR	AMINOGLYCOSIDE	STREPTOMYCIN	EXACTX	278	278	100.00	100.00	278	WP_000480968.1	aminoglycoside O-phosphotransferase APH(6)-Id	NA	NA
GCF_026240855.1	NA	NZ_CP110904.1	123418	124218	-	aph(3'')-Ib	aminoglycoside O-phosphotransferase APH(3'')-Ib	core	AMR	AMR	AMINOGLYCOSIDE	STREPTOMYCIN	EXACTX	267	267	100.00	100.00	267	WP_001082319.1	aminoglycoside O-phosphotransferase APH(3'')-Ib	NA	NA
GCF_026240855.1	NA	NZ_CP110904.1	126462	127118	+	catA1	type A-1 chloramphenicol O-acetyltransferase	core	AMR	AMR	PHENICOL	CHLORAMPHENICOL	EXACTX	219	219	100.00	100.00	219	WP_000412211.1	type A-1 chloramphenicol O-acetyltransferase	NA	NA
GCF_026240855.1	NA	NZ_CP110904.1	136244	137146	+	mph(A)	Mph(A) family macrolide 2'-phosphotransferase	core	AMR	AMR	MACROLIDE	AZITHROMYCIN/ERYTHROMYCIN/SPIRAMYCIN/TELITHROMYCIN	EXACTX	301	301	100.00	100.00	301	WP_000219391.1	Mph(A) family macrolide 2'-phosphotransferase	NA	NA
GCF_026240855.1	NA	NZ_CP110904.1	137146	138381	+	mrx(A)	phosphorylated macrolide efflux MFS transporter Mrx(A)	core	AMR	AMR	MACROLIDE	AZITHROMYCIN/ERYTHROMYCIN/SPIRAMYCIN/TELITHROMYCIN	EXACTX	412	412	100.00	100.00	412	WP_000004159.1	phosphorylated macrolide efflux MFS transporter Mrx(A)	NA	NA
GCF_026240855.1	NA	NZ_CP110904.1	142463	143299	-	sul1	sulfonamide-resistant dihydropteroate synthase Sul1	core	AMR	AMR	SULFONAMIDE	SULFONAMIDE	BLASTX	279	279	100.00	99.64	279	WP_000259031.1	sulfonamide-resistant dihydropteroate synthase Sul1	NA	NA
GCF_026240855.1	NA	NZ_CP110904.1	143296	143640	-	qacEdelta1	quaternary ammonium compound efflux SMR transporter QacE delta 1	core	STRESS	BIOCIDE	QUATERNARY AMMONIUM	QUATERNARY AMMONIUM	ALLELEX	115	115	100.00	100.00	115	WP_000679427.1	quaternary ammonium compound efflux SMR transporter QacE delta 1	NA	NA
GCF_026240855.1	NA	NZ_CP110904.1	143807	144595	-	aadA2	ANT(3'')-Ia family aminoglycoside nucleotidyltransferase AadA2	core	AMR	AMR	AMINOGLYCOSIDE	STREPTOMYCIN	EXACTX	263	263	100.00	100.00	263	WP_001206356.1	ANT(3'')-Ia family aminoglycoside nucleotidyltransferase AadA2	NA	NA
GCF_026240855.1	NA	NZ_CP110904.1	145006	145500	-	dfrA12	trimethoprim-resistant dihydrofolate reductase DfrA12	core	AMR	AMR	TRIMETHOPRIM	TRIMETHOPRIM	EXACTX	165	165	100.00	100.00	165	WP_001083725.1	trimethoprim-resistant dihydrofolate reductase DfrA12	NA	NA
GCF_026240855.1	NA	NZ_CP110904.1	173257	174129	+	blaCTX-M-3	extended-spectrum class A beta-lactamase CTX-M-3	core	AMR	AMR	BETA-LACTAM	CEPHALOSPORIN	ALLELEX	291	291	100.00	100.00	291	WP_011091028.1	extended-spectrum class A beta-lactamase CTX-M-3	NA	NA
GCF_026240875.1	NA	NZ_CP110908.1	114014	114871	-	blaTEM-1	broad-spectrum class A beta-lactamase TEM-1	core	AMR	AMR	BETA-LACTAM	BETA-LACTAM	ALLELEX	286	286	100.00	100.00	286	WP_000027057.1	broad-spectrum class A beta-lactamase TEM-1	NA	NA
GCF_026240875.1	NA	NZ_CP110908.1	119846	120703	-	aac(3)-IId	aminoglycoside N-acetyltransferase AAC(3)-IId	core	AMR	AMR	AMINOGLYCOSIDE	GENTAMICIN	EXACTX	286	286	100.00	100.00	286	WP_000557454.1	aminoglycoside N-acetyltransferase AAC(3)-IId	NA	NA
GCF_026240875.1	NA	NZ_CP110908.1	121762	122664	+	mph(A)	Mph(A) family macrolide 2'-phosphotransferase	core	AMR	AMR	MACROLIDE	AZITHROMYCIN/ERYTHROMYCIN/SPIRAMYCIN/TELITHROMYCIN	EXACTX	301	301	100.00	100.00	301	WP_000219391.1	Mph(A) family macrolide 2'-phosphotransferase	NA	NA
GCF_026240875.1	NA	NZ_CP110908.1	122664	123899	+	mrx(A)	phosphorylated macrolide efflux MFS transporter Mrx(A)	core	AMR	AMR	MACROLIDE	AZITHROMYCIN/ERYTHROMYCIN/SPIRAMYCIN/TELITHROMYCIN	EXACTX	412	412	100.00	100.00	412	WP_000004159.1	phosphorylated macrolide efflux MFS transporter Mrx(A)	NA	NA
GCF_026240875.1	NA	NZ_CP110908.1	129308	130144	-	sul1	sulfonamide-resistant dihydropteroate synthase Sul1	core	AMR	AMR	SULFONAMIDE	SULFONAMIDE	EXACTX	279	279	100.00	100.00	279	WP_000259031.1	sulfonamide-resistant dihydropteroate synthase Sul1	NA	NA
GCF_026240875.1	NA	NZ_CP110908.1	130141	130485	-	qacEdelta1	quaternary ammonium compound efflux SMR transporter QacE delta 1	core	STRESS	BIOCIDE	QUATERNARY AMMONIUM	QUATERNARY AMMONIUM	ALLELEX	115	115	100.00	100.00	115	WP_000679427.1	quaternary ammonium compound efflux SMR transporter QacE delta 1	NA	NA
GCF_026240875.1	NA	NZ_CP110908.1	130652	131440	-	aadA2	ANT(3'')-Ia family aminoglycoside nucleotidyltransferase AadA2	core	AMR	AMR	AMINOGLYCOSIDE	STREPTOMYCIN	EXACTX	263	263	100.00	100.00	263	WP_001206356.1	ANT(3'')-Ia family aminoglycoside nucleotidyltransferase AadA2	NA	NA
GCF_026240875.1	NA	NZ_CP110908.1	131851	132345	-	dfrA12	trimethoprim-resistant dihydrofolate reductase DfrA12	core	AMR	AMR	TRIMETHOPRIM	TRIMETHOPRIM	BLASTX	165	165	100.00	99.39	165	WP_001083725.1	trimethoprim-resistant dihydrofolate reductase DfrA12	NA	NA
GCF_026240875.1	NA	NZ_CP110911.1	15035	15892	+	aac(3)-IIe	aminoglycoside N-acetyltransferase AAC(3)-IIe	core	AMR	AMR	AMINOGLYCOSIDE	GENTAMICIN	EXACTX	286	286	100.00	100.00	286	WP_000557452.1	aminoglycoside N-acetyltransferase AAC(3)-IIe	NA	NA
GCF_026240875.1	NA	NZ_CP110911.1	18734	19147	+	fosA3	fosfomycin resistance glutathione transferase FosA3	core	AMR	AMR	FOSFOMYCIN	FOSFOMYCIN	ALLELEX	138	138	100.00	100.00	138	WP_014839980.1	fosfomycin resistance glutathione transferase FosA3	NA	NA
GCF_026240875.1	NA	NZ_CP110911.1	32347	32898	+	aac(6')-Ib-cr5	fluoroquinolone-acetylating aminoglycoside 6'-N-acetyltransferase AAC(6')-Ib-cr5	core	AMR	AMR	AMINOGLYCOSIDE/QUINOLONE	AMIKACIN/KANAMYCIN/QUINOLONE/TOBRAMYCIN	ALLELEX	184	184	100.00	100.00	184	WP_063840321.1	fluoroquinolone-acetylating aminoglycoside 6'-N-acetyltransferase AAC(6')-Ib-cr5	NA	NA
GCF_026240875.1	NA	NZ_CP110911.1	33032	33859	+	blaOXA-1	oxacillin-hydrolyzing class D beta-lactamase OXA-1	core	AMR	AMR	BETA-LACTAM	CEPHALOSPORIN	ALLELEX	276	276	100.00	100.00	276	WP_001334766.1	oxacillin-hydrolyzing class D beta-lactamase OXA-1	NA	NA
GCF_026240875.1	NA	NZ_CP110911.1	34000	34629	+	catB3	type B-3 chloramphenicol O-acetyltransferase CatB3	core	AMR	AMR	PHENICOL	CHLORAMPHENICOL	EXACTX	210	210	100.00	100.00	210	WP_000186237.1	type B-3 chloramphenicol O-acetyltransferase CatB3	NA	NA
GCF_026240875.1	NA	NZ_CP110911.1	34717	35166	+	arr-3	NAD(+)--rifampin ADP-ribosyltransferase Arr-3	core	AMR	AMR	RIFAMYCIN	RIFAMYCIN	EXACTX	150	150	100.00	100.00	150	WP_001749986.1	NAD(+)--rifampin ADP-ribosyltransferase Arr-3	NA	NA
GCF_026240875.1	NA	NZ_CP110911.1	35392	35736	+	qacEdelta1	quaternary ammonium compound efflux SMR transporter QacE delta 1	core	STRESS	BIOCIDE	QUATERNARY AMMONIUM	QUATERNARY AMMONIUM	ALLELEX	115	115	100.00	100.00	115	WP_000679427.1	quaternary ammonium compound efflux SMR transporter QacE delta 1	NA	NA
GCF_026240875.1	NA	NZ_CP110911.1	35733	36569	+	sul1	sulfonamide-resistant dihydropteroate synthase Sul1	core	AMR	AMR	SULFONAMIDE	SULFONAMIDE	EXACTX	279	279	100.00	100.00	279	WP_000259031.1	sulfonamide-resistant dihydropteroate synthase Sul1	NA	NA
GCF_026240875.1	NA	NZ_CP110911.1	38782	39435	+	qnrA1	quinolone resistance pentapeptide repeat protein QnrA1	core	AMR	AMR	QUINOLONE	QUINOLONE	ALLELEX	218	218	100.00	100.00	218	WP_012579084.1	quinolone resistance pentapeptide repeat protein QnrA1	NA	NA
GCF_026240875.1	NA	NZ_CP110911.1	40809	41093	+	qacE	quaternary ammonium compound efflux SMR transporter QacE	core	STRESS	BIOCIDE	QUATERNARY AMMONIUM	QUATERNARY AMMONIUM	PARTIALX	95	115	82.61	95.79	95	WP_000679427.1	quaternary ammonium compound efflux SMR transporter QacE delta 1	NA	NA
GCF_026240875.1	NA	NZ_CP110911.1	41090	41926	+	sul1	sulfonamide-resistant dihydropteroate synthase Sul1	core	AMR	AMR	SULFONAMIDE	SULFONAMIDE	EXACTX	279	279	100.00	100.00	279	WP_000259031.1	sulfonamide-resistant dihydropteroate synthase Sul1	NA	NA
GCF_026240875.1	NA	NZ_CP110911.1	44763	45620	-	blaTEM-1	broad-spectrum class A beta-lactamase TEM-1	core	AMR	AMR	BETA-LACTAM	BETA-LACTAM	ALLELEX	286	286	100.00	100.00	286	WP_000027057.1	broad-spectrum class A beta-lactamase TEM-1	NA	NA
GCF_026240875.1	NA	NZ_CP110911.1	49578	50759	-	tet(D)	tetracycline efflux MFS transporter Tet(D)	core	AMR	AMR	TETRACYCLINE	TETRACYCLINE	EXACTX	394	394	100.00	100.00	394	WP_001039466.1	tetracycline efflux MFS transporter Tet(D)	NA	NA
GCF_026240875.1	NA	NZ_CP110912.1	2	601	-	aph(3')-VIb	aminoglycoside O-phosphotransferase APH(3')-VIb	core	AMR	AMR	AMINOGLYCOSIDE	AMIKACIN/KANAMYCIN	PARTIAL_CONTIG_ENDX	200	259	77.22	97.50	200	WP_000422633.1	aminoglycoside O-phosphotransferase APH(3')-VIb	NA	NA
GCF_026240875.1	NA	NZ_CP110912.1	5476	6252	-	aph(3')-VIb	aminoglycoside O-phosphotransferase APH(3')-VIb	core	AMR	AMR	AMINOGLYCOSIDE	AMIKACIN/KANAMYCIN	BLASTX	259	259	100.00	98.07	259	WP_000422633.1	aminoglycoside O-phosphotransferase APH(3')-VIb	NA	NA
GCF_026240875.1	NA	NZ_CP110913.1	39948	40757	+	blaNDM-1	subclass B1 metallo-beta-lactamase NDM-1	core	AMR	AMR	BETA-LACTAM	CARBAPENEM	ALLELEX	270	270	100.00	100.00	270	WP_004201164.1	subclass B1 metallo-beta-lactamase NDM-1	NA	NA
GCF_026240875.1	NA	NZ_CP110913.1	40764	41126	+	ble	bleomycin binding protein Ble-MBL	core	AMR	AMR	BLEOMYCIN	BLEOMYCIN	EXACTX	121	121	100.00	100.00	121	WP_004201167.1	bleomycin binding protein Ble-MBL	NA	NA
GCF_026240875.1	NA	NZ_CP110914.1	489640	490782	-	blaCMY-65	class C beta-lactamase CMY-65	core	AMR	AMR	BETA-LACTAM	CEPHALOSPORIN	ALLELEX	381	381	100.00	100.00	381	WP_008321445.1	class C beta-lactamase CMY-65	NA	NA
GCF_026240875.1	NA	NZ_CP110914.1	2687461	2688237	+	aph(3')-VIb	aminoglycoside O-phosphotransferase APH(3')-VIb	core	AMR	AMR	AMINOGLYCOSIDE	AMIKACIN/KANAMYCIN	BLASTX	259	259	100.00	98.07	259	WP_000422633.1	aminoglycoside O-phosphotransferase APH(3')-VIb	NA	NA
GCF_026240875.1	NA	NZ_CP110914.1	3346235	3348868	-	gyrA_T83I	Citrobacter freundii quinolone resistant GyrA	core	AMR	POINT	QUINOLONE	QUINOLONE	POINTX	878	878	100.00	99.89	878	WP_003027598.1	DNA gyrase subunit A GyrA	NA	NA
GCF_026240875.1	NA	NZ_CP110915.1	7823	8701	+	blaKPC-2	carbapenem-hydrolyzing class A beta-lactamase KPC-2	core	AMR	AMR	BETA-LACTAM	CARBAPENEM	ALLELEX	293	293	100.00	100.00	293	WP_004199234.1	carbapenem-hydrolyzing class A beta-lactamase KPC-2	NA	NA
GCF_026526975.1	NA	NZ_CP113784.1	1676472	1677614	-	blaCMY-41	class C beta-lactamase CMY-41	core	AMR	AMR	BETA-LACTAM	CEPHALOSPORIN	ALLELEX	381	381	100.00	100.00	381	WP_048241752.1	class C beta-lactamase CMY-41	NA	NA
GCF_027271215.1	NA	NZ_CP114564.1	1570269	1572902	+	gyrA_T83I	Citrobacter freundii quinolone resistant GyrA	core	AMR	POINT	QUINOLONE	QUINOLONE	POINTX	878	878	100.00	99.89	878	WP_003027598.1	DNA gyrase subunit A GyrA	NA	NA
GCF_027271215.1	NA	NZ_CP114564.1	4393801	4394586	-	aadA5	ANT(3'')-Ia family aminoglycoside nucleotidyltransferase AadA5	core	AMR	AMR	AMINOGLYCOSIDE	STREPTOMYCIN	EXACTX	262	262	100.00	100.00	262	WP_000503573.1	ANT(3'')-Ia family aminoglycoside nucleotidyltransferase AadA5	NA	NA
GCF_027271215.1	NA	NZ_CP114564.1	4394720	4395190	-	dfrA17	trimethoprim-resistant dihydrofolate reductase DfrA17	core	AMR	AMR	TRIMETHOPRIM	TRIMETHOPRIM	EXACTX	157	157	100.00	100.00	157	WP_001389366.1	trimethoprim-resistant dihydrofolate reductase DfrA17	NA	NA
GCF_027271215.1	NA	NZ_CP114564.1	4401070	4401927	+	blaTEM-1	broad-spectrum class A beta-lactamase TEM-1	core	AMR	AMR	BETA-LACTAM	BETA-LACTAM	ALLELEX	286	286	100.00	100.00	286	WP_000027057.1	broad-spectrum class A beta-lactamase TEM-1	NA	NA
GCF_027271215.1	NA	NZ_CP114564.1	4503430	4504572	+	blaCMY	CMY-2 family class C beta-lactamase	core	AMR	AMR	BETA-LACTAM	CEPHALOSPORIN	BLASTX	381	381	100.00	99.74	381	WP_063859722.1	class C beta-lactamase CMY-117	NA	NA
GCF_027271215.1	NA	NZ_CP114566.1	34978	36189	+	floR	chloramphenicol/florfenicol efflux MFS transporter FloR	core	AMR	AMR	PHENICOL	CHLORAMPHENICOL/FLORFENICOL	EXACTX	404	404	100.00	100.00	404	WP_014386424.1	chloramphenicol/florfenicol efflux MFS transporter FloR	NA	NA
GCF_027271215.1	NA	NZ_CP114566.1	40008	40820	-	sul2	sulfonamide-resistant dihydropteroate synthase Sul2	core	AMR	AMR	SULFONAMIDE	SULFONAMIDE	EXACTX	271	271	100.00	100.00	271	WP_001043260.1	sulfonamide-resistant dihydropteroate synthase Sul2	NA	NA
GCF_027271215.1	NA	NZ_CP114566.1	134854	135711	-	blaTEM-1	broad-spectrum class A beta-lactamase TEM-1	core	AMR	AMR	BETA-LACTAM	BETA-LACTAM	ALLELEX	286	286	100.00	100.00	286	WP_000027057.1	broad-spectrum class A beta-lactamase TEM-1	NA	NA
GCF_027271215.1	NA	NZ_CP114566.1	142973	143503	+	ant(2'')-Ia	aminoglycoside nucleotidyltransferase ANT(2'')-Ia	core	AMR	AMR	AMINOGLYCOSIDE	GENTAMICIN/KANAMYCIN/TOBRAMYCIN	EXACTX	177	177	100.00	100.00	177	WP_000381802.1	aminoglycoside nucleotidyltransferase ANT(2'')-Ia	NA	NA
GCF_027271215.1	NA	NZ_CP114566.1	143607	144158	+	aac(6')-33	aminoglycoside 6'-N-acetyltransferase AAC(6')-33	core	AMR	AMR	AMINOGLYCOSIDE	AMINOGLYCOSIDE	ALLELEX	184	184	100.00	100.00	184	WP_015059044.1	aminoglycoside 6'-N-acetyltransferase AAC(6')-33	NA	NA
GCF_027271215.1	NA	NZ_CP114566.1	144389	144733	+	qacEdelta1	quaternary ammonium compound efflux SMR transporter QacE delta 1	core	STRESS	BIOCIDE	QUATERNARY AMMONIUM	QUATERNARY AMMONIUM	ALLELEX	115	115	100.00	100.00	115	WP_000679427.1	quaternary ammonium compound efflux SMR transporter QacE delta 1	NA	NA
GCF_027271215.1	NA	NZ_CP114566.1	144730	145566	+	sul1	sulfonamide-resistant dihydropteroate synthase Sul1	core	AMR	AMR	SULFONAMIDE	SULFONAMIDE	EXACTX	279	279	100.00	100.00	279	WP_000259031.1	sulfonamide-resistant dihydropteroate synthase Sul1	NA	NA
GCF_027271215.1	NA	NZ_CP114566.1	158120	158998	-	blaKPC-2	carbapenem-hydrolyzing class A beta-lactamase KPC-2	core	AMR	AMR	BETA-LACTAM	CARBAPENEM	ALLELEX	293	293	100.00	100.00	293	WP_004199234.1	carbapenem-hydrolyzing class A beta-lactamase KPC-2	NA	NA
GCF_027271215.1	NA	NZ_CP114570.1	20963	22159	-	tet(A)	tetracycline efflux MFS transporter Tet(A)	core	AMR	AMR	TETRACYCLINE	TETRACYCLINE	EXACTX	399	399	100.00	100.00	399	WP_000804064.1	tetracycline efflux MFS transporter Tet(A)	NA	NA
GCF_027271215.1	NA	NZ_CP114570.1	28811	29362	+	aac(6')-Ib-cr5	fluoroquinolone-acetylating aminoglycoside 6'-N-acetyltransferase AAC(6')-Ib-cr5	core	AMR	AMR	AMINOGLYCOSIDE/QUINOLONE	AMIKACIN/KANAMYCIN/QUINOLONE/TOBRAMYCIN	ALLELEX	184	184	100.00	100.00	184	WP_063840321.1	fluoroquinolone-acetylating aminoglycoside 6'-N-acetyltransferase AAC(6')-Ib-cr5	NA	NA
GCF_027271215.1	NA	NZ_CP114570.1	29496	30323	+	blaOXA-1	oxacillin-hydrolyzing class D beta-lactamase OXA-1	core	AMR	AMR	BETA-LACTAM	CEPHALOSPORIN	ALLELEX	276	276	100.00	100.00	276	WP_001334766.1	oxacillin-hydrolyzing class D beta-lactamase OXA-1	NA	NA
GCF_027271215.1	NA	NZ_CP114570.1	30464	31093	+	catB3	type B-3 chloramphenicol O-acetyltransferase CatB3	core	AMR	AMR	PHENICOL	CHLORAMPHENICOL	EXACTX	210	210	100.00	100.00	210	WP_000186237.1	type B-3 chloramphenicol O-acetyltransferase CatB3	NA	NA
GCF_027271215.1	NA	NZ_CP114570.1	31181	31630	+	arr-3	NAD(+)--rifampin ADP-ribosyltransferase Arr-3	core	AMR	AMR	RIFAMYCIN	RIFAMYCIN	EXACTX	150	150	100.00	100.00	150	WP_001749986.1	NAD(+)--rifampin ADP-ribosyltransferase Arr-3	NA	NA
GCF_027271215.1	NA	NZ_CP114570.1	31856	32200	+	qacEdelta1	quaternary ammonium compound efflux SMR transporter QacE delta 1	core	STRESS	BIOCIDE	QUATERNARY AMMONIUM	QUATERNARY AMMONIUM	ALLELEX	115	115	100.00	100.00	115	WP_000679427.1	quaternary ammonium compound efflux SMR transporter QacE delta 1	NA	NA
GCF_027271215.1	NA	NZ_CP114570.1	32197	33033	+	sul1	sulfonamide-resistant dihydropteroate synthase Sul1	core	AMR	AMR	SULFONAMIDE	SULFONAMIDE	EXACTX	279	279	100.00	100.00	279	WP_000259031.1	sulfonamide-resistant dihydropteroate synthase Sul1	NA	NA
GCF_027271215.1	NA	NZ_CP114570.1	37115	38350	-	mrx(A)	phosphorylated macrolide efflux MFS transporter Mrx(A)	core	AMR	AMR	MACROLIDE	AZITHROMYCIN/ERYTHROMYCIN/SPIRAMYCIN/TELITHROMYCIN	EXACTX	412	412	100.00	100.00	412	WP_000004159.1	phosphorylated macrolide efflux MFS transporter Mrx(A)	NA	NA
GCF_027271215.1	NA	NZ_CP114570.1	38350	39252	-	mph(A)	Mph(A) family macrolide 2'-phosphotransferase	core	AMR	AMR	MACROLIDE	AZITHROMYCIN/ERYTHROMYCIN/SPIRAMYCIN/TELITHROMYCIN	EXACTX	301	301	100.00	100.00	301	WP_000219391.1	Mph(A) family macrolide 2'-phosphotransferase	NA	NA
GCF_027271215.1	NA	NZ_CP114570.1	40229	41041	+	aph(3')-Ia	aminoglycoside O-phosphotransferase APH(3')-Ia	core	AMR	AMR	AMINOGLYCOSIDE	KANAMYCIN	EXACTX	271	271	100.00	100.00	271	WP_000018329.1	aminoglycoside O-phosphotransferase APH(3')-Ia	NA	NA
GCF_027595105.3	NA	NZ_CP096921.1	2508194	2509336	+	blaCMY-224	class C beta-lactamase CMY-224	core	AMR	AMR	BETA-LACTAM	CEPHALOSPORIN	ALLELEX	381	381	100.00	100.00	381	WP_172750624.1	class C beta-lactamase CMY-224	NA	NA
GCF_027595105.3	NA	NZ_CP096921.1	4716872	4719505	+	gyrA_T83I	Citrobacter freundii quinolone resistant GyrA	core	AMR	POINT	QUINOLONE	QUINOLONE	POINTX	878	878	100.00	99.89	878	WP_003027598.1	DNA gyrase subunit A GyrA	NA	NA
GCF_027595105.3	NA	NZ_CP096922.1	5673	6410	+	blaIMP-4	subclass B1 metallo-beta-lactamase IMP-4	core	AMR	AMR	BETA-LACTAM	CARBAPENEM	ALLELEX	246	246	100.00	100.00	246	WP_015060105.1	subclass B1 metallo-beta-lactamase IMP-4	NA	NA
GCF_027595105.3	NA	NZ_CP096922.1	29368	30246	+	blaKPC-2	carbapenem-hydrolyzing class A beta-lactamase KPC-2	core	AMR	AMR	BETA-LACTAM	CARBAPENEM	ALLELEX	293	293	100.00	100.00	293	WP_004199234.1	carbapenem-hydrolyzing class A beta-lactamase KPC-2	NA	NA
GCF_027595105.3	NA	NZ_CP096922.1	38588	39241	+	qnrS1	quinolone resistance pentapeptide repeat protein QnrS1	core	AMR	AMR	QUINOLONE	QUINOLONE	ALLELEX	218	218	100.00	100.00	218	WP_001516695.1	quinolone resistance pentapeptide repeat protein QnrS1	NA	NA
GCF_027595105.3	NA	NZ_CP126883.1	7823	8701	+	blaKPC-2	carbapenem-hydrolyzing class A beta-lactamase KPC-2	core	AMR	AMR	BETA-LACTAM	CARBAPENEM	ALLELEX	293	293	100.00	100.00	293	WP_004199234.1	carbapenem-hydrolyzing class A beta-lactamase KPC-2	NA	NA
GCF_027595105.3	NA	NZ_MF344582.1	105975	106445	+	dfrA1	trimethoprim-resistant dihydrofolate reductase DfrA1	core	AMR	AMR	TRIMETHOPRIM	TRIMETHOPRIM	EXACTX	157	157	100.00	100.00	157	WP_000777555.1	trimethoprim-resistant dihydrofolate reductase DfrA1	NA	NA
GCF_027595105.3	NA	NZ_MF344582.1	106965	107750	+	aadA5	ANT(3'')-Ia family aminoglycoside nucleotidyltransferase AadA5	core	AMR	AMR	AMINOGLYCOSIDE	STREPTOMYCIN	EXACTX	262	262	100.00	100.00	262	WP_000503573.1	ANT(3'')-Ia family aminoglycoside nucleotidyltransferase AadA5	NA	NA
GCF_027595105.3	NA	NZ_MF344582.1	107921	108265	+	qacEdelta1	quaternary ammonium compound efflux SMR transporter QacE delta 1	core	STRESS	BIOCIDE	QUATERNARY AMMONIUM	QUATERNARY AMMONIUM	ALLELEX	115	115	100.00	100.00	115	WP_000679427.1	quaternary ammonium compound efflux SMR transporter QacE delta 1	NA	NA
GCF_027595105.3	NA	NZ_MF344582.1	108262	109098	+	sul1	sulfonamide-resistant dihydropteroate synthase Sul1	core	AMR	AMR	SULFONAMIDE	SULFONAMIDE	EXACTX	279	279	100.00	100.00	279	WP_000259031.1	sulfonamide-resistant dihydropteroate synthase Sul1	NA	NA
GCF_027595105.3	NA	NZ_MF344582.1	111311	111964	+	qnrA1	quinolone resistance pentapeptide repeat protein QnrA1	core	AMR	AMR	QUINOLONE	QUINOLONE	ALLELEX	218	218	100.00	100.00	218	WP_012579084.1	quinolone resistance pentapeptide repeat protein QnrA1	NA	NA
GCF_027595105.3	NA	NZ_MF344582.1	113338	113622	+	qacE	quaternary ammonium compound efflux SMR transporter QacE	core	STRESS	BIOCIDE	QUATERNARY AMMONIUM	QUATERNARY AMMONIUM	PARTIALX	95	115	82.61	95.79	95	WP_000679427.1	quaternary ammonium compound efflux SMR transporter QacE delta 1	NA	NA
GCF_027595105.3	NA	NZ_MF344582.1	113619	114455	+	sul1	sulfonamide-resistant dihydropteroate synthase Sul1	core	AMR	AMR	SULFONAMIDE	SULFONAMIDE	EXACTX	279	279	100.00	100.00	279	WP_000259031.1	sulfonamide-resistant dihydropteroate synthase Sul1	NA	NA
GCF_027595105.3	NA	NZ_MF344582.1	117803	118573	+	armA	16S rRNA (guanine(1405)-N(7))-methyltransferase ArmA	core	AMR	AMR	AMINOGLYCOSIDE	GENTAMICIN	EXACTX	257	257	100.00	100.00	257	WP_000359986.1	16S rRNA (guanine(1405)-N(7))-methyltransferase ArmA	NA	NA
GCF_027595105.3	NA	NZ_MF344582.1	120875	122347	+	msr(E)	ABC-F type ribosomal protection protein Msr(E)	core	AMR	AMR	MACROLIDE/STREPTOGRAMIN	AZITHROMYCIN/ERYTHROMYCIN/STREPTOGRAMIN	EXACTX	491	491	100.00	100.00	491	WP_000052512.1	ABC-F type ribosomal protection protein Msr(E)	NA	NA
GCF_027595105.3	NA	NZ_MF344582.1	122406	123287	+	mph(E)	Mph(E) family macrolide 2'-phosphotransferase	core	AMR	AMR	MACROLIDE	ERYTHROMYCIN	EXACTX	294	294	100.00	100.00	294	WP_000155092.1	Mph(E) family macrolide 2'-phosphotransferase	NA	NA
GCF_027595105.3	NA	NZ_MF344582.1	145566	146204	-	catA2	type A-2 chloramphenicol O-acetyltransferase CatII	core	AMR	AMR	PHENICOL	CHLORAMPHENICOL	EXACTX	213	213	100.00	100.00	213	WP_001011939.1	type A-2 chloramphenicol O-acetyltransferase CatII	NA	NA
GCF_027595105.3	NA	NZ_MF344582.1	151500	152312	-	sul2	sulfonamide-resistant dihydropteroate synthase Sul2	core	AMR	AMR	SULFONAMIDE	SULFONAMIDE	EXACTX	271	271	100.00	100.00	271	WP_001043260.1	sulfonamide-resistant dihydropteroate synthase Sul2	NA	NA
GCF_027595105.3	NA	NZ_MF344582.1	154745	155602	+	aac(3)-IId	aminoglycoside N-acetyltransferase AAC(3)-IId	core	AMR	AMR	AMINOGLYCOSIDE	GENTAMICIN	EXACTX	286	286	100.00	100.00	286	WP_000557454.1	aminoglycoside N-acetyltransferase AAC(3)-IId	NA	NA
GCF_027595105.3	NA	NZ_MF344582.1	160577	161434	+	blaTEM-1	broad-spectrum class A beta-lactamase TEM-1	core	AMR	AMR	BETA-LACTAM	BETA-LACTAM	ALLELEX	286	286	100.00	100.00	286	WP_000027057.1	broad-spectrum class A beta-lactamase TEM-1	NA	NA
GCF_027595105.3	NA	NZ_MF344582.1	274302	275738	+	aac(6')-Ie/aph(2'')-Ia	bifunctional aminoglycoside N-acetyltransferase AAC(6')-Ie/aminoglycoside O-phosphotransferase APH(2'')-Ia	core	AMR	AMR	AMINOGLYCOSIDE	AMIKACIN/GENTAMICIN/KANAMYCIN/TOBRAMYCIN	EXACTX	479	479	100.00	100.00	479	WP_001028144.1	bifunctional aminoglycoside N-acetyltransferase AAC(6')-Ie/aminoglycoside O-phosphotransferase APH(2'')-Ia	NA	NA
GCF_029716005.1	NA	NZ_CP099217.1	4485756	4486898	-	blaCMY-48	class C beta-lactamase CMY-48	core	AMR	AMR	BETA-LACTAM	CEPHALOSPORIN	ALLELEX	381	381	100.00	100.00	381	WP_044699195.1	class C beta-lactamase CMY-48	NA	NA
GCF_029717865.1	NA	NZ_CP099291.1	238853	240049	-	tet(A)	tetracycline efflux MFS transporter Tet(A)	core	AMR	AMR	TETRACYCLINE	TETRACYCLINE	EXACTX	399	399	100.00	100.00	399	WP_000804064.1	tetracycline efflux MFS transporter Tet(A)	NA	NA
GCF_029717865.1	NA	NZ_CP099291.1	249478	250314	-	sul1	sulfonamide-resistant dihydropteroate synthase Sul1	core	AMR	AMR	SULFONAMIDE	SULFONAMIDE	EXACTX	279	279	100.00	100.00	279	WP_000259031.1	sulfonamide-resistant dihydropteroate synthase Sul1	NA	NA
GCF_029717865.1	NA	NZ_CP099291.1	250311	250655	-	qacEdelta1	quaternary ammonium compound efflux SMR transporter QacE delta 1	core	STRESS	BIOCIDE	QUATERNARY AMMONIUM	QUATERNARY AMMONIUM	ALLELEX	115	115	100.00	100.00	115	WP_000679427.1	quaternary ammonium compound efflux SMR transporter QacE delta 1	NA	NA
GCF_029717865.1	NA	NZ_CP099291.1	250822	251610	-	aadA1	ANT(3'')-Ia family aminoglycoside nucleotidyltransferase AadA1	core	AMR	AMR	AMINOGLYCOSIDE	STREPTOMYCIN	EXACTX	263	263	100.00	100.00	263	WP_001206317.1	ANT(3'')-Ia family aminoglycoside nucleotidyltransferase AadA1	NA	NA
GCF_029717865.1	NA	NZ_CP099291.1	251706	252176	-	dfrA1	trimethoprim-resistant dihydrofolate reductase DfrA1	core	AMR	AMR	TRIMETHOPRIM	TRIMETHOPRIM	EXACTX	157	157	100.00	100.00	157	WP_000777555.1	trimethoprim-resistant dihydrofolate reductase DfrA1	NA	NA
GCF_029717865.1	NA	NZ_CP099291.1	1432793	1433605	-	sul2	sulfonamide-resistant dihydropteroate synthase Sul2	core	AMR	AMR	SULFONAMIDE	SULFONAMIDE	EXACTX	271	271	100.00	100.00	271	WP_001043260.1	sulfonamide-resistant dihydropteroate synthase Sul2	NA	NA
GCF_029717865.1	NA	NZ_CP099291.1	4519307	4520449	+	blaCMY-48	class C beta-lactamase CMY-48	core	AMR	AMR	BETA-LACTAM	CEPHALOSPORIN	ALLELEX	381	381	100.00	100.00	381	WP_044699195.1	class C beta-lactamase CMY-48	NA	NA
GCF_029717865.1	NA	NZ_CP099292.1	2657	3310	-	qnrS1	quinolone resistance pentapeptide repeat protein QnrS1	core	AMR	AMR	QUINOLONE	QUINOLONE	ALLELEX	218	218	100.00	100.00	218	WP_001516695.1	quinolone resistance pentapeptide repeat protein QnrS1	NA	NA
GCF_029717865.1	NA	NZ_CP099292.1	5749	6606	-	blaSHV-12	extended-spectrum class A beta-lactamase SHV-12	core	AMR	AMR	BETA-LACTAM	CEFIDEROCOL/CEPHALOSPORIN	ALLELEX	286	286	100.00	100.00	286	WP_002904004.1	extended-spectrum class A beta-lactamase SHV-12	NA	NA
GCF_029717985.1	NA	NZ_CP099298.1	1697176	1698012	-	sul1	sulfonamide-resistant dihydropteroate synthase Sul1	core	AMR	AMR	SULFONAMIDE	SULFONAMIDE	EXACTX	279	279	100.00	100.00	279	WP_000259031.1	sulfonamide-resistant dihydropteroate synthase Sul1	NA	NA
GCF_029717985.1	NA	NZ_CP099298.1	1698009	1698353	-	qacEdelta1	quaternary ammonium compound efflux SMR transporter QacE delta 1	core	STRESS	BIOCIDE	QUATERNARY AMMONIUM	QUATERNARY AMMONIUM	ALLELEX	115	115	100.00	100.00	115	WP_000679427.1	quaternary ammonium compound efflux SMR transporter QacE delta 1	NA	NA
GCF_029717985.1	NA	NZ_CP099298.1	1698520	1699308	-	aadA1	ANT(3'')-Ia family aminoglycoside nucleotidyltransferase AadA1	core	AMR	AMR	AMINOGLYCOSIDE	STREPTOMYCIN	EXACTX	263	263	100.00	100.00	263	WP_001206317.1	ANT(3'')-Ia family aminoglycoside nucleotidyltransferase AadA1	NA	NA
GCF_029717985.1	NA	NZ_CP099298.1	1699404	1699874	-	dfrA1	trimethoprim-resistant dihydrofolate reductase DfrA1	core	AMR	AMR	TRIMETHOPRIM	TRIMETHOPRIM	EXACTX	157	157	100.00	100.00	157	WP_000777555.1	trimethoprim-resistant dihydrofolate reductase DfrA1	NA	NA
GCF_029717985.1	NA	NZ_CP099298.1	3712690	3713832	-	blaCMY-48	class C beta-lactamase CMY-48	core	AMR	AMR	BETA-LACTAM	CEPHALOSPORIN	ALLELEX	381	381	100.00	100.00	381	WP_044699195.1	class C beta-lactamase CMY-48	NA	NA
GCF_029718045.1	NA	NZ_CP099303.1	4305160	4306302	+	blaCMY-152	class C beta-lactamase CMY-152	core	AMR	AMR	BETA-LACTAM	CEPHALOSPORIN	ALLELEX	381	381	100.00	100.00	381	WP_032937778.1	class C beta-lactamase CMY-152	NA	NA
GCF_029719365.1	NA	NZ_CP099128.1	4328032	4329174	+	blaCMY	CMY-2 family class C beta-lactamase	core	AMR	AMR	BETA-LACTAM	CEPHALOSPORIN	BLASTX	381	381	100.00	99.74	381	WP_063859859.1	class C beta-lactamase CMY-67	NA	NA
GCF_029719765.1	NA	NZ_CP099037.1	4497825	4498967	+	blaCMY-48	class C beta-lactamase CMY-48	core	AMR	AMR	BETA-LACTAM	CEPHALOSPORIN	ALLELEX	381	381	100.00	100.00	381	WP_044699195.1	class C beta-lactamase CMY-48	NA	NA
GCF_030007575.1	NA	NZ_CP124813.1	478537	479679	-	blaCMY-48	class C beta-lactamase CMY-48	core	AMR	AMR	BETA-LACTAM	CEPHALOSPORIN	ALLELEX	381	381	100.00	100.00	381	WP_044699195.1	class C beta-lactamase CMY-48	NA	NA
GCF_030007575.1	NA	NZ_CP124813.1	2528445	2529302	+	blaTEM-1	broad-spectrum class A beta-lactamase TEM-1	core	AMR	AMR	BETA-LACTAM	BETA-LACTAM	ALLELEX	286	286	100.00	100.00	286	WP_000027057.1	broad-spectrum class A beta-lactamase TEM-1	NA	NA
GCF_030007575.1	NA	NZ_CP124813.1	5013949	5014734	-	aadA1	ANT(3'')-Ia family aminoglycoside nucleotidyltransferase AadA1	core	AMR	AMR	AMINOGLYCOSIDE	STREPTOMYCIN	EXACTX	262	262	100.00	100.00	262	WP_001206315.1	ANT(3'')-Ia family aminoglycoside nucleotidyltransferase AadA1	NA	NA
GCF_030007575.1	NA	NZ_CP124813.1	5014795	5015316	-	sat2	streptothricin N-acetyltransferase Sat2	core	AMR	AMR	STREPTOTHRICIN	STREPTOTHRICIN	EXACTX	174	174	100.00	100.00	174	WP_000704156.1	streptothricin N-acetyltransferase Sat2	NA	NA
GCF_030007575.1	NA	NZ_CP124813.1	5015414	5015884	-	dfrA1	trimethoprim-resistant dihydrofolate reductase DfrA1	core	AMR	AMR	TRIMETHOPRIM	TRIMETHOPRIM	EXACTX	157	157	100.00	100.00	157	WP_000777554.1	trimethoprim-resistant dihydrofolate reductase DfrA1	NA	NA
GCF_030007575.1	NA	NZ_CP124814.1	10323	11117	+	blaOXA-48	OXA-48 family carbapenem-hydrolyzing class D beta-lactamase OXA-48	core	AMR	AMR	BETA-LACTAM	CARBAPENEM	ALLELEX	265	265	100.00	100.00	265	WP_015059991.1	OXA-48 family carbapenem-hydrolyzing class D beta-lactamase OXA-48	NA	NA
GCF_030007575.1	NA	NZ_CP124815.1	38862	39515	-	qnrS1	quinolone resistance pentapeptide repeat protein QnrS1	core	AMR	AMR	QUINOLONE	QUINOLONE	ALLELEX	218	218	100.00	100.00	218	WP_001516695.1	quinolone resistance pentapeptide repeat protein QnrS1	NA	NA
GCF_030007575.1	NA	NZ_CP124815.1	41954	42811	-	blaSHV-12	extended-spectrum class A beta-lactamase SHV-12	core	AMR	AMR	BETA-LACTAM	CEFIDEROCOL/CEPHALOSPORIN	ALLELEX	286	286	100.00	100.00	286	WP_002904004.1	extended-spectrum class A beta-lactamase SHV-12	NA	NA
GCF_030007575.1	NA	NZ_CP124816.1	15691	16524	-	aph(6)-Id	aminoglycoside O-phosphotransferase APH(6)-Id	core	AMR	AMR	AMINOGLYCOSIDE	STREPTOMYCIN	EXACTX	278	278	100.00	100.00	278	WP_000480968.1	aminoglycoside O-phosphotransferase APH(6)-Id	NA	NA
GCF_030007575.1	NA	NZ_CP124816.1	16527	17327	-	aph(3'')-Ib	aminoglycoside O-phosphotransferase APH(3'')-Ib	core	AMR	AMR	AMINOGLYCOSIDE	STREPTOMYCIN	EXACTX	267	267	100.00	100.00	267	WP_001082319.1	aminoglycoside O-phosphotransferase APH(3'')-Ib	NA	NA
GCF_030007575.1	NA	NZ_CP124816.1	22028	23230	-	tet(B)	tetracycline efflux MFS transporter Tet(B)	core	AMR	AMR	TETRACYCLINE	TETRACYCLINE	EXACTX	401	401	100.00	100.00	401	WP_001089068.1	tetracycline efflux MFS transporter Tet(B)	NA	NA
GCF_030007575.1	NA	NZ_CP124816.1	34375	35232	-	blaTEM-1	broad-spectrum class A beta-lactamase TEM-1	core	AMR	AMR	BETA-LACTAM	BETA-LACTAM	ALLELEX	286	286	100.00	100.00	286	WP_000027057.1	broad-spectrum class A beta-lactamase TEM-1	NA	NA
GCF_030007575.1	NA	NZ_CP124818.1	77	889	+	sul2	sulfonamide-resistant dihydropteroate synthase Sul2	core	AMR	AMR	SULFONAMIDE	SULFONAMIDE	EXACTX	271	271	100.00	100.00	271	WP_001043260.1	sulfonamide-resistant dihydropteroate synthase Sul2	NA	NA
GCF_030007795.1	NA	NZ_CP124809.1	479313	480455	-	blaCMY-48	class C beta-lactamase CMY-48	core	AMR	AMR	BETA-LACTAM	CEPHALOSPORIN	ALLELEX	381	381	100.00	100.00	381	WP_044699195.1	class C beta-lactamase CMY-48	NA	NA
GCF_030007795.1	NA	NZ_CP124809.1	2529221	2530078	+	blaTEM-1	broad-spectrum class A beta-lactamase TEM-1	core	AMR	AMR	BETA-LACTAM	BETA-LACTAM	ALLELEX	286	286	100.00	100.00	286	WP_000027057.1	broad-spectrum class A beta-lactamase TEM-1	NA	NA
GCF_030007795.1	NA	NZ_CP124809.1	5048288	5049073	-	aadA1	ANT(3'')-Ia family aminoglycoside nucleotidyltransferase AadA1	core	AMR	AMR	AMINOGLYCOSIDE	STREPTOMYCIN	EXACTX	262	262	100.00	100.00	262	WP_001206315.1	ANT(3'')-Ia family aminoglycoside nucleotidyltransferase AadA1	NA	NA
GCF_030007795.1	NA	NZ_CP124809.1	5049134	5049655	-	sat2	streptothricin N-acetyltransferase Sat2	core	AMR	AMR	STREPTOTHRICIN	STREPTOTHRICIN	EXACTX	174	174	100.00	100.00	174	WP_000704156.1	streptothricin N-acetyltransferase Sat2	NA	NA
GCF_030007795.1	NA	NZ_CP124809.1	5049753	5050223	-	dfrA1	trimethoprim-resistant dihydrofolate reductase DfrA1	core	AMR	AMR	TRIMETHOPRIM	TRIMETHOPRIM	EXACTX	157	157	100.00	100.00	157	WP_000777554.1	trimethoprim-resistant dihydrofolate reductase DfrA1	NA	NA
GCF_030007795.1	NA	NZ_CP124810.1	10323	11117	+	blaOXA-48	OXA-48 family carbapenem-hydrolyzing class D beta-lactamase OXA-48	core	AMR	AMR	BETA-LACTAM	CARBAPENEM	ALLELEX	265	265	100.00	100.00	265	WP_015059991.1	OXA-48 family carbapenem-hydrolyzing class D beta-lactamase OXA-48	NA	NA
GCF_030007795.1	NA	NZ_CP124811.1	15721	16554	-	aph(6)-Id	aminoglycoside O-phosphotransferase APH(6)-Id	core	AMR	AMR	AMINOGLYCOSIDE	STREPTOMYCIN	EXACTX	278	278	100.00	100.00	278	WP_000480968.1	aminoglycoside O-phosphotransferase APH(6)-Id	NA	NA
GCF_030007795.1	NA	NZ_CP124811.1	16557	17357	-	aph(3'')-Ib	aminoglycoside O-phosphotransferase APH(3'')-Ib	core	AMR	AMR	AMINOGLYCOSIDE	STREPTOMYCIN	EXACTX	267	267	100.00	100.00	267	WP_001082319.1	aminoglycoside O-phosphotransferase APH(3'')-Ib	NA	NA
GCF_030007795.1	NA	NZ_CP124811.1	22058	23260	-	tet(B)	tetracycline efflux MFS transporter Tet(B)	core	AMR	AMR	TETRACYCLINE	TETRACYCLINE	EXACTX	401	401	100.00	100.00	401	WP_001089068.1	tetracycline efflux MFS transporter Tet(B)	NA	NA
GCF_030007795.1	NA	NZ_CP124811.1	34405	35262	-	blaTEM-1	broad-spectrum class A beta-lactamase TEM-1	core	AMR	AMR	BETA-LACTAM	BETA-LACTAM	ALLELEX	286	286	100.00	100.00	286	WP_000027057.1	broad-spectrum class A beta-lactamase TEM-1	NA	NA
GCF_030007795.1	NA	NZ_CP124812.1	77	889	+	sul2	sulfonamide-resistant dihydropteroate synthase Sul2	core	AMR	AMR	SULFONAMIDE	SULFONAMIDE	EXACTX	271	271	100.00	100.00	271	WP_001043260.1	sulfonamide-resistant dihydropteroate synthase Sul2	NA	NA
GCF_030035205.1	NA	NZ_CP125310.1	470611	471753	-	blaCMY	CMY-2 family class C beta-lactamase	core	AMR	AMR	BETA-LACTAM	CEPHALOSPORIN	BLASTX	381	381	100.00	99.74	381	WP_063859722.1	class C beta-lactamase CMY-117	NA	NA
GCF_030035205.1	NA	NZ_CP125310.1	801659	802561	+	mph(A)	Mph(A) family macrolide 2'-phosphotransferase	core	AMR	AMR	MACROLIDE	AZITHROMYCIN/ERYTHROMYCIN/SPIRAMYCIN/TELITHROMYCIN	EXACTX	301	301	100.00	100.00	301	WP_000219391.1	Mph(A) family macrolide 2'-phosphotransferase	NA	NA
GCF_030035205.1	NA	NZ_CP125310.1	802561	803796	+	mrx(A)	phosphorylated macrolide efflux MFS transporter Mrx(A)	core	AMR	AMR	MACROLIDE	AZITHROMYCIN/ERYTHROMYCIN/SPIRAMYCIN/TELITHROMYCIN	BLASTX	412	412	100.00	99.76	412	WP_000004159.1	phosphorylated macrolide efflux MFS transporter Mrx(A)	NA	NA
GCF_030035205.1	NA	NZ_CP125310.1	809205	810041	-	sul1	sulfonamide-resistant dihydropteroate synthase Sul1	core	AMR	AMR	SULFONAMIDE	SULFONAMIDE	EXACTX	279	279	100.00	100.00	279	WP_000259031.1	sulfonamide-resistant dihydropteroate synthase Sul1	NA	NA
GCF_030035205.1	NA	NZ_CP125310.1	810038	810382	-	qacEdelta1	quaternary ammonium compound efflux SMR transporter QacE delta 1	core	STRESS	BIOCIDE	QUATERNARY AMMONIUM	QUATERNARY AMMONIUM	ALLELEX	115	115	100.00	100.00	115	WP_000679427.1	quaternary ammonium compound efflux SMR transporter QacE delta 1	NA	NA
GCF_030035205.1	NA	NZ_CP125310.1	810591	811376	-	aadA5	ANT(3'')-Ia family aminoglycoside nucleotidyltransferase AadA5	core	AMR	AMR	AMINOGLYCOSIDE	STREPTOMYCIN	EXACTX	262	262	100.00	100.00	262	WP_000503573.1	ANT(3'')-Ia family aminoglycoside nucleotidyltransferase AadA5	NA	NA
GCF_030035205.1	NA	NZ_CP125310.1	811510	811980	-	dfrA17	trimethoprim-resistant dihydrofolate reductase DfrA17	core	AMR	AMR	TRIMETHOPRIM	TRIMETHOPRIM	EXACTX	157	157	100.00	100.00	157	WP_001389366.1	trimethoprim-resistant dihydrofolate reductase DfrA17	NA	NA
GCF_030035205.1	NA	NZ_CP125310.1	1107199	1108071	-	blaKLUC-5	broad-spectrum class A beta-lactamase KLUC-5	core	AMR	AMR	BETA-LACTAM	BETA-LACTAM	ALLELEX	291	291	100.00	100.00	291	WP_100663667.1	broad-spectrum class A beta-lactamase KLUC-5	NA	NA
GCF_030035205.1	NA	NZ_CP125310.1	1491640	1492512	-	blaKLUC-5	broad-spectrum class A beta-lactamase KLUC-5	core	AMR	AMR	BETA-LACTAM	BETA-LACTAM	ALLELEX	291	291	100.00	100.00	291	WP_100663667.1	broad-spectrum class A beta-lactamase KLUC-5	NA	NA
GCF_030035205.1	NA	NZ_CP125310.1	1753145	1754017	-	blaKLUC-5	broad-spectrum class A beta-lactamase KLUC-5	core	AMR	AMR	BETA-LACTAM	BETA-LACTAM	ALLELEX	291	291	100.00	100.00	291	WP_100663667.1	broad-spectrum class A beta-lactamase KLUC-5	NA	NA
GCF_030035205.1	NA	NZ_CP125310.1	3565420	3568053	-	gyrA_T83I	Citrobacter freundii quinolone resistant GyrA	core	AMR	POINT	QUINOLONE	QUINOLONE	POINTX	878	878	100.00	99.89	878	WP_003027598.1	DNA gyrase subunit A GyrA	NA	NA
GCF_030035205.1	NA	NZ_CP125310.1	3890340	3891212	+	blaKLUC-5	broad-spectrum class A beta-lactamase KLUC-5	core	AMR	AMR	BETA-LACTAM	BETA-LACTAM	ALLELEX	291	291	100.00	100.00	291	WP_100663667.1	broad-spectrum class A beta-lactamase KLUC-5	NA	NA
GCF_030035205.1	NA	NZ_CP125310.1	3948890	3949762	+	blaKLUC-5	broad-spectrum class A beta-lactamase KLUC-5	core	AMR	AMR	BETA-LACTAM	BETA-LACTAM	ALLELEX	291	291	100.00	100.00	291	WP_100663667.1	broad-spectrum class A beta-lactamase KLUC-5	NA	NA
GCF_030035205.1	NA	NZ_CP125314.1	25499	26251	-	rmtB1	16S rRNA (guanine(1405)-N(7))-methyltransferase RmtB1	core	AMR	AMR	AMINOGLYCOSIDE	AMINOGLYCOSIDE	ALLELEX	251	251	100.00	100.00	251	WP_012372818.1	16S rRNA (guanine(1405)-N(7))-methyltransferase RmtB1	NA	NA
GCF_030035205.1	NA	NZ_CP125314.1	26424	27281	-	blaTEM-1	broad-spectrum class A beta-lactamase TEM-1	core	AMR	AMR	BETA-LACTAM	BETA-LACTAM	ALLELEX	286	286	100.00	100.00	286	WP_000027057.1	broad-spectrum class A beta-lactamase TEM-1	NA	NA
GCF_030035205.1	NA	NZ_CP125314.1	30955	31368	-	fosA3	fosfomycin resistance glutathione transferase FosA3	core	AMR	AMR	FOSFOMYCIN	FOSFOMYCIN	ALLELEX	138	138	100.00	100.00	138	WP_014839980.1	fosfomycin resistance glutathione transferase FosA3	NA	NA
GCF_030064365.1	NA	NZ_CP110775.1	1621391	1624024	-	gyrA_T83I	Citrobacter freundii quinolone resistant GyrA	core	AMR	POINT	QUINOLONE	QUINOLONE	POINTX	878	878	100.00	99.89	878	WP_003027598.1	DNA gyrase subunit A GyrA	NA	NA
GCF_030064365.1	NA	NZ_CP110775.1	3289076	3289546	+	dfrA1	trimethoprim-resistant dihydrofolate reductase DfrA1	core	AMR	AMR	TRIMETHOPRIM	TRIMETHOPRIM	EXACTX	157	157	100.00	100.00	157	WP_000777554.1	trimethoprim-resistant dihydrofolate reductase DfrA1	NA	NA
GCF_030064365.1	NA	NZ_CP110775.1	3289644	3290165	+	sat2	streptothricin N-acetyltransferase Sat2	core	AMR	AMR	STREPTOTHRICIN	STREPTOTHRICIN	EXACTX	174	174	100.00	100.00	174	WP_000704156.1	streptothricin N-acetyltransferase Sat2	NA	NA
GCF_030064365.1	NA	NZ_CP110775.1	3290226	3291011	+	aadA1	ANT(3'')-Ia family aminoglycoside nucleotidyltransferase AadA1	core	AMR	AMR	AMINOGLYCOSIDE	STREPTOMYCIN	EXACTX	262	262	100.00	100.00	262	WP_001206315.1	ANT(3'')-Ia family aminoglycoside nucleotidyltransferase AadA1	NA	NA
GCF_030064365.1	NA	NZ_CP110775.1	3781062	3782204	-	blaCMY-48	class C beta-lactamase CMY-48	core	AMR	AMR	BETA-LACTAM	CEPHALOSPORIN	ALLELEX	381	381	100.00	100.00	381	WP_044699195.1	class C beta-lactamase CMY-48	NA	NA
GCF_030064365.1	NA	NZ_CP110776.1	104973	105443	+	dfrA14	trimethoprim-resistant dihydrofolate reductase DfrA14	core	AMR	AMR	TRIMETHOPRIM	TRIMETHOPRIM	EXACTX	157	157	100.00	100.00	157	WP_004201280.1	trimethoprim-resistant dihydrofolate reductase DfrA14	NA	NA
GCF_030064365.1	NA	NZ_CP110776.1	107920	109155	-	mrx(A)	phosphorylated macrolide efflux MFS transporter Mrx(A)	core	AMR	AMR	MACROLIDE	AZITHROMYCIN/ERYTHROMYCIN/SPIRAMYCIN/TELITHROMYCIN	EXACTX	412	412	100.00	100.00	412	WP_000004159.1	phosphorylated macrolide efflux MFS transporter Mrx(A)	NA	NA
GCF_030064365.1	NA	NZ_CP110776.1	109155	110057	-	mph(A)	Mph(A) family macrolide 2'-phosphotransferase	core	AMR	AMR	MACROLIDE	AZITHROMYCIN/ERYTHROMYCIN/SPIRAMYCIN/TELITHROMYCIN	EXACTX	301	301	100.00	100.00	301	WP_000219391.1	Mph(A) family macrolide 2'-phosphotransferase	NA	NA
GCF_030064365.1	NA	NZ_CP110776.1	113375	114232	-	blaSHV-12	extended-spectrum class A beta-lactamase SHV-12	core	AMR	AMR	BETA-LACTAM	CEFIDEROCOL/CEPHALOSPORIN	ALLELEX	286	286	100.00	100.00	286	WP_002904004.1	extended-spectrum class A beta-lactamase SHV-12	NA	NA
GCF_030064365.1	NA	NZ_CP110776.1	118613	119410	+	blaVIM-1	subclass B1 metallo-beta-lactamase VIM-1	core	AMR	AMR	BETA-LACTAM	CARBAPENEM	ALLELEX	266	266	100.00	100.00	266	WP_013263789.1	subclass B1 metallo-beta-lactamase VIM-1	NA	NA
GCF_030064365.1	NA	NZ_CP110776.1	119521	120072	+	aac(6')-Ib4	aminoglycoside N-acetyltransferase AAC(6')-Ib4	core	AMR	AMR	AMINOGLYCOSIDE	GENTAMICIN	ALLELEX	184	184	100.00	100.00	184	WP_003159191.1	aminoglycoside N-acetyltransferase AAC(6')-Ib4	NA	NA
GCF_030064365.1	NA	NZ_CP110776.1	120146	120937	+	aph(3')-XV	aminoglycoside O-phosphotransferase APH(3')-XV	core	AMR	AMR	AMINOGLYCOSIDE	AMIKACIN/KANAMYCIN	EXACTX	264	264	100.00	100.00	264	WP_019407932.1	aminoglycoside O-phosphotransferase APH(3')-XV	NA	NA
GCF_030064365.1	NA	NZ_CP110776.1	121057	121845	+	aadA1	ANT(3'')-Ia family aminoglycoside nucleotidyltransferase AadA1	core	AMR	AMR	AMINOGLYCOSIDE	STREPTOMYCIN	EXACTX	263	263	100.00	100.00	263	WP_001206317.1	ANT(3'')-Ia family aminoglycoside nucleotidyltransferase AadA1	NA	NA
GCF_030064365.1	NA	NZ_CP110776.1	121901	122530	+	catB2	type B-2 chloramphenicol O-acetyltransferase CatB2	core	AMR	AMR	PHENICOL	CHLORAMPHENICOL	EXACTX	210	210	100.00	100.00	210	WP_012477387.1	type B-2 chloramphenicol O-acetyltransferase CatB2	NA	NA
GCF_030064365.1	NA	NZ_CP110776.1	122702	123046	+	qacEdelta1	quaternary ammonium compound efflux SMR transporter QacE delta 1	core	STRESS	BIOCIDE	QUATERNARY AMMONIUM	QUATERNARY AMMONIUM	ALLELEX	115	115	100.00	100.00	115	WP_000679427.1	quaternary ammonium compound efflux SMR transporter QacE delta 1	NA	NA
GCF_030064365.1	NA	NZ_CP110776.1	123043	123879	+	sul1	sulfonamide-resistant dihydropteroate synthase Sul1	core	AMR	AMR	SULFONAMIDE	SULFONAMIDE	EXACTX	279	279	100.00	100.00	279	WP_000259031.1	sulfonamide-resistant dihydropteroate synthase Sul1	NA	NA
GCF_030064365.1	NA	NZ_CP110777.1	58261	59442	-	tet(D)	tetracycline efflux MFS transporter Tet(D)	core	AMR	AMR	TETRACYCLINE	TETRACYCLINE	EXACTX	394	394	100.00	100.00	394	WP_001039466.1	tetracycline efflux MFS transporter Tet(D)	NA	NA
GCF_030064365.1	NA	NZ_CP110777.1	61057	61695	-	catA2	type A-2 chloramphenicol O-acetyltransferase CatII	core	AMR	AMR	PHENICOL	CHLORAMPHENICOL	EXACTX	213	213	100.00	100.00	213	WP_001011939.1	type A-2 chloramphenicol O-acetyltransferase CatII	NA	NA
GCF_030064365.1	NA	NZ_CP110778.1	12173	13051	+	blaKPC-2	carbapenem-hydrolyzing class A beta-lactamase KPC-2	core	AMR	AMR	BETA-LACTAM	CARBAPENEM	ALLELEX	293	293	100.00	100.00	293	WP_004199234.1	carbapenem-hydrolyzing class A beta-lactamase KPC-2	NA	NA
GCF_030064365.1	NA	NZ_CP110778.1	22716	23537	+	blaOXA	OXA-9 family oxacillin-hydrolyzing class D beta-lactamase	core	AMR	AMR	BETA-LACTAM	BETA-LACTAM	INTERNAL_STOP	274	274	100.00	99.64	274	WP_000722315.1	oxacillin-hydrolyzing class D beta-lactamase OXA-9	NA	NA
GCF_030064365.1	NA	NZ_CP110778.1	24240	25097	+	blaTEM-1	broad-spectrum class A beta-lactamase TEM-1	core	AMR	AMR	BETA-LACTAM	BETA-LACTAM	ALLELEX	286	286	100.00	100.00	286	WP_000027057.1	broad-spectrum class A beta-lactamase TEM-1	NA	NA
GCF_030064365.1	NA	NZ_CP110778.1	74582	75463	-	mph(E)	Mph(E) family macrolide 2'-phosphotransferase	core	AMR	AMR	MACROLIDE	ERYTHROMYCIN	EXACTX	294	294	100.00	100.00	294	WP_000155092.1	Mph(E) family macrolide 2'-phosphotransferase	NA	NA
GCF_030064365.1	NA	NZ_CP110778.1	75522	76994	-	msr(E)	ABC-F type ribosomal protection protein Msr(E)	core	AMR	AMR	MACROLIDE/STREPTOGRAMIN	AZITHROMYCIN/ERYTHROMYCIN/STREPTOGRAMIN	EXACTX	491	491	100.00	100.00	491	WP_000052512.1	ABC-F type ribosomal protection protein Msr(E)	NA	NA
GCF_030064365.1	NA	NZ_CP110778.1	79296	80066	-	armA	16S rRNA (guanine(1405)-N(7))-methyltransferase ArmA	core	AMR	AMR	AMINOGLYCOSIDE	GENTAMICIN	EXACTX	257	257	100.00	100.00	257	WP_000359986.1	16S rRNA (guanine(1405)-N(7))-methyltransferase ArmA	NA	NA
GCF_030064365.1	NA	NZ_CP110780.1	39185	39838	+	qnrS1	quinolone resistance pentapeptide repeat protein QnrS1	core	AMR	AMR	QUINOLONE	QUINOLONE	ALLELEX	218	218	100.00	100.00	218	WP_001516695.1	quinolone resistance pentapeptide repeat protein QnrS1	NA	NA
GCF_030064365.1	NA	NZ_CP110780.1	45803	46597	-	blaOXA-181	OXA-48 family carbapenem-hydrolyzing class D beta-lactamase OXA-181	core	AMR	AMR	BETA-LACTAM	CARBAPENEM	ALLELEX	265	265	100.00	100.00	265	WP_015060052.1	OXA-48 family carbapenem-hydrolyzing class D beta-lactamase OXA-181	NA	NA
GCF_030122475.1	NA	NZ_CP119048.1	1688239	1690872	+	gyrA_T83I	Citrobacter freundii quinolone resistant GyrA	core	AMR	POINT	QUINOLONE	QUINOLONE	POINTX	878	878	100.00	99.89	878	WP_003027598.1	DNA gyrase subunit A GyrA	NA	NA
GCF_030122475.1	NA	NZ_CP119048.1	3744204	3744992	+	aadA25	ANT(3'')-Ia family aminoglycoside nucleotidyltransferase AadA25	core	AMR	AMR	AMINOGLYCOSIDE	STREPTOMYCIN	BLASTX	263	263	100.00	99.62	263	WP_011113049.1	ANT(3'')-Ia family aminoglycoside nucleotidyltransferase AadA25	NA	NA
GCF_030122475.1	NA	NZ_CP119048.1	3745159	3745503	+	qacEdelta1	quaternary ammonium compound efflux SMR transporter QacE delta 1	core	STRESS	BIOCIDE	QUATERNARY AMMONIUM	QUATERNARY AMMONIUM	ALLELEX	115	115	100.00	100.00	115	WP_000679427.1	quaternary ammonium compound efflux SMR transporter QacE delta 1	NA	NA
GCF_030122475.1	NA	NZ_CP119048.1	3745500	3746336	+	sul1	sulfonamide-resistant dihydropteroate synthase Sul1	core	AMR	AMR	SULFONAMIDE	SULFONAMIDE	EXACTX	279	279	100.00	100.00	279	WP_000259031.1	sulfonamide-resistant dihydropteroate synthase Sul1	NA	NA
GCF_030122475.1	NA	NZ_CP119048.1	4668334	4669476	+	blaCMY	CMY-2 family class C beta-lactamase	core	AMR	AMR	BETA-LACTAM	CEPHALOSPORIN	BLASTX	381	381	100.00	99.74	381	WP_044699195.1	class C beta-lactamase CMY-48	NA	NA
GCF_030122475.1	NA	NZ_CP119048.1	5157708	5158493	-	aadA1	ANT(3'')-Ia family aminoglycoside nucleotidyltransferase AadA1	core	AMR	AMR	AMINOGLYCOSIDE	STREPTOMYCIN	EXACTX	262	262	100.00	100.00	262	WP_001206315.1	ANT(3'')-Ia family aminoglycoside nucleotidyltransferase AadA1	NA	NA
GCF_030122475.1	NA	NZ_CP119048.1	5158554	5159075	-	sat2	streptothricin N-acetyltransferase Sat2	core	AMR	AMR	STREPTOTHRICIN	STREPTOTHRICIN	EXACTX	174	174	100.00	100.00	174	WP_000704156.1	streptothricin N-acetyltransferase Sat2	NA	NA
GCF_030122475.1	NA	NZ_CP119048.1	5159173	5159643	-	dfrA1	trimethoprim-resistant dihydrofolate reductase DfrA1	core	AMR	AMR	TRIMETHOPRIM	TRIMETHOPRIM	EXACTX	157	157	100.00	100.00	157	WP_000777554.1	trimethoprim-resistant dihydrofolate reductase DfrA1	NA	NA
GCF_030122475.1	NA	NZ_CP119049.1	120876	121685	+	blaNDM-1	subclass B1 metallo-beta-lactamase NDM-1	core	AMR	AMR	BETA-LACTAM	CARBAPENEM	ALLELEX	270	270	100.00	100.00	270	WP_004201164.1	subclass B1 metallo-beta-lactamase NDM-1	NA	NA
GCF_030122475.1	NA	NZ_CP119049.1	121692	122054	+	ble	bleomycin binding protein Ble-MBL	core	AMR	AMR	BLEOMYCIN	BLEOMYCIN	EXACTX	121	121	100.00	100.00	121	WP_004201167.1	bleomycin binding protein Ble-MBL	NA	NA
GCF_030122475.1	NA	NZ_CP119050.1	15035	15892	+	aac(3)-IIe	aminoglycoside N-acetyltransferase AAC(3)-IIe	core	AMR	AMR	AMINOGLYCOSIDE	GENTAMICIN	EXACTX	286	286	100.00	100.00	286	WP_000557452.1	aminoglycoside N-acetyltransferase AAC(3)-IIe	NA	NA
GCF_030122475.1	NA	NZ_CP119050.1	20145	20696	+	aac(6')-Ib-cr5	fluoroquinolone-acetylating aminoglycoside 6'-N-acetyltransferase AAC(6')-Ib-cr5	core	AMR	AMR	AMINOGLYCOSIDE/QUINOLONE	AMIKACIN/KANAMYCIN/QUINOLONE/TOBRAMYCIN	ALLELEX	184	184	100.00	100.00	184	WP_063840321.1	fluoroquinolone-acetylating aminoglycoside 6'-N-acetyltransferase AAC(6')-Ib-cr5	NA	NA
GCF_030122475.1	NA	NZ_CP119050.1	20830	21657	+	blaOXA-1	oxacillin-hydrolyzing class D beta-lactamase OXA-1	core	AMR	AMR	BETA-LACTAM	CEPHALOSPORIN	ALLELEX	276	276	100.00	100.00	276	WP_001334766.1	oxacillin-hydrolyzing class D beta-lactamase OXA-1	NA	NA
GCF_030122475.1	NA	NZ_CP119050.1	21798	22427	+	catB3	type B-3 chloramphenicol O-acetyltransferase CatB3	core	AMR	AMR	PHENICOL	CHLORAMPHENICOL	EXACTX	210	210	100.00	100.00	210	WP_000186237.1	type B-3 chloramphenicol O-acetyltransferase CatB3	NA	NA
GCF_030122475.1	NA	NZ_CP119050.1	22515	22964	+	arr-3	NAD(+)--rifampin ADP-ribosyltransferase Arr-3	core	AMR	AMR	RIFAMYCIN	RIFAMYCIN	EXACTX	150	150	100.00	100.00	150	WP_001749986.1	NAD(+)--rifampin ADP-ribosyltransferase Arr-3	NA	NA
GCF_030122475.1	NA	NZ_CP119050.1	23190	23534	+	qacEdelta1	quaternary ammonium compound efflux SMR transporter QacE delta 1	core	STRESS	BIOCIDE	QUATERNARY AMMONIUM	QUATERNARY AMMONIUM	ALLELEX	115	115	100.00	100.00	115	WP_000679427.1	quaternary ammonium compound efflux SMR transporter QacE delta 1	NA	NA
GCF_030122475.1	NA	NZ_CP119050.1	23531	23974	+	sul1	sulfonamide-resistant dihydropteroate synthase Sul1	core	AMR	AMR	SULFONAMIDE	SULFONAMIDE	PARTIALX	148	275	53.82	100.00	148	WP_063855066.1	sulfonamide-resistant dihydropteroate synthase Sul1	NA	NA
GCF_030122475.1	NA	NZ_CP119050.1	26112	26765	+	qnrA1	quinolone resistance pentapeptide repeat protein QnrA1	core	AMR	AMR	QUINOLONE	QUINOLONE	ALLELEX	218	218	100.00	100.00	218	WP_012579084.1	quinolone resistance pentapeptide repeat protein QnrA1	NA	NA
GCF_030122475.1	NA	NZ_CP119050.1	28139	28423	+	qacE	quaternary ammonium compound efflux SMR transporter QacE	core	STRESS	BIOCIDE	QUATERNARY AMMONIUM	QUATERNARY AMMONIUM	PARTIALX	95	115	82.61	95.79	95	WP_000679427.1	quaternary ammonium compound efflux SMR transporter QacE delta 1	NA	NA
GCF_030122475.1	NA	NZ_CP119050.1	28420	29256	+	sul1	sulfonamide-resistant dihydropteroate synthase Sul1	core	AMR	AMR	SULFONAMIDE	SULFONAMIDE	EXACTX	279	279	100.00	100.00	279	WP_000259031.1	sulfonamide-resistant dihydropteroate synthase Sul1	NA	NA
GCF_030122475.1	NA	NZ_CP119050.1	32164	32802	-	catA2	type A-2 chloramphenicol O-acetyltransferase CatII	core	AMR	AMR	PHENICOL	CHLORAMPHENICOL	EXACTX	213	213	100.00	100.00	213	WP_001011939.1	type A-2 chloramphenicol O-acetyltransferase CatII	NA	NA
GCF_030122475.1	NA	NZ_CP119051.1	18566	19444	-	blaKPC-2	carbapenem-hydrolyzing class A beta-lactamase KPC-2	core	AMR	AMR	BETA-LACTAM	CARBAPENEM	ALLELEX	293	293	100.00	100.00	293	WP_004199234.1	carbapenem-hydrolyzing class A beta-lactamase KPC-2	NA	NA
GCF_030122475.1	NA	NZ_CP119051.1	19669	20238	-	blaTEM	TEM family class A beta-lactamase	core	AMR	AMR	BETA-LACTAM	BETA-LACTAM	PARTIALX	190	286	66.43	98.95	190	WP_015379489.1	inhibitor-resistant broad-spectrum class A beta-lactamase TEM-34	NA	NA
GCF_030122495.1	NA	NZ_CP119165.1	1602700	1605333	+	gyrA_T83I	Citrobacter freundii quinolone resistant GyrA	core	AMR	POINT	QUINOLONE	QUINOLONE	POINTX	878	878	100.00	99.89	878	WP_003027598.1	DNA gyrase subunit A GyrA	NA	NA
GCF_030122495.1	NA	NZ_CP119165.1	4484193	4485335	+	blaCMY-224	class C beta-lactamase CMY-224	core	AMR	AMR	BETA-LACTAM	CEPHALOSPORIN	ALLELEX	381	381	100.00	100.00	381	WP_172750624.1	class C beta-lactamase CMY-224	NA	NA
GCF_030122495.1	NA	NZ_CP119166.1	3806	4684	-	blaKPC-2	carbapenem-hydrolyzing class A beta-lactamase KPC-2	core	AMR	AMR	BETA-LACTAM	CARBAPENEM	ALLELEX	293	293	100.00	100.00	293	WP_004199234.1	carbapenem-hydrolyzing class A beta-lactamase KPC-2	NA	NA
GCF_030122495.1	NA	NZ_CP119166.1	13212	13574	-	ble	bleomycin binding protein Ble-MBL	core	AMR	AMR	BLEOMYCIN	BLEOMYCIN	EXACTX	121	121	100.00	100.00	121	WP_004201167.1	bleomycin binding protein Ble-MBL	NA	NA
GCF_030122495.1	NA	NZ_CP119166.1	13581	14390	-	blaNDM-1	subclass B1 metallo-beta-lactamase NDM-1	core	AMR	AMR	BETA-LACTAM	CARBAPENEM	ALLELEX	270	270	100.00	100.00	270	WP_004201164.1	subclass B1 metallo-beta-lactamase NDM-1	NA	NA
GCF_030122495.1	NA	NZ_CP119168.1	33569	34378	+	blaNDM-1	subclass B1 metallo-beta-lactamase NDM-1	core	AMR	AMR	BETA-LACTAM	CARBAPENEM	ALLELEX	270	270	100.00	100.00	270	WP_004201164.1	subclass B1 metallo-beta-lactamase NDM-1	NA	NA
GCF_030122495.1	NA	NZ_CP119168.1	34385	34747	+	ble	bleomycin binding protein Ble-MBL	core	AMR	AMR	BLEOMYCIN	BLEOMYCIN	EXACTX	121	121	100.00	100.00	121	WP_004201167.1	bleomycin binding protein Ble-MBL	NA	NA
GCF_030122495.1	NA	NZ_CP119168.1	43275	44153	+	blaKPC-2	carbapenem-hydrolyzing class A beta-lactamase KPC-2	core	AMR	AMR	BETA-LACTAM	CARBAPENEM	ALLELEX	293	293	100.00	100.00	293	WP_004199234.1	carbapenem-hydrolyzing class A beta-lactamase KPC-2	NA	NA
GCF_030177735.1	NA	NZ_CP126536.1	1749032	1751665	+	gyrA_T83I	Citrobacter freundii quinolone resistant GyrA	core	AMR	POINT	QUINOLONE	QUINOLONE	POINTX	878	878	100.00	99.89	878	WP_003027598.1	DNA gyrase subunit A GyrA	NA	NA
GCF_030177735.1	NA	NZ_CP126536.1	3273991	3274863	-	blaCTX-M-3	extended-spectrum class A beta-lactamase CTX-M-3	core	AMR	AMR	BETA-LACTAM	CEPHALOSPORIN	ALLELEX	291	291	100.00	100.00	291	WP_011091028.1	extended-spectrum class A beta-lactamase CTX-M-3	NA	NA
GCF_030177735.1	NA	NZ_CP126536.1	4600783	4601925	+	blaCMY-181	class C beta-lactamase CMY-181	core	AMR	AMR	BETA-LACTAM	CEPHALOSPORIN	ALLELEX	381	381	100.00	100.00	381	WP_134216345.1	class C beta-lactamase CMY-181	NA	NA
GCF_030177735.1	NA	NZ_CP126536.1	4720420	4721277	+	blaTEM-1	broad-spectrum class A beta-lactamase TEM-1	core	AMR	AMR	BETA-LACTAM	BETA-LACTAM	ALLELEX	286	286	100.00	100.00	286	WP_000027057.1	broad-spectrum class A beta-lactamase TEM-1	NA	NA
GCF_030177735.1	NA	NZ_CP126536.1	4730547	4731449	+	mph(A)	Mph(A) family macrolide 2'-phosphotransferase	core	AMR	AMR	MACROLIDE	AZITHROMYCIN/ERYTHROMYCIN/SPIRAMYCIN/TELITHROMYCIN	EXACTX	301	301	100.00	100.00	301	WP_000219391.1	Mph(A) family macrolide 2'-phosphotransferase	NA	NA
GCF_030177735.1	NA	NZ_CP126536.1	4731449	4732684	+	mrx(A)	phosphorylated macrolide efflux MFS transporter Mrx(A)	core	AMR	AMR	MACROLIDE	AZITHROMYCIN/ERYTHROMYCIN/SPIRAMYCIN/TELITHROMYCIN	EXACTX	412	412	100.00	100.00	412	WP_000004159.1	phosphorylated macrolide efflux MFS transporter Mrx(A)	NA	NA
GCF_030177735.1	NA	NZ_CP126536.1	4738093	4738929	-	sul1	sulfonamide-resistant dihydropteroate synthase Sul1	core	AMR	AMR	SULFONAMIDE	SULFONAMIDE	EXACTX	279	279	100.00	100.00	279	WP_000259031.1	sulfonamide-resistant dihydropteroate synthase Sul1	NA	NA
GCF_030177735.1	NA	NZ_CP126536.1	4738926	4739270	-	qacEdelta1	quaternary ammonium compound efflux SMR transporter QacE delta 1	core	STRESS	BIOCIDE	QUATERNARY AMMONIUM	QUATERNARY AMMONIUM	ALLELEX	115	115	100.00	100.00	115	WP_000679427.1	quaternary ammonium compound efflux SMR transporter QacE delta 1	NA	NA
GCF_030177735.1	NA	NZ_CP126536.1	4739437	4740225	-	aadA2	ANT(3'')-Ia family aminoglycoside nucleotidyltransferase AadA2	core	AMR	AMR	AMINOGLYCOSIDE	STREPTOMYCIN	EXACTX	263	263	100.00	100.00	263	WP_001206356.1	ANT(3'')-Ia family aminoglycoside nucleotidyltransferase AadA2	NA	NA
GCF_030177735.1	NA	NZ_CP126536.1	4740636	4741130	-	dfrA12	trimethoprim-resistant dihydrofolate reductase DfrA12	core	AMR	AMR	TRIMETHOPRIM	TRIMETHOPRIM	EXACTX	165	165	100.00	100.00	165	WP_001083725.1	trimethoprim-resistant dihydrofolate reductase DfrA12	NA	NA
GCF_030177735.1	NA	NZ_CP126537.1	83583	84395	+	sul2	sulfonamide-resistant dihydropteroate synthase Sul2	core	AMR	AMR	SULFONAMIDE	SULFONAMIDE	EXACTX	271	271	100.00	100.00	271	WP_001043260.1	sulfonamide-resistant dihydropteroate synthase Sul2	NA	NA
GCF_030177735.1	NA	NZ_CP126537.1	86904	88115	-	floR	chloramphenicol/florfenicol efflux MFS transporter FloR	core	AMR	AMR	PHENICOL	CHLORAMPHENICOL/FLORFENICOL	EXACTX	404	404	100.00	100.00	404	WP_000214119.1	chloramphenicol/florfenicol efflux MFS transporter FloR	NA	NA
GCF_030177735.1	NA	NZ_CP126537.1	99681	100151	+	dfrA17	trimethoprim-resistant dihydrofolate reductase DfrA17	core	AMR	AMR	TRIMETHOPRIM	TRIMETHOPRIM	EXACTX	157	157	100.00	100.00	157	WP_001389366.1	trimethoprim-resistant dihydrofolate reductase DfrA17	NA	NA
GCF_030177735.1	NA	NZ_CP126537.1	100285	101070	+	aadA5	ANT(3'')-Ia family aminoglycoside nucleotidyltransferase AadA5	core	AMR	AMR	AMINOGLYCOSIDE	STREPTOMYCIN	EXACTX	262	262	100.00	100.00	262	WP_000503573.1	ANT(3'')-Ia family aminoglycoside nucleotidyltransferase AadA5	NA	NA
GCF_030177735.1	NA	NZ_CP126537.1	101279	101623	+	qacEdelta1	quaternary ammonium compound efflux SMR transporter QacE delta 1	core	STRESS	BIOCIDE	QUATERNARY AMMONIUM	QUATERNARY AMMONIUM	ALLELEX	115	115	100.00	100.00	115	WP_000679427.1	quaternary ammonium compound efflux SMR transporter QacE delta 1	NA	NA
GCF_030177735.1	NA	NZ_CP126537.1	101620	102456	+	sul1	sulfonamide-resistant dihydropteroate synthase Sul1	core	AMR	AMR	SULFONAMIDE	SULFONAMIDE	EXACTX	279	279	100.00	100.00	279	WP_000259031.1	sulfonamide-resistant dihydropteroate synthase Sul1	NA	NA
GCF_030177735.1	NA	NZ_CP126537.1	104662	105315	+	qnrA1	quinolone resistance pentapeptide repeat protein QnrA1	core	AMR	AMR	QUINOLONE	QUINOLONE	ALLELEX	218	218	100.00	100.00	218	WP_012579084.1	quinolone resistance pentapeptide repeat protein QnrA1	NA	NA
GCF_030177735.1	NA	NZ_CP126537.1	151937	152746	+	blaNDM-5	subclass B1 metallo-beta-lactamase NDM-5	core	AMR	AMR	BETA-LACTAM	CARBAPENEM	ALLELEX	270	270	100.00	100.00	270	WP_023408309.1	subclass B1 metallo-beta-lactamase NDM-5	NA	NA
GCF_030177735.1	NA	NZ_CP126537.1	152753	153115	+	ble	bleomycin binding protein Ble-MBL	core	AMR	AMR	BLEOMYCIN	BLEOMYCIN	EXACTX	121	121	100.00	100.00	121	WP_004201167.1	bleomycin binding protein Ble-MBL	NA	NA
GCF_031432815.1	NA	NZ_CP133849.1	59512	60306	-	blaOXA-48	OXA-48 family carbapenem-hydrolyzing class D beta-lactamase OXA-48	core	AMR	AMR	BETA-LACTAM	CARBAPENEM	ALLELEX	265	265	100.00	100.00	265	WP_015059991.1	OXA-48 family carbapenem-hydrolyzing class D beta-lactamase OXA-48	NA	NA
GCF_031432815.1	NA	NZ_CP133852.1	1222066	1224699	+	gyrA_T83I	Citrobacter freundii quinolone resistant GyrA	core	AMR	POINT	QUINOLONE	QUINOLONE	POINTX	878	878	100.00	99.89	878	WP_003027598.1	DNA gyrase subunit A GyrA	NA	NA
GCF_031432815.1	NA	NZ_CP133852.1	4156455	4157597	+	blaCMY-85	class C beta-lactamase CMY-85	core	AMR	AMR	BETA-LACTAM	CEPHALOSPORIN	ALLELEX	381	381	100.00	100.00	381	WP_063859877.1	class C beta-lactamase CMY-85	NA	NA
GCF_032345935.1	NA	NZ_CP135465.1	2450012	2450653	-	qnrB38	quinolone resistance pentapeptide repeat protein QnrB38	core	AMR	AMR	QUINOLONE	QUINOLONE	ALLELEX	214	214	100.00	100.00	214	WP_003020537.1	quinolone resistance pentapeptide repeat protein QnrB38	NA	NA
GCF_032345935.1	NA	NZ_CP135465.1	4498201	4499343	+	blaCMY-109	class C beta-lactamase CMY-109	core	AMR	AMR	BETA-LACTAM	CEPHALOSPORIN	ALLELEX	381	381	100.00	100.00	381	WP_032948363.1	class C beta-lactamase CMY-109	NA	NA
GCF_032345935.1	NA	NZ_CP135467.1	7135	7989	+	blaLAP-1	class A beta-lactamase LAP-1	core	AMR	AMR	BETA-LACTAM	BETA-LACTAM	ALLELEX	285	285	100.00	100.00	285	WP_031942394.1	class A beta-lactamase LAP-1	NA	NA
GCF_032345935.1	NA	NZ_CP135467.1	9589	10242	+	qnrS1	quinolone resistance pentapeptide repeat protein QnrS1	core	AMR	AMR	QUINOLONE	QUINOLONE	ALLELEX	218	218	100.00	100.00	218	WP_001516695.1	quinolone resistance pentapeptide repeat protein QnrS1	NA	NA
GCF_032345935.1	NA	NZ_CP135467.1	16815	17672	+	blaSHV-7	extended-spectrum class A beta-lactamase SHV-7	core	AMR	AMR	BETA-LACTAM	CEPHALOSPORIN	ALLELEX	286	286	100.00	100.00	286	WP_020316986.1	extended-spectrum class A beta-lactamase SHV-7	NA	NA
GCF_032345935.1	NA	NZ_CP135468.1	10335	11129	+	blaOXA-48	OXA-48 family carbapenem-hydrolyzing class D beta-lactamase OXA-48	core	AMR	AMR	BETA-LACTAM	CARBAPENEM	ALLELEX	265	265	100.00	100.00	265	WP_015059991.1	OXA-48 family carbapenem-hydrolyzing class D beta-lactamase OXA-48	NA	NA
GCF_032346775.2	NA	NZ_CP135469.1	1537856	1540489	+	gyrA_T83I	Citrobacter freundii quinolone resistant GyrA	core	AMR	POINT	QUINOLONE	QUINOLONE	POINTX	878	878	100.00	99.89	878	WP_003027598.1	DNA gyrase subunit A GyrA	NA	NA
GCF_032346775.2	NA	NZ_CP135469.1	4311462	4312247	-	aadA5	ANT(3'')-Ia family aminoglycoside nucleotidyltransferase AadA5	core	AMR	AMR	AMINOGLYCOSIDE	STREPTOMYCIN	EXACTX	262	262	100.00	100.00	262	WP_000503573.1	ANT(3'')-Ia family aminoglycoside nucleotidyltransferase AadA5	NA	NA
GCF_032346775.2	NA	NZ_CP135469.1	4312381	4312851	-	dfrA17	trimethoprim-resistant dihydrofolate reductase DfrA17	core	AMR	AMR	TRIMETHOPRIM	TRIMETHOPRIM	EXACTX	157	157	100.00	100.00	157	WP_001389366.1	trimethoprim-resistant dihydrofolate reductase DfrA17	NA	NA
GCF_032346775.2	NA	NZ_CP135469.1	4318922	4319779	+	blaTEM-1	broad-spectrum class A beta-lactamase TEM-1	core	AMR	AMR	BETA-LACTAM	BETA-LACTAM	ALLELEX	286	286	100.00	100.00	286	WP_000027057.1	broad-spectrum class A beta-lactamase TEM-1	NA	NA
GCF_032346775.2	NA	NZ_CP135469.1	4421282	4422424	+	blaCMY	CMY-2 family class C beta-lactamase	core	AMR	AMR	BETA-LACTAM	CEPHALOSPORIN	BLASTX	381	381	100.00	99.74	381	WP_063859722.1	class C beta-lactamase CMY-117	NA	NA
GCF_032346775.2	NA	NZ_CP135470.1	32094	32564	+	dfrA14	trimethoprim-resistant dihydrofolate reductase DfrA14	core	AMR	AMR	TRIMETHOPRIM	TRIMETHOPRIM	EXACTX	157	157	100.00	100.00	157	WP_004201280.1	trimethoprim-resistant dihydrofolate reductase DfrA14	NA	NA
GCF_032346775.2	NA	NZ_CP135470.1	32678	33127	+	arr-2	NAD(+)--rifampin ADP-ribosyltransferase Arr-2	core	AMR	AMR	RIFAMYCIN	RIFAMYCIN	ALLELEX	150	150	100.00	100.00	150	WP_000237816.1	NAD(+)--rifampin ADP-ribosyltransferase Arr-2	NA	NA
GCF_032346775.2	NA	NZ_CP135470.1	33451	34707	+	cmlA5	chloramphenicol efflux MFS transporter CmlA5	core	AMR	AMR	PHENICOL	CHLORAMPHENICOL	EXACTX	419	419	100.00	100.00	419	WP_012300772.1	chloramphenicol efflux MFS transporter CmlA5	NA	NA
GCF_032346775.2	NA	NZ_CP135470.1	34975	35772	+	blaOXA-10	oxacillin-hydrolyzing class D beta-lactamase OXA-10	core	AMR	AMR	BETA-LACTAM	CEPHALOSPORIN	ALLELEX	266	266	100.00	100.00	266	WP_000846390.1	oxacillin-hydrolyzing class D beta-lactamase OXA-10	NA	NA
GCF_032346775.2	NA	NZ_CP135470.1	35792	36580	+	aadA1	ANT(3'')-Ia family aminoglycoside nucleotidyltransferase AadA1	core	AMR	AMR	AMINOGLYCOSIDE	STREPTOMYCIN	EXACTX	263	263	100.00	100.00	263	WP_001209508.1	ANT(3'')-Ia family aminoglycoside nucleotidyltransferase AadA1	NA	NA
GCF_032346775.2	NA	NZ_CP135470.1	36747	37091	+	qacEdelta1	quaternary ammonium compound efflux SMR transporter QacE delta 1	core	STRESS	BIOCIDE	QUATERNARY AMMONIUM	QUATERNARY AMMONIUM	ALLELEX	115	115	100.00	100.00	115	WP_000679427.1	quaternary ammonium compound efflux SMR transporter QacE delta 1	NA	NA
GCF_032346775.2	NA	NZ_CP135470.1	37088	37924	+	sul1	sulfonamide-resistant dihydropteroate synthase Sul1	core	AMR	AMR	SULFONAMIDE	SULFONAMIDE	EXACTX	279	279	100.00	100.00	279	WP_000259031.1	sulfonamide-resistant dihydropteroate synthase Sul1	NA	NA
GCF_032346775.2	NA	NZ_CP135470.1	46021	46383	-	ble	bleomycin binding protein Ble-MBL	core	AMR	AMR	BLEOMYCIN	BLEOMYCIN	EXACTX	121	121	100.00	100.00	121	WP_004201167.1	bleomycin binding protein Ble-MBL	NA	NA
GCF_032346775.2	NA	NZ_CP135470.1	46390	47199	-	blaNDM-1	subclass B1 metallo-beta-lactamase NDM-1	core	AMR	AMR	BETA-LACTAM	CARBAPENEM	ALLELEX	270	270	100.00	100.00	270	WP_004201164.1	subclass B1 metallo-beta-lactamase NDM-1	NA	NA
GCF_032346775.2	NA	NZ_CP135470.1	52116	52769	+	qnrS1	quinolone resistance pentapeptide repeat protein QnrS1	core	AMR	AMR	QUINOLONE	QUINOLONE	ALLELEX	218	218	100.00	100.00	218	WP_001516695.1	quinolone resistance pentapeptide repeat protein QnrS1	NA	NA
GCF_032346775.2	NA	NZ_CP135470.1	137898	139109	-	floR	chloramphenicol/florfenicol efflux MFS transporter FloR	core	AMR	AMR	PHENICOL	CHLORAMPHENICOL/FLORFENICOL	EXACTX	404	404	100.00	100.00	404	WP_000214119.1	chloramphenicol/florfenicol efflux MFS transporter FloR	NA	NA
GCF_032346775.2	NA	NZ_CP135470.1	142080	142631	+	aac(6')-Ib3	aminoglycoside N-acetyltransferase AAC(6')-Ib3	core	AMR	AMR	AMINOGLYCOSIDE	AMIKACIN/KANAMYCIN/TOBRAMYCIN	ALLELEX	184	184	100.00	100.00	184	WP_032488579.1	aminoglycoside N-acetyltransferase AAC(6')-Ib3	NA	NA
GCF_032346775.2	NA	NZ_CP135472.1	18060	18611	+	aac(6')-Ib-cr5	fluoroquinolone-acetylating aminoglycoside 6'-N-acetyltransferase AAC(6')-Ib-cr5	core	AMR	AMR	AMINOGLYCOSIDE/QUINOLONE	AMIKACIN/KANAMYCIN/QUINOLONE/TOBRAMYCIN	ALLELEX	184	184	100.00	100.00	184	WP_063840321.1	fluoroquinolone-acetylating aminoglycoside 6'-N-acetyltransferase AAC(6')-Ib-cr5	NA	NA
GCF_032346775.2	NA	NZ_CP135472.1	18745	19572	+	blaOXA-1	oxacillin-hydrolyzing class D beta-lactamase OXA-1	core	AMR	AMR	BETA-LACTAM	CEPHALOSPORIN	ALLELEX	276	276	100.00	100.00	276	WP_001334766.1	oxacillin-hydrolyzing class D beta-lactamase OXA-1	NA	NA
GCF_032346775.2	NA	NZ_CP135472.1	19713	20342	+	catB3	type B-3 chloramphenicol O-acetyltransferase CatB3	core	AMR	AMR	PHENICOL	CHLORAMPHENICOL	EXACTX	210	210	100.00	100.00	210	WP_000186237.1	type B-3 chloramphenicol O-acetyltransferase CatB3	NA	NA
GCF_032346775.2	NA	NZ_CP135472.1	20430	20879	+	arr-3	NAD(+)--rifampin ADP-ribosyltransferase Arr-3	core	AMR	AMR	RIFAMYCIN	RIFAMYCIN	EXACTX	150	150	100.00	100.00	150	WP_001749986.1	NAD(+)--rifampin ADP-ribosyltransferase Arr-3	NA	NA
GCF_032346775.2	NA	NZ_CP135472.1	21105	21449	+	qacEdelta1	quaternary ammonium compound efflux SMR transporter QacE delta 1	core	STRESS	BIOCIDE	QUATERNARY AMMONIUM	QUATERNARY AMMONIUM	ALLELEX	115	115	100.00	100.00	115	WP_000679427.1	quaternary ammonium compound efflux SMR transporter QacE delta 1	NA	NA
GCF_032346775.2	NA	NZ_CP135472.1	21446	22282	+	sul1	sulfonamide-resistant dihydropteroate synthase Sul1	core	AMR	AMR	SULFONAMIDE	SULFONAMIDE	EXACTX	279	279	100.00	100.00	279	WP_000259031.1	sulfonamide-resistant dihydropteroate synthase Sul1	NA	NA
GCF_032346775.2	NA	NZ_CP135472.1	31012	31653	-	qnrB4	quinolone resistance pentapeptide repeat protein QnrB4	core	AMR	AMR	QUINOLONE	QUINOLONE	ALLELEX	214	214	100.00	100.00	214	WP_017900990.1	quinolone resistance pentapeptide repeat protein QnrB4	NA	NA
GCF_032346775.2	NA	NZ_CP135472.1	35780	36916	-	blaDHA-1	extended-spectrum class C beta-lactamase DHA-1	core	AMR	AMR	BETA-LACTAM	CEPHALOSPORIN	ALLELEX	379	379	100.00	100.00	379	WP_004236386.1	extended-spectrum class C beta-lactamase DHA-1	NA	NA
GCF_032346775.2	NA	NZ_CP135472.1	38212	38496	+	qacE	quaternary ammonium compound efflux SMR transporter QacE	core	STRESS	BIOCIDE	QUATERNARY AMMONIUM	QUATERNARY AMMONIUM	PARTIALX	95	115	82.61	95.79	95	WP_000679427.1	quaternary ammonium compound efflux SMR transporter QacE delta 1	NA	NA
GCF_032346775.2	NA	NZ_CP135472.1	38493	39329	+	sul1	sulfonamide-resistant dihydropteroate synthase Sul1	core	AMR	AMR	SULFONAMIDE	SULFONAMIDE	EXACTX	279	279	100.00	100.00	279	WP_000259031.1	sulfonamide-resistant dihydropteroate synthase Sul1	NA	NA
GCF_032346775.2	NA	NZ_CP135472.1	45067	46302	-	mrx(A)	phosphorylated macrolide efflux MFS transporter Mrx(A)	core	AMR	AMR	MACROLIDE	AZITHROMYCIN/ERYTHROMYCIN/SPIRAMYCIN/TELITHROMYCIN	EXACTX	412	412	100.00	100.00	412	WP_000004159.1	phosphorylated macrolide efflux MFS transporter Mrx(A)	NA	NA
GCF_032346775.2	NA	NZ_CP135472.1	46302	47204	-	mph(A)	Mph(A) family macrolide 2'-phosphotransferase	core	AMR	AMR	MACROLIDE	AZITHROMYCIN/ERYTHROMYCIN/SPIRAMYCIN/TELITHROMYCIN	EXACTX	301	301	100.00	100.00	301	WP_000219391.1	Mph(A) family macrolide 2'-phosphotransferase	NA	NA
GCF_032347795.1	NA	NZ_CP135450.1	4511847	4512989	+	blaCMY	CMY-2 family class C beta-lactamase	core	AMR	AMR	BETA-LACTAM	CEPHALOSPORIN	BLASTX	381	381	100.00	99.74	381	WP_008321445.1	class C beta-lactamase CMY-65	NA	NA
GCF_032347795.1	NA	NZ_CP135452.1	4758	5309	+	aac(6')-Ib-cr5	fluoroquinolone-acetylating aminoglycoside 6'-N-acetyltransferase AAC(6')-Ib-cr5	core	AMR	AMR	AMINOGLYCOSIDE/QUINOLONE	AMIKACIN/KANAMYCIN/QUINOLONE/TOBRAMYCIN	ALLELEX	184	184	100.00	100.00	184	WP_063840321.1	fluoroquinolone-acetylating aminoglycoside 6'-N-acetyltransferase AAC(6')-Ib-cr5	NA	NA
GCF_032347795.1	NA	NZ_CP135452.1	5409	5858	+	arr-3	NAD(+)--rifampin ADP-ribosyltransferase Arr-3	core	AMR	AMR	RIFAMYCIN	RIFAMYCIN	EXACTX	150	150	100.00	100.00	150	WP_001749986.1	NAD(+)--rifampin ADP-ribosyltransferase Arr-3	NA	NA
GCF_032347795.1	NA	NZ_CP135452.1	5994	6464	+	dfrA27	trimethoprim-resistant dihydrofolate reductase DfrA27	core	AMR	AMR	TRIMETHOPRIM	TRIMETHOPRIM	EXACTX	157	157	100.00	100.00	157	WP_001749985.1	trimethoprim-resistant dihydrofolate reductase DfrA27	NA	NA
GCF_032347795.1	NA	NZ_CP135452.1	6648	7490	+	aadA16	ANT(3'')-Ia family aminoglycoside nucleotidyltransferase AadA16	core	AMR	AMR	AMINOGLYCOSIDE	STREPTOMYCIN	EXACTX	281	281	100.00	100.00	281	WP_001749984.1	ANT(3'')-Ia family aminoglycoside nucleotidyltransferase AadA16	NA	NA
GCF_032347795.1	NA	NZ_CP135452.1	7610	7954	+	qacEdelta1	quaternary ammonium compound efflux SMR transporter QacE delta 1	core	STRESS	BIOCIDE	QUATERNARY AMMONIUM	QUATERNARY AMMONIUM	ALLELEX	115	115	100.00	100.00	115	WP_000679427.1	quaternary ammonium compound efflux SMR transporter QacE delta 1	NA	NA
GCF_032347795.1	NA	NZ_CP135452.1	7951	8787	+	sul1	sulfonamide-resistant dihydropteroate synthase Sul1	core	AMR	AMR	SULFONAMIDE	SULFONAMIDE	EXACTX	279	279	100.00	100.00	279	WP_000259031.1	sulfonamide-resistant dihydropteroate synthase Sul1	NA	NA
GCF_032347795.1	NA	NZ_CP135452.1	12204	12845	-	qnrB6	quinolone resistance pentapeptide repeat protein QnrB6	core	AMR	AMR	QUINOLONE	QUINOLONE	ALLELEX	214	214	100.00	100.00	214	WP_001749994.1	quinolone resistance pentapeptide repeat protein QnrB6	NA	NA
GCF_032347795.1	NA	NZ_CP135452.1	13076	13420	+	qacEdelta1	quaternary ammonium compound efflux SMR transporter QacE delta 1	core	STRESS	BIOCIDE	QUATERNARY AMMONIUM	QUATERNARY AMMONIUM	ALLELEX	115	115	100.00	100.00	115	WP_000679427.1	quaternary ammonium compound efflux SMR transporter QacE delta 1	NA	NA
GCF_032347795.1	NA	NZ_CP135452.1	13417	14253	+	sul1	sulfonamide-resistant dihydropteroate synthase Sul1	core	AMR	AMR	SULFONAMIDE	SULFONAMIDE	EXACTX	279	279	100.00	100.00	279	WP_000259031.1	sulfonamide-resistant dihydropteroate synthase Sul1	NA	NA
GCF_032347795.1	NA	NZ_CP135452.1	37830	38708	-	blaKPC-3	carbapenem-hydrolyzing class A beta-lactamase KPC-3	core	AMR	AMR	BETA-LACTAM	CARBAPENEM	ALLELEX	293	293	100.00	100.00	293	WP_004152396.1	carbapenem-hydrolyzing class A beta-lactamase KPC-3	NA	NA
GCF_032347795.1	NA	NZ_CP135452.1	60651	61529	+	blaKPC-3	carbapenem-hydrolyzing class A beta-lactamase KPC-3	core	AMR	AMR	BETA-LACTAM	CARBAPENEM	ALLELEX	293	293	100.00	100.00	293	WP_004152396.1	carbapenem-hydrolyzing class A beta-lactamase KPC-3	NA	NA
GCF_032375065.1	NA	NZ_CP135622.1	1662297	1664930	+	gyrA_T83I	Citrobacter freundii quinolone resistant GyrA	core	AMR	POINT	QUINOLONE	QUINOLONE	POINTX	878	878	100.00	99.89	878	WP_003027598.1	DNA gyrase subunit A GyrA	NA	NA
GCF_032375065.1	NA	NZ_CP135622.1	3156561	3157433	-	blaCTX-M-3	extended-spectrum class A beta-lactamase CTX-M-3	core	AMR	AMR	BETA-LACTAM	CEPHALOSPORIN	ALLELEX	291	291	100.00	100.00	291	WP_011091028.1	extended-spectrum class A beta-lactamase CTX-M-3	NA	NA
GCF_032375065.1	NA	NZ_CP135622.1	4444476	4445618	+	blaCMY-181	class C beta-lactamase CMY-181	core	AMR	AMR	BETA-LACTAM	CEPHALOSPORIN	ALLELEX	381	381	100.00	100.00	381	WP_134216345.1	class C beta-lactamase CMY-181	NA	NA
GCF_032375065.1	NA	NZ_CP135623.1	44672	45853	+	tet(D)	tetracycline efflux MFS transporter Tet(D)	core	AMR	AMR	TETRACYCLINE	TETRACYCLINE	EXACTX	394	394	100.00	100.00	394	WP_001039466.1	tetracycline efflux MFS transporter Tet(D)	NA	NA
GCF_032375065.1	NA	NZ_CP135623.1	50464	51117	-	qnrS1	quinolone resistance pentapeptide repeat protein QnrS1	core	AMR	AMR	QUINOLONE	QUINOLONE	ALLELEX	218	218	100.00	100.00	218	WP_001516695.1	quinolone resistance pentapeptide repeat protein QnrS1	NA	NA
GCF_032375065.1	NA	NZ_CP135623.1	57299	57850	+	aac(6')-Ib-cr5	fluoroquinolone-acetylating aminoglycoside 6'-N-acetyltransferase AAC(6')-Ib-cr5	core	AMR	AMR	AMINOGLYCOSIDE/QUINOLONE	AMIKACIN/KANAMYCIN/QUINOLONE/TOBRAMYCIN	ALLELEX	184	184	100.00	100.00	184	WP_063840321.1	fluoroquinolone-acetylating aminoglycoside 6'-N-acetyltransferase AAC(6')-Ib-cr5	NA	NA
GCF_032375065.1	NA	NZ_CP135623.1	57950	58399	+	arr-3	NAD(+)--rifampin ADP-ribosyltransferase Arr-3	core	AMR	AMR	RIFAMYCIN	RIFAMYCIN	EXACTX	150	150	100.00	100.00	150	WP_001749986.1	NAD(+)--rifampin ADP-ribosyltransferase Arr-3	NA	NA
GCF_032375065.1	NA	NZ_CP135623.1	58535	59005	+	dfrA27	trimethoprim-resistant dihydrofolate reductase DfrA27	core	AMR	AMR	TRIMETHOPRIM	TRIMETHOPRIM	EXACTX	157	157	100.00	100.00	157	WP_001749985.1	trimethoprim-resistant dihydrofolate reductase DfrA27	NA	NA
GCF_032375065.1	NA	NZ_CP135623.1	59189	60031	+	aadA16	ANT(3'')-Ia family aminoglycoside nucleotidyltransferase AadA16	core	AMR	AMR	AMINOGLYCOSIDE	STREPTOMYCIN	EXACTX	281	281	100.00	100.00	281	WP_001749984.1	ANT(3'')-Ia family aminoglycoside nucleotidyltransferase AadA16	NA	NA
GCF_032375065.1	NA	NZ_CP135623.1	60151	60495	+	qacEdelta1	quaternary ammonium compound efflux SMR transporter QacE delta 1	core	STRESS	BIOCIDE	QUATERNARY AMMONIUM	QUATERNARY AMMONIUM	ALLELEX	115	115	100.00	100.00	115	WP_000679427.1	quaternary ammonium compound efflux SMR transporter QacE delta 1	NA	NA
GCF_032375065.1	NA	NZ_CP135623.1	60492	61328	+	sul1	sulfonamide-resistant dihydropteroate synthase Sul1	core	AMR	AMR	SULFONAMIDE	SULFONAMIDE	EXACTX	279	279	100.00	100.00	279	WP_000259031.1	sulfonamide-resistant dihydropteroate synthase Sul1	NA	NA
GCF_032375065.1	NA	NZ_CP135623.1	64521	64883	-	ble	bleomycin binding protein Ble-MBL	core	AMR	AMR	BLEOMYCIN	BLEOMYCIN	EXACTX	121	121	100.00	100.00	121	WP_004201167.1	bleomycin binding protein Ble-MBL	NA	NA
GCF_032375065.1	NA	NZ_CP135623.1	64890	65699	-	blaNDM-1	subclass B1 metallo-beta-lactamase NDM-1	core	AMR	AMR	BETA-LACTAM	CARBAPENEM	ALLELEX	270	270	100.00	100.00	270	WP_004201164.1	subclass B1 metallo-beta-lactamase NDM-1	NA	NA
GCF_032375065.1	NA	NZ_CP135623.1	65846	66613	+	blaOXA	OXA-10 family class D beta-lactamase	core	AMR	AMR	BETA-LACTAM	BETA-LACTAM	BLASTX	256	266	96.24	99.61	256	WP_000846390.1	oxacillin-hydrolyzing class D beta-lactamase OXA-10	NA	NA
GCF_032375065.1	NA	NZ_CP135623.1	67598	67942	+	qacEdelta1	quaternary ammonium compound efflux SMR transporter QacE delta 1	core	STRESS	BIOCIDE	QUATERNARY AMMONIUM	QUATERNARY AMMONIUM	ALLELEX	115	115	100.00	100.00	115	WP_000679427.1	quaternary ammonium compound efflux SMR transporter QacE delta 1	NA	NA
GCF_032375065.1	NA	NZ_CP135623.1	67939	68775	+	sul1	sulfonamide-resistant dihydropteroate synthase Sul1	core	AMR	AMR	SULFONAMIDE	SULFONAMIDE	EXACTX	279	279	100.00	100.00	279	WP_000259031.1	sulfonamide-resistant dihydropteroate synthase Sul1	NA	NA
GCF_032375065.1	NA	NZ_CP135623.1	71757	72992	-	mrx(A)	phosphorylated macrolide efflux MFS transporter Mrx(A)	core	AMR	AMR	MACROLIDE	AZITHROMYCIN/ERYTHROMYCIN/SPIRAMYCIN/TELITHROMYCIN	EXACTX	412	412	100.00	100.00	412	WP_000004159.1	phosphorylated macrolide efflux MFS transporter Mrx(A)	NA	NA
GCF_032375065.1	NA	NZ_CP135623.1	72992	73894	-	mph(A)	Mph(A) family macrolide 2'-phosphotransferase	core	AMR	AMR	MACROLIDE	AZITHROMYCIN/ERYTHROMYCIN/SPIRAMYCIN/TELITHROMYCIN	EXACTX	301	301	100.00	100.00	301	WP_000219391.1	Mph(A) family macrolide 2'-phosphotransferase	NA	NA
GCF_032375065.1	NA	NZ_CP135623.1	74953	75810	+	aac(3)-IId	aminoglycoside N-acetyltransferase AAC(3)-IId	core	AMR	AMR	AMINOGLYCOSIDE	GENTAMICIN	EXACTX	286	286	100.00	100.00	286	WP_000557454.1	aminoglycoside N-acetyltransferase AAC(3)-IId	NA	NA
GCF_032375065.1	NA	NZ_CP135623.1	80785	81642	+	blaTEM-1	broad-spectrum class A beta-lactamase TEM-1	core	AMR	AMR	BETA-LACTAM	BETA-LACTAM	ALLELEX	286	286	100.00	100.00	286	WP_000027057.1	broad-spectrum class A beta-lactamase TEM-1	NA	NA
GCF_032375065.1	NA	NZ_CP135623.1	90207	91019	-	aph(3')-Ia	aminoglycoside O-phosphotransferase APH(3')-Ia	core	AMR	AMR	AMINOGLYCOSIDE	KANAMYCIN	EXACTX	271	271	100.00	100.00	271	WP_000018329.1	aminoglycoside O-phosphotransferase APH(3')-Ia	NA	NA
GCF_032375065.1	NA	NZ_CP135623.1	91938	92771	-	aph(6)-Id	aminoglycoside O-phosphotransferase APH(6)-Id	core	AMR	AMR	AMINOGLYCOSIDE	STREPTOMYCIN	EXACTX	278	278	100.00	100.00	278	WP_000480968.1	aminoglycoside O-phosphotransferase APH(6)-Id	NA	NA
GCF_032375065.1	NA	NZ_CP135623.1	92774	93574	-	aph(3'')-Ib	aminoglycoside O-phosphotransferase APH(3'')-Ib	core	AMR	AMR	AMINOGLYCOSIDE	STREPTOMYCIN	EXACTX	267	267	100.00	100.00	267	WP_001082319.1	aminoglycoside O-phosphotransferase APH(3'')-Ib	NA	NA
GCF_032375065.1	NA	NZ_CP135623.1	93638	94450	-	sul2	sulfonamide-resistant dihydropteroate synthase Sul2	core	AMR	AMR	SULFONAMIDE	SULFONAMIDE	EXACTX	271	271	100.00	100.00	271	WP_001043265.1	sulfonamide-resistant dihydropteroate synthase Sul2	NA	NA
GCF_032375065.1	NA	NZ_CP135624.1	3663	4541	-	blaKPC-2	carbapenem-hydrolyzing class A beta-lactamase KPC-2	core	AMR	AMR	BETA-LACTAM	CARBAPENEM	ALLELEX	293	293	100.00	100.00	293	WP_004199234.1	carbapenem-hydrolyzing class A beta-lactamase KPC-2	NA	NA
GCF_032375065.1	NA	NZ_CP135624.1	4639	5208	-	blaTEM	TEM family class A beta-lactamase	core	AMR	AMR	BETA-LACTAM	BETA-LACTAM	PARTIALX	190	286	66.43	98.95	190	WP_015379489.1	inhibitor-resistant broad-spectrum class A beta-lactamase TEM-34	NA	NA
GCF_032375065.1	NA	NZ_CP135624.1	81071	81883	+	sul2	sulfonamide-resistant dihydropteroate synthase Sul2	core	AMR	AMR	SULFONAMIDE	SULFONAMIDE	EXACTX	271	271	100.00	100.00	271	WP_001043260.1	sulfonamide-resistant dihydropteroate synthase Sul2	NA	NA
GCF_032375065.1	NA	NZ_CP135624.1	84392	85603	-	floR	chloramphenicol/florfenicol efflux MFS transporter FloR	core	AMR	AMR	PHENICOL	CHLORAMPHENICOL/FLORFENICOL	EXACTX	404	404	100.00	100.00	404	WP_000214119.1	chloramphenicol/florfenicol efflux MFS transporter FloR	NA	NA
GCF_032375065.1	NA	NZ_CP135624.1	88446	89282	-	sul1	sulfonamide-resistant dihydropteroate synthase Sul1	core	AMR	AMR	SULFONAMIDE	SULFONAMIDE	EXACTX	279	279	100.00	100.00	279	WP_000259031.1	sulfonamide-resistant dihydropteroate synthase Sul1	NA	NA
GCF_032375065.1	NA	NZ_CP135624.1	89279	89623	-	qacEdelta1	quaternary ammonium compound efflux SMR transporter QacE delta 1	core	STRESS	BIOCIDE	QUATERNARY AMMONIUM	QUATERNARY AMMONIUM	ALLELEX	115	115	100.00	100.00	115	WP_000679427.1	quaternary ammonium compound efflux SMR transporter QacE delta 1	NA	NA
GCF_032375065.1	NA	NZ_CP135624.1	89794	90579	-	aadA5	ANT(3'')-Ia family aminoglycoside nucleotidyltransferase AadA5	core	AMR	AMR	AMINOGLYCOSIDE	STREPTOMYCIN	EXACTX	262	262	100.00	100.00	262	WP_000503573.1	ANT(3'')-Ia family aminoglycoside nucleotidyltransferase AadA5	NA	NA
GCF_032375065.1	NA	NZ_CP135624.1	90713	91183	-	dfrA17	trimethoprim-resistant dihydrofolate reductase DfrA17	core	AMR	AMR	TRIMETHOPRIM	TRIMETHOPRIM	EXACTX	157	157	100.00	100.00	157	WP_001389366.1	trimethoprim-resistant dihydrofolate reductase DfrA17	NA	NA
GCF_032464395.1	NA	NZ_CP136047.1	1548968	1551601	+	gyrA_T83I	Citrobacter freundii quinolone resistant GyrA	core	AMR	POINT	QUINOLONE	QUINOLONE	POINTX	878	878	100.00	99.89	878	WP_003027598.1	DNA gyrase subunit A GyrA	NA	NA
GCF_032464395.1	NA	NZ_CP136047.1	4337925	4338395	+	dfrA17	trimethoprim-resistant dihydrofolate reductase DfrA17	core	AMR	AMR	TRIMETHOPRIM	TRIMETHOPRIM	EXACTX	157	157	100.00	100.00	157	WP_001389366.1	trimethoprim-resistant dihydrofolate reductase DfrA17	NA	NA
GCF_032464395.1	NA	NZ_CP136047.1	4338529	4339314	+	aadA5	ANT(3'')-Ia family aminoglycoside nucleotidyltransferase AadA5	core	AMR	AMR	AMINOGLYCOSIDE	STREPTOMYCIN	EXACTX	262	262	100.00	100.00	262	WP_000503573.1	ANT(3'')-Ia family aminoglycoside nucleotidyltransferase AadA5	NA	NA
GCF_032464395.1	NA	NZ_CP136047.1	4391071	4391928	-	blaTEM-1	broad-spectrum class A beta-lactamase TEM-1	core	AMR	AMR	BETA-LACTAM	BETA-LACTAM	ALLELEX	286	286	100.00	100.00	286	WP_000027057.1	broad-spectrum class A beta-lactamase TEM-1	NA	NA
GCF_032464395.1	NA	NZ_CP136047.1	4486653	4487795	+	blaCMY	CMY-2 family class C beta-lactamase	core	AMR	AMR	BETA-LACTAM	CEPHALOSPORIN	BLASTX	381	381	100.00	99.74	381	WP_063859722.1	class C beta-lactamase CMY-117	NA	NA
GCF_032464395.1	NA	NZ_CP136048.1	91655	92467	+	sul2	sulfonamide-resistant dihydropteroate synthase Sul2	core	AMR	AMR	SULFONAMIDE	SULFONAMIDE	EXACTX	271	271	100.00	100.00	271	WP_001043265.1	sulfonamide-resistant dihydropteroate synthase Sul2	NA	NA
GCF_032464395.1	NA	NZ_CP136048.1	92531	93331	+	aph(3'')-Ib	aminoglycoside O-phosphotransferase APH(3'')-Ib	core	AMR	AMR	AMINOGLYCOSIDE	STREPTOMYCIN	EXACTX	267	267	100.00	100.00	267	WP_001082319.1	aminoglycoside O-phosphotransferase APH(3'')-Ib	NA	NA
GCF_032464395.1	NA	NZ_CP136048.1	93334	94167	+	aph(6)-Id	aminoglycoside O-phosphotransferase APH(6)-Id	core	AMR	AMR	AMINOGLYCOSIDE	STREPTOMYCIN	EXACTX	278	278	100.00	100.00	278	WP_000480968.1	aminoglycoside O-phosphotransferase APH(6)-Id	NA	NA
GCF_032464395.1	NA	NZ_CP136048.1	107962	108618	-	catA1	type A-1 chloramphenicol O-acetyltransferase	core	AMR	AMR	PHENICOL	CHLORAMPHENICOL	EXACTX	219	219	100.00	100.00	219	WP_000412211.1	type A-1 chloramphenicol O-acetyltransferase	NA	NA
GCF_032464395.1	NA	NZ_CP136049.1	58036	59178	+	blaCMY-6	extended-spectrum class C beta-lactamase CMY-6	core	AMR	AMR	BETA-LACTAM	CEPHALOSPORIN	ALLELEX	381	381	100.00	100.00	381	WP_015058212.1	extended-spectrum class C beta-lactamase CMY-6	NA	NA
GCF_032464395.1	NA	NZ_CP136049.1	103624	104175	+	aac(6')-Ib-cr5	fluoroquinolone-acetylating aminoglycoside 6'-N-acetyltransferase AAC(6')-Ib-cr5	core	AMR	AMR	AMINOGLYCOSIDE/QUINOLONE	AMIKACIN/KANAMYCIN/QUINOLONE/TOBRAMYCIN	ALLELEX	184	184	100.00	100.00	184	WP_063840321.1	fluoroquinolone-acetylating aminoglycoside 6'-N-acetyltransferase AAC(6')-Ib-cr5	NA	NA
GCF_032464395.1	NA	NZ_CP136049.1	104309	105136	+	blaOXA-1	oxacillin-hydrolyzing class D beta-lactamase OXA-1	core	AMR	AMR	BETA-LACTAM	CEPHALOSPORIN	ALLELEX	276	276	100.00	100.00	276	WP_001334766.1	oxacillin-hydrolyzing class D beta-lactamase OXA-1	NA	NA
GCF_032464395.1	NA	NZ_CP136049.1	114670	115464	+	blaDHA	DHA family class C beta-lactamase	core	AMR	AMR	BETA-LACTAM	CEPHALOSPORIN	PARTIALX	265	379	69.92	100.00	265	WP_004236386.1	extended-spectrum class C beta-lactamase DHA-1	NA	NA
GCF_032464395.1	NA	NZ_CP136049.1	116053	116415	-	ble	bleomycin binding protein Ble-MBL	core	AMR	AMR	BLEOMYCIN	BLEOMYCIN	EXACTX	121	121	100.00	100.00	121	WP_004201167.1	bleomycin binding protein Ble-MBL	NA	NA
GCF_032464395.1	NA	NZ_CP136049.1	116422	117231	-	blaNDM-1	subclass B1 metallo-beta-lactamase NDM-1	core	AMR	AMR	BETA-LACTAM	CARBAPENEM	ALLELEX	270	270	100.00	100.00	270	WP_004201164.1	subclass B1 metallo-beta-lactamase NDM-1	NA	NA
GCF_032464395.1	NA	NZ_CP136049.1	118386	119228	+	rmtC	RmtC family 16S rRNA (guanine(1405)-N(7))-methyltransferase	core	AMR	AMR	AMINOGLYCOSIDE	AMINOGLYCOSIDE	EXACTX	281	281	100.00	100.00	281	WP_000855769.1	RmtC family 16S rRNA (guanine(1405)-N(7))-methyltransferase	NA	NA
GCF_032464395.1	NA	NZ_CP136049.1	125489	126325	-	sul1	sulfonamide-resistant dihydropteroate synthase Sul1	core	AMR	AMR	SULFONAMIDE	SULFONAMIDE	EXACTX	279	279	100.00	100.00	279	WP_000259031.1	sulfonamide-resistant dihydropteroate synthase Sul1	NA	NA
GCF_032464395.1	NA	NZ_CP136049.1	126322	126666	-	qacEdelta1	quaternary ammonium compound efflux SMR transporter QacE delta 1	core	STRESS	BIOCIDE	QUATERNARY AMMONIUM	QUATERNARY AMMONIUM	ALLELEX	115	115	100.00	100.00	115	WP_000679427.1	quaternary ammonium compound efflux SMR transporter QacE delta 1	NA	NA
GCF_032464395.1	NA	NZ_CP136049.1	126892	127341	-	arr-3	NAD(+)--rifampin ADP-ribosyltransferase Arr-3	core	AMR	AMR	RIFAMYCIN	RIFAMYCIN	EXACTX	150	150	100.00	100.00	150	WP_001749986.1	NAD(+)--rifampin ADP-ribosyltransferase Arr-3	NA	NA
GCF_032464395.1	NA	NZ_CP136049.1	127429	128058	-	catB3	type B-3 chloramphenicol O-acetyltransferase CatB3	core	AMR	AMR	PHENICOL	CHLORAMPHENICOL	EXACTX	210	210	100.00	100.00	210	WP_000186237.1	type B-3 chloramphenicol O-acetyltransferase CatB3	NA	NA
GCF_032464395.1	NA	NZ_CP136049.1	128199	129026	-	blaOXA-1	oxacillin-hydrolyzing class D beta-lactamase OXA-1	core	AMR	AMR	BETA-LACTAM	CEPHALOSPORIN	ALLELEX	276	276	100.00	100.00	276	WP_001334766.1	oxacillin-hydrolyzing class D beta-lactamase OXA-1	NA	NA
GCF_032464395.1	NA	NZ_CP136049.1	129160	129711	-	aac(6')-Ib-cr5	fluoroquinolone-acetylating aminoglycoside 6'-N-acetyltransferase AAC(6')-Ib-cr5	core	AMR	AMR	AMINOGLYCOSIDE/QUINOLONE	AMIKACIN/KANAMYCIN/QUINOLONE/TOBRAMYCIN	ALLELEX	184	184	100.00	100.00	184	WP_063840321.1	fluoroquinolone-acetylating aminoglycoside 6'-N-acetyltransferase AAC(6')-Ib-cr5	NA	NA
GCF_032464395.1	NA	NZ_CP136049.1	134247	135047	+	aph(3'')-Ib	aminoglycoside O-phosphotransferase APH(3'')-Ib	core	AMR	AMR	AMINOGLYCOSIDE	STREPTOMYCIN	EXACTX	267	267	100.00	100.00	267	WP_001082319.1	aminoglycoside O-phosphotransferase APH(3'')-Ib	NA	NA
GCF_032464395.1	NA	NZ_CP136049.1	135050	135883	+	aph(6)-Id	aminoglycoside O-phosphotransferase APH(6)-Id	core	AMR	AMR	AMINOGLYCOSIDE	STREPTOMYCIN	EXACTX	278	278	100.00	100.00	278	WP_000480968.1	aminoglycoside O-phosphotransferase APH(6)-Id	NA	NA
GCF_032818495.1	NA	NZ_CP117475.1	1690717	1693350	+	gyrA_T83I	Citrobacter freundii quinolone resistant GyrA	core	AMR	POINT	QUINOLONE	QUINOLONE	POINTX	878	878	100.00	99.89	878	WP_003027598.1	DNA gyrase subunit A GyrA	NA	NA
GCF_032818495.1	NA	NZ_CP117475.1	4570389	4571531	+	blaCMY-48	class C beta-lactamase CMY-48	core	AMR	AMR	BETA-LACTAM	CEPHALOSPORIN	ALLELEX	381	381	100.00	100.00	381	WP_044699195.1	class C beta-lactamase CMY-48	NA	NA
GCF_032818495.1	NA	NZ_CP117475.1	5137965	5138750	-	aadA1	ANT(3'')-Ia family aminoglycoside nucleotidyltransferase AadA1	core	AMR	AMR	AMINOGLYCOSIDE	STREPTOMYCIN	EXACTX	262	262	100.00	100.00	262	WP_001206315.1	ANT(3'')-Ia family aminoglycoside nucleotidyltransferase AadA1	NA	NA
GCF_032818495.1	NA	NZ_CP117475.1	5138811	5139332	-	sat2	streptothricin N-acetyltransferase Sat2	core	AMR	AMR	STREPTOTHRICIN	STREPTOTHRICIN	EXACTX	174	174	100.00	100.00	174	WP_000704156.1	streptothricin N-acetyltransferase Sat2	NA	NA
GCF_032818495.1	NA	NZ_CP117475.1	5139430	5139900	-	dfrA1	trimethoprim-resistant dihydrofolate reductase DfrA1	core	AMR	AMR	TRIMETHOPRIM	TRIMETHOPRIM	EXACTX	157	157	100.00	100.00	157	WP_000777554.1	trimethoprim-resistant dihydrofolate reductase DfrA1	NA	NA
GCF_032818495.1	NA	NZ_CP117476.1	42386	43198	+	sul2	sulfonamide-resistant dihydropteroate synthase Sul2	core	AMR	AMR	SULFONAMIDE	SULFONAMIDE	EXACTX	271	271	100.00	100.00	271	WP_001043260.1	sulfonamide-resistant dihydropteroate synthase Sul2	NA	NA
GCF_032818495.1	NA	NZ_CP117476.1	48494	49132	+	catA2	type A-2 chloramphenicol O-acetyltransferase CatII	core	AMR	AMR	PHENICOL	CHLORAMPHENICOL	EXACTX	213	213	100.00	100.00	213	WP_001011939.1	type A-2 chloramphenicol O-acetyltransferase CatII	NA	NA
GCF_032818495.1	NA	NZ_CP117476.1	50747	51928	+	tet(D)	tetracycline efflux MFS transporter Tet(D)	core	AMR	AMR	TETRACYCLINE	TETRACYCLINE	EXACTX	394	394	100.00	100.00	394	WP_001039466.1	tetracycline efflux MFS transporter Tet(D)	NA	NA
GCF_032818495.1	NA	NZ_CP117476.1	55955	56812	-	blaSHV-12	extended-spectrum class A beta-lactamase SHV-12	core	AMR	AMR	BETA-LACTAM	CEFIDEROCOL/CEPHALOSPORIN	ALLELEX	286	286	100.00	100.00	286	WP_002904004.1	extended-spectrum class A beta-lactamase SHV-12	NA	NA
GCF_032818495.1	NA	NZ_CP117476.1	64089	64451	-	ble	bleomycin binding protein Ble-MBL	core	AMR	AMR	BLEOMYCIN	BLEOMYCIN	EXACTX	121	121	100.00	100.00	121	WP_004201167.1	bleomycin binding protein Ble-MBL	NA	NA
GCF_032818495.1	NA	NZ_CP117476.1	64458	65267	-	blaNDM-1	subclass B1 metallo-beta-lactamase NDM-1	core	AMR	AMR	BETA-LACTAM	CARBAPENEM	ALLELEX	270	270	100.00	100.00	270	WP_004201164.1	subclass B1 metallo-beta-lactamase NDM-1	NA	NA
GCF_032818495.1	NA	NZ_CP117476.1	81554	82411	-	aac(3)-IId	aminoglycoside N-acetyltransferase AAC(3)-IId	core	AMR	AMR	AMINOGLYCOSIDE	GENTAMICIN	EXACTX	286	286	100.00	100.00	286	WP_000557454.1	aminoglycoside N-acetyltransferase AAC(3)-IId	NA	NA
GCF_032818495.1	NA	NZ_CP117476.1	83470	84372	+	mph(A)	Mph(A) family macrolide 2'-phosphotransferase	core	AMR	AMR	MACROLIDE	AZITHROMYCIN/ERYTHROMYCIN/SPIRAMYCIN/TELITHROMYCIN	EXACTX	301	301	100.00	100.00	301	WP_000219391.1	Mph(A) family macrolide 2'-phosphotransferase	NA	NA
GCF_032818495.1	NA	NZ_CP117476.1	84372	85607	+	mrx(A)	phosphorylated macrolide efflux MFS transporter Mrx(A)	core	AMR	AMR	MACROLIDE	AZITHROMYCIN/ERYTHROMYCIN/SPIRAMYCIN/TELITHROMYCIN	EXACTX	412	412	100.00	100.00	412	WP_000004159.1	phosphorylated macrolide efflux MFS transporter Mrx(A)	NA	NA
GCF_032818495.1	NA	NZ_CP117476.1	91016	91852	-	sul1	sulfonamide-resistant dihydropteroate synthase Sul1	core	AMR	AMR	SULFONAMIDE	SULFONAMIDE	EXACTX	279	279	100.00	100.00	279	WP_000259031.1	sulfonamide-resistant dihydropteroate synthase Sul1	NA	NA
GCF_032818495.1	NA	NZ_CP117476.1	91849	92133	-	qacE	quaternary ammonium compound efflux SMR transporter QacE	core	STRESS	BIOCIDE	QUATERNARY AMMONIUM	QUATERNARY AMMONIUM	PARTIALX	95	115	82.61	95.79	95	WP_000679427.1	quaternary ammonium compound efflux SMR transporter QacE delta 1	NA	NA
GCF_032818495.1	NA	NZ_CP117476.1	93429	94565	+	blaDHA-1	extended-spectrum class C beta-lactamase DHA-1	core	AMR	AMR	BETA-LACTAM	CEPHALOSPORIN	ALLELEX	379	379	100.00	100.00	379	WP_004236386.1	extended-spectrum class C beta-lactamase DHA-1	NA	NA
GCF_032818495.1	NA	NZ_CP117476.1	98692	99333	+	qnrB4	quinolone resistance pentapeptide repeat protein QnrB4	core	AMR	AMR	QUINOLONE	QUINOLONE	ALLELEX	214	214	100.00	100.00	214	WP_017900990.1	quinolone resistance pentapeptide repeat protein QnrB4	NA	NA
GCF_032818495.1	NA	NZ_CP117476.1	108057	108893	-	sul1	sulfonamide-resistant dihydropteroate synthase Sul1	core	AMR	AMR	SULFONAMIDE	SULFONAMIDE	EXACTX	279	279	100.00	100.00	279	WP_000259031.1	sulfonamide-resistant dihydropteroate synthase Sul1	NA	NA
GCF_032818495.1	NA	NZ_CP117476.1	108890	109234	-	qacEdelta1	quaternary ammonium compound efflux SMR transporter QacE delta 1	core	STRESS	BIOCIDE	QUATERNARY AMMONIUM	QUATERNARY AMMONIUM	ALLELEX	115	115	100.00	100.00	115	WP_000679427.1	quaternary ammonium compound efflux SMR transporter QacE delta 1	NA	NA
GCF_032818495.1	NA	NZ_CP117476.1	109460	109909	-	arr-3	NAD(+)--rifampin ADP-ribosyltransferase Arr-3	core	AMR	AMR	RIFAMYCIN	RIFAMYCIN	EXACTX	150	150	100.00	100.00	150	WP_001749986.1	NAD(+)--rifampin ADP-ribosyltransferase Arr-3	NA	NA
GCF_032818495.1	NA	NZ_CP117476.1	109997	110626	-	catB3	type B-3 chloramphenicol O-acetyltransferase CatB3	core	AMR	AMR	PHENICOL	CHLORAMPHENICOL	EXACTX	210	210	100.00	100.00	210	WP_000186237.1	type B-3 chloramphenicol O-acetyltransferase CatB3	NA	NA
GCF_032818495.1	NA	NZ_CP117477.1	4061	4798	+	blaIMP-4	subclass B1 metallo-beta-lactamase IMP-4	core	AMR	AMR	BETA-LACTAM	CARBAPENEM	ALLELEX	246	246	100.00	100.00	246	WP_015060105.1	subclass B1 metallo-beta-lactamase IMP-4	NA	NA
GCF_032818495.1	NA	NZ_CP117477.1	34149	34802	+	qnrS1	quinolone resistance pentapeptide repeat protein QnrS1	core	AMR	AMR	QUINOLONE	QUINOLONE	ALLELEX	218	218	100.00	100.00	218	WP_001516695.1	quinolone resistance pentapeptide repeat protein QnrS1	NA	NA
GCF_032818495.1	NA	NZ_CP117477.1	39206	39655	-	arr-3	NAD(+)--rifampin ADP-ribosyltransferase Arr-3	core	AMR	AMR	RIFAMYCIN	RIFAMYCIN	EXACTX	150	150	100.00	100.00	150	WP_001749986.1	NAD(+)--rifampin ADP-ribosyltransferase Arr-3	NA	NA
GCF_032818495.1	NA	NZ_CP117477.1	39755	40306	-	aac(6')-Ib3	aminoglycoside N-acetyltransferase AAC(6')-Ib3	core	AMR	AMR	AMINOGLYCOSIDE	AMIKACIN/KANAMYCIN/TOBRAMYCIN	ALLELEX	184	184	100.00	100.00	184	WP_032488579.1	aminoglycoside N-acetyltransferase AAC(6')-Ib3	NA	NA
GCF_033157475.1	NA	NZ_CP137117.1	1751981	1754614	+	gyrA_T83I	Citrobacter freundii quinolone resistant GyrA	core	AMR	POINT	QUINOLONE	QUINOLONE	POINTX	878	878	100.00	99.89	878	WP_003027598.1	DNA gyrase subunit A GyrA	NA	NA
GCF_033157475.1	NA	NZ_CP137117.1	4533854	4534996	+	blaCMY-48	class C beta-lactamase CMY-48	core	AMR	AMR	BETA-LACTAM	CEPHALOSPORIN	ALLELEX	381	381	100.00	100.00	381	WP_044699195.1	class C beta-lactamase CMY-48	NA	NA
GCF_033157475.1	NA	NZ_CP137118.1	24972	25844	-	blaCTX-M-14	extended-spectrum class A beta-lactamase CTX-M-14	core	AMR	AMR	BETA-LACTAM	CEPHALOSPORIN	ALLELEX	291	291	100.00	100.00	291	WP_001617865.1	extended-spectrum class A beta-lactamase CTX-M-14	NA	NA
GCF_033157475.1	NA	NZ_CP137118.1	56510	57706	-	tet(A)	tetracycline efflux MFS transporter Tet(A)	core	AMR	AMR	TETRACYCLINE	TETRACYCLINE	EXACTX	399	399	100.00	100.00	399	WP_000804064.1	tetracycline efflux MFS transporter Tet(A)	NA	NA
GCF_033157475.1	NA	NZ_CP137118.1	64797	65534	-	blaIMP-1	subclass B1 metallo-beta-lactamase IMP-1	core	AMR	AMR	BETA-LACTAM	CARBAPENEM	ALLELEX	246	246	100.00	100.00	246	WP_003159548.1	subclass B1 metallo-beta-lactamase IMP-1	NA	NA
GCF_033157475.1	NA	NZ_CP137118.1	65676	66131	-	aac(6')-Il	aminoglycoside N-acetyltransferase AAC(6')-Il	core	AMR	AMR	AMINOGLYCOSIDE	AMIKACIN/KANAMYCIN/TOBRAMYCIN	EXACTX	152	152	100.00	100.00	152	WP_013263788.1	aminoglycoside N-acetyltransferase AAC(6')-Il	NA	NA
GCF_033157475.1	NA	NZ_CP137118.1	71560	72417	+	blaTEM-1	broad-spectrum class A beta-lactamase TEM-1	core	AMR	AMR	BETA-LACTAM	BETA-LACTAM	ALLELEX	286	286	100.00	100.00	286	WP_000027057.1	broad-spectrum class A beta-lactamase TEM-1	NA	NA
GCF_033160275.1	NA	NZ_CP137122.1	5633	6370	+	blaIMP-4	subclass B1 metallo-beta-lactamase IMP-4	core	AMR	AMR	BETA-LACTAM	CARBAPENEM	ALLELEX	246	246	100.00	100.00	246	WP_015060105.1	subclass B1 metallo-beta-lactamase IMP-4	NA	NA
GCF_033160275.1	NA	NZ_CP137122.1	29000	29653	+	qnrS1	quinolone resistance pentapeptide repeat protein QnrS1	core	AMR	AMR	QUINOLONE	QUINOLONE	ALLELEX	218	218	100.00	100.00	218	WP_001516695.1	quinolone resistance pentapeptide repeat protein QnrS1	NA	NA
GCF_033160275.1	NA	NZ_CP137123.1	1796691	1799324	+	gyrA_T83I	Citrobacter freundii quinolone resistant GyrA	core	AMR	POINT	QUINOLONE	QUINOLONE	POINTX	878	878	100.00	99.89	878	WP_003027598.1	DNA gyrase subunit A GyrA	NA	NA
GCF_033160275.1	NA	NZ_CP137123.1	4501171	4501590	-	fosA7.9	fosfomycin resistance glutathione transferase FosA7.9	core	AMR	AMR	FOSFOMYCIN	FOSFOMYCIN	ALLELEX	140	140	100.00	100.00	140	WP_071684814.1	fosfomycin resistance glutathione transferase FosA7.9	NA	NA
GCF_033160275.1	NA	NZ_CP137123.1	4705731	4706873	+	blaCMY-78	class C beta-lactamase CMY-78	core	AMR	AMR	BETA-LACTAM	CEPHALOSPORIN	ALLELEX	381	381	100.00	100.00	381	WP_063859868.1	class C beta-lactamase CMY-78	NA	NA
GCF_033160275.1	NA	NZ_CP137124.1	23569	24426	-	blaSHV-12	extended-spectrum class A beta-lactamase SHV-12	core	AMR	AMR	BETA-LACTAM	CEFIDEROCOL/CEPHALOSPORIN	ALLELEX	286	286	100.00	100.00	286	WP_002904004.1	extended-spectrum class A beta-lactamase SHV-12	NA	NA
GCF_033160275.1	NA	NZ_CP137124.1	31703	32065	-	ble	bleomycin binding protein Ble-MBL	core	AMR	AMR	BLEOMYCIN	BLEOMYCIN	EXACTX	121	121	100.00	100.00	121	WP_004201167.1	bleomycin binding protein Ble-MBL	NA	NA
GCF_033160275.1	NA	NZ_CP137124.1	32072	32881	-	blaNDM-1	subclass B1 metallo-beta-lactamase NDM-1	core	AMR	AMR	BETA-LACTAM	CARBAPENEM	ALLELEX	270	270	100.00	100.00	270	WP_004201164.1	subclass B1 metallo-beta-lactamase NDM-1	NA	NA
GCF_033160275.1	NA	NZ_CP137126.1	508	1284	-	aph(3')-VIb	aminoglycoside O-phosphotransferase APH(3')-VIb	core	AMR	AMR	AMINOGLYCOSIDE	AMIKACIN/KANAMYCIN	BLASTX	259	259	100.00	98.07	259	WP_000422633.1	aminoglycoside O-phosphotransferase APH(3')-VIb	NA	NA
GCF_033162755.1	NA	NZ_CP137127.1	5634	6371	+	blaIMP-4	subclass B1 metallo-beta-lactamase IMP-4	core	AMR	AMR	BETA-LACTAM	CARBAPENEM	ALLELEX	246	246	100.00	100.00	246	WP_015060105.1	subclass B1 metallo-beta-lactamase IMP-4	NA	NA
GCF_033162755.1	NA	NZ_CP137127.1	29001	29654	+	qnrS1	quinolone resistance pentapeptide repeat protein QnrS1	core	AMR	AMR	QUINOLONE	QUINOLONE	ALLELEX	218	218	100.00	100.00	218	WP_001516695.1	quinolone resistance pentapeptide repeat protein QnrS1	NA	NA
GCF_033162755.1	NA	NZ_CP137128.1	1796691	1799324	+	gyrA_T83I	Citrobacter freundii quinolone resistant GyrA	core	AMR	POINT	QUINOLONE	QUINOLONE	POINTX	878	878	100.00	99.89	878	WP_003027598.1	DNA gyrase subunit A GyrA	NA	NA
GCF_033162755.1	NA	NZ_CP137128.1	4501171	4501590	-	fosA7.9	fosfomycin resistance glutathione transferase FosA7.9	core	AMR	AMR	FOSFOMYCIN	FOSFOMYCIN	ALLELEX	140	140	100.00	100.00	140	WP_071684814.1	fosfomycin resistance glutathione transferase FosA7.9	NA	NA
GCF_033162755.1	NA	NZ_CP137128.1	4705731	4706873	+	blaCMY-78	class C beta-lactamase CMY-78	core	AMR	AMR	BETA-LACTAM	CEPHALOSPORIN	ALLELEX	381	381	100.00	100.00	381	WP_063859868.1	class C beta-lactamase CMY-78	NA	NA
GCF_033162755.1	NA	NZ_CP137129.1	22550	23359	+	blaNDM-1	subclass B1 metallo-beta-lactamase NDM-1	core	AMR	AMR	BETA-LACTAM	CARBAPENEM	ALLELEX	270	270	100.00	100.00	270	WP_004201164.1	subclass B1 metallo-beta-lactamase NDM-1	NA	NA
GCF_033162755.1	NA	NZ_CP137129.1	23366	23728	+	ble	bleomycin binding protein Ble-MBL	core	AMR	AMR	BLEOMYCIN	BLEOMYCIN	EXACTX	121	121	100.00	100.00	121	WP_004201167.1	bleomycin binding protein Ble-MBL	NA	NA
GCF_033162755.1	NA	NZ_CP137129.1	31005	31862	+	blaSHV-12	extended-spectrum class A beta-lactamase SHV-12	core	AMR	AMR	BETA-LACTAM	CEFIDEROCOL/CEPHALOSPORIN	ALLELEX	286	286	100.00	100.00	286	WP_002904004.1	extended-spectrum class A beta-lactamase SHV-12	NA	NA
GCF_033164915.1	NA	NZ_CP137132.1	84027	84839	+	sul2	sulfonamide-resistant dihydropteroate synthase Sul2	core	AMR	AMR	SULFONAMIDE	SULFONAMIDE	EXACTX	271	271	100.00	100.00	271	WP_001043260.1	sulfonamide-resistant dihydropteroate synthase Sul2	NA	NA
GCF_033164915.1	NA	NZ_CP137132.1	87348	88559	-	floR	chloramphenicol/florfenicol efflux MFS transporter FloR	core	AMR	AMR	PHENICOL	CHLORAMPHENICOL/FLORFENICOL	EXACTX	404	404	100.00	100.00	404	WP_000214119.1	chloramphenicol/florfenicol efflux MFS transporter FloR	NA	NA
GCF_033164915.1	NA	NZ_CP137132.1	100125	100595	+	dfrA17	trimethoprim-resistant dihydrofolate reductase DfrA17	core	AMR	AMR	TRIMETHOPRIM	TRIMETHOPRIM	EXACTX	157	157	100.00	100.00	157	WP_001389366.1	trimethoprim-resistant dihydrofolate reductase DfrA17	NA	NA
GCF_033164915.1	NA	NZ_CP137132.1	100729	101514	+	aadA5	ANT(3'')-Ia family aminoglycoside nucleotidyltransferase AadA5	core	AMR	AMR	AMINOGLYCOSIDE	STREPTOMYCIN	EXACTX	262	262	100.00	100.00	262	WP_000503573.1	ANT(3'')-Ia family aminoglycoside nucleotidyltransferase AadA5	NA	NA
GCF_033164915.1	NA	NZ_CP137132.1	101723	102067	+	qacEdelta1	quaternary ammonium compound efflux SMR transporter QacE delta 1	core	STRESS	BIOCIDE	QUATERNARY AMMONIUM	QUATERNARY AMMONIUM	ALLELEX	115	115	100.00	100.00	115	WP_000679427.1	quaternary ammonium compound efflux SMR transporter QacE delta 1	NA	NA
GCF_033164915.1	NA	NZ_CP137132.1	102064	102900	+	sul1	sulfonamide-resistant dihydropteroate synthase Sul1	core	AMR	AMR	SULFONAMIDE	SULFONAMIDE	EXACTX	279	279	100.00	100.00	279	WP_000259031.1	sulfonamide-resistant dihydropteroate synthase Sul1	NA	NA
GCF_033164915.1	NA	NZ_CP137132.1	105106	105759	+	qnrA1	quinolone resistance pentapeptide repeat protein QnrA1	core	AMR	AMR	QUINOLONE	QUINOLONE	ALLELEX	218	218	100.00	100.00	218	WP_012579084.1	quinolone resistance pentapeptide repeat protein QnrA1	NA	NA
GCF_033164915.1	NA	NZ_CP137132.1	152381	153190	+	blaNDM-5	subclass B1 metallo-beta-lactamase NDM-5	core	AMR	AMR	BETA-LACTAM	CARBAPENEM	ALLELEX	270	270	100.00	100.00	270	WP_023408309.1	subclass B1 metallo-beta-lactamase NDM-5	NA	NA
GCF_033164915.1	NA	NZ_CP137132.1	153197	153559	+	ble	bleomycin binding protein Ble-MBL	core	AMR	AMR	BLEOMYCIN	BLEOMYCIN	EXACTX	121	121	100.00	100.00	121	WP_004201167.1	bleomycin binding protein Ble-MBL	NA	NA
GCF_033164915.1	NA	NZ_CP137133.1	929008	931641	-	gyrA_T83I	Citrobacter freundii quinolone resistant GyrA	core	AMR	POINT	QUINOLONE	QUINOLONE	POINTX	878	878	100.00	99.89	878	WP_003027598.1	DNA gyrase subunit A GyrA	NA	NA
GCF_033164915.1	NA	NZ_CP137133.1	3260103	3260597	+	dfrA12	trimethoprim-resistant dihydrofolate reductase DfrA12	core	AMR	AMR	TRIMETHOPRIM	TRIMETHOPRIM	EXACTX	165	165	100.00	100.00	165	WP_001083725.1	trimethoprim-resistant dihydrofolate reductase DfrA12	NA	NA
GCF_033164915.1	NA	NZ_CP137133.1	3261008	3261796	+	aadA2	ANT(3'')-Ia family aminoglycoside nucleotidyltransferase AadA2	core	AMR	AMR	AMINOGLYCOSIDE	STREPTOMYCIN	EXACTX	263	263	100.00	100.00	263	WP_001206356.1	ANT(3'')-Ia family aminoglycoside nucleotidyltransferase AadA2	NA	NA
GCF_033164915.1	NA	NZ_CP137133.1	3261963	3262307	+	qacEdelta1	quaternary ammonium compound efflux SMR transporter QacE delta 1	core	STRESS	BIOCIDE	QUATERNARY AMMONIUM	QUATERNARY AMMONIUM	ALLELEX	115	115	100.00	100.00	115	WP_000679427.1	quaternary ammonium compound efflux SMR transporter QacE delta 1	NA	NA
GCF_033164915.1	NA	NZ_CP137133.1	3262304	3263140	+	sul1	sulfonamide-resistant dihydropteroate synthase Sul1	core	AMR	AMR	SULFONAMIDE	SULFONAMIDE	EXACTX	279	279	100.00	100.00	279	WP_000259031.1	sulfonamide-resistant dihydropteroate synthase Sul1	NA	NA
GCF_033164915.1	NA	NZ_CP137133.1	3268549	3269784	-	mrx(A)	phosphorylated macrolide efflux MFS transporter Mrx(A)	core	AMR	AMR	MACROLIDE	AZITHROMYCIN/ERYTHROMYCIN/SPIRAMYCIN/TELITHROMYCIN	EXACTX	412	412	100.00	100.00	412	WP_000004159.1	phosphorylated macrolide efflux MFS transporter Mrx(A)	NA	NA
GCF_033164915.1	NA	NZ_CP137133.1	3269784	3270686	-	mph(A)	Mph(A) family macrolide 2'-phosphotransferase	core	AMR	AMR	MACROLIDE	AZITHROMYCIN/ERYTHROMYCIN/SPIRAMYCIN/TELITHROMYCIN	EXACTX	301	301	100.00	100.00	301	WP_000219391.1	Mph(A) family macrolide 2'-phosphotransferase	NA	NA
GCF_033164915.1	NA	NZ_CP137133.1	3279956	3280813	-	blaTEM-1	broad-spectrum class A beta-lactamase TEM-1	core	AMR	AMR	BETA-LACTAM	BETA-LACTAM	ALLELEX	286	286	100.00	100.00	286	WP_000027057.1	broad-spectrum class A beta-lactamase TEM-1	NA	NA
GCF_033164915.1	NA	NZ_CP137133.1	3399308	3400450	-	blaCMY-181	class C beta-lactamase CMY-181	core	AMR	AMR	BETA-LACTAM	CEPHALOSPORIN	ALLELEX	381	381	100.00	100.00	381	WP_134216345.1	class C beta-lactamase CMY-181	NA	NA
GCF_033164915.1	NA	NZ_CP137133.1	4727684	4728556	+	blaCTX-M-3	extended-spectrum class A beta-lactamase CTX-M-3	core	AMR	AMR	BETA-LACTAM	CEPHALOSPORIN	ALLELEX	291	291	100.00	100.00	291	WP_011091028.1	extended-spectrum class A beta-lactamase CTX-M-3	NA	NA
GCF_033398815.1	NA	NZ_CP137703.1	446946	448088	-	blaCMY-72	class C beta-lactamase CMY-72	core	AMR	AMR	BETA-LACTAM	CEPHALOSPORIN	ALLELEX	381	381	100.00	100.00	381	WP_032939209.1	class C beta-lactamase CMY-72	NA	NA
GCF_033398815.1	NA	NZ_CP137704.1	3127	3783	-	catA1	type A-1 chloramphenicol O-acetyltransferase	core	AMR	AMR	PHENICOL	CHLORAMPHENICOL	EXACTX	219	219	100.00	100.00	219	WP_000412211.1	type A-1 chloramphenicol O-acetyltransferase	NA	NA
GCF_033398815.1	NA	NZ_CP137704.1	4159	4890	+	erm(C)	23S rRNA (adenine(2058)-N(6))-methyltransferase Erm(C)	core	AMR	AMR	LINCOSAMIDE/MACROLIDE/STREPTOGRAMIN	CLINDAMYCIN/ERYTHROMYCIN/STREPTOGRAMIN B/TYLOSIN	EXACTX	244	244	100.00	100.00	244	WP_007410443.1	23S rRNA (adenine(2058)-N(6))-methyltransferase Erm(C)	NA	NA
GCF_033399635.1	NA	NZ_CP137717.1	908115	909257	-	blaCMY-72	class C beta-lactamase CMY-72	core	AMR	AMR	BETA-LACTAM	CEPHALOSPORIN	ALLELEX	381	381	100.00	100.00	381	WP_032939209.1	class C beta-lactamase CMY-72	NA	NA
GCF_034377565.1	NA	NZ_CP139745.1	446946	448088	-	blaCMY-72	class C beta-lactamase CMY-72	core	AMR	AMR	BETA-LACTAM	CEPHALOSPORIN	ALLELEX	381	381	100.00	100.00	381	WP_032939209.1	class C beta-lactamase CMY-72	NA	NA
GCF_034422555.1	NA	NZ_CP139849.1	327791	328444	-	qnrS1	quinolone resistance pentapeptide repeat protein QnrS1	core	AMR	AMR	QUINOLONE	QUINOLONE	ALLELEX	218	218	100.00	100.00	218	WP_001516695.1	quinolone resistance pentapeptide repeat protein QnrS1	NA	NA
GCF_034422555.1	NA	NZ_CP139849.1	343025	343861	-	sul1	sulfonamide-resistant dihydropteroate synthase Sul1	core	AMR	AMR	SULFONAMIDE	SULFONAMIDE	EXACTX	279	279	100.00	100.00	279	WP_000259031.1	sulfonamide-resistant dihydropteroate synthase Sul1	NA	NA
GCF_034422555.1	NA	NZ_CP139849.1	343858	344202	-	qacEdelta1	quaternary ammonium compound efflux SMR transporter QacE delta 1	core	STRESS	BIOCIDE	QUATERNARY AMMONIUM	QUATERNARY AMMONIUM	ALLELEX	115	115	100.00	100.00	115	WP_000679427.1	quaternary ammonium compound efflux SMR transporter QacE delta 1	NA	NA
GCF_034422555.1	NA	NZ_CP139849.1	344329	345117	-	aadA1	ANT(3'')-Ia family aminoglycoside nucleotidyltransferase AadA1	core	AMR	AMR	AMINOGLYCOSIDE	STREPTOMYCIN	EXACTX	263	263	100.00	100.00	263	WP_001206317.1	ANT(3'')-Ia family aminoglycoside nucleotidyltransferase AadA1	NA	NA
GCF_034422555.1	NA	NZ_CP139849.1	345190	345741	-	aac(6')-Ib4	aminoglycoside N-acetyltransferase AAC(6')-Ib4	core	AMR	AMR	AMINOGLYCOSIDE	GENTAMICIN	ALLELEX	184	184	100.00	100.00	184	WP_003159191.1	aminoglycoside N-acetyltransferase AAC(6')-Ib4	NA	NA
GCF_034422555.1	NA	NZ_CP139849.1	345852	346649	-	blaVIM-1	subclass B1 metallo-beta-lactamase VIM-1	core	AMR	AMR	BETA-LACTAM	CARBAPENEM	ALLELEX	266	266	100.00	100.00	266	WP_013263789.1	subclass B1 metallo-beta-lactamase VIM-1	NA	NA
GCF_034422555.1	NA	NZ_CP139850.1	458122	459264	-	blaCMY	CMY-2 family class C beta-lactamase	core	AMR	AMR	BETA-LACTAM	CEPHALOSPORIN	BLASTX	381	381	100.00	99.74	381	WP_063859859.1	class C beta-lactamase CMY-67	NA	NA
GCF_035620115.1	NA	NZ_CP141645.1	1632857	1635490	+	gyrA_T83I	Citrobacter freundii quinolone resistant GyrA	core	AMR	POINT	QUINOLONE	QUINOLONE	POINTX	878	878	100.00	99.89	878	WP_003027598.1	DNA gyrase subunit A GyrA	NA	NA
GCF_035620115.1	NA	NZ_CP141645.1	4517741	4518883	+	blaCMY-48	class C beta-lactamase CMY-48	core	AMR	AMR	BETA-LACTAM	CEPHALOSPORIN	ALLELEX	381	381	100.00	100.00	381	WP_044699195.1	class C beta-lactamase CMY-48	NA	NA
GCF_035620115.1	NA	NZ_CP141645.1	5013075	5013860	-	aadA1	ANT(3'')-Ia family aminoglycoside nucleotidyltransferase AadA1	core	AMR	AMR	AMINOGLYCOSIDE	STREPTOMYCIN	EXACTX	262	262	100.00	100.00	262	WP_001206315.1	ANT(3'')-Ia family aminoglycoside nucleotidyltransferase AadA1	NA	NA
GCF_035620115.1	NA	NZ_CP141645.1	5013921	5014442	-	sat2	streptothricin N-acetyltransferase Sat2	core	AMR	AMR	STREPTOTHRICIN	STREPTOTHRICIN	EXACTX	174	174	100.00	100.00	174	WP_000704156.1	streptothricin N-acetyltransferase Sat2	NA	NA
GCF_035620115.1	NA	NZ_CP141645.1	5014540	5015010	-	dfrA1	trimethoprim-resistant dihydrofolate reductase DfrA1	core	AMR	AMR	TRIMETHOPRIM	TRIMETHOPRIM	EXACTX	157	157	100.00	100.00	157	WP_000777554.1	trimethoprim-resistant dihydrofolate reductase DfrA1	NA	NA
GCF_035620115.1	NA	NZ_CP141647.1	2760	3617	+	blaTEM-1	broad-spectrum class A beta-lactamase TEM-1	core	AMR	AMR	BETA-LACTAM	BETA-LACTAM	ALLELEX	286	286	100.00	100.00	286	WP_000027057.1	broad-spectrum class A beta-lactamase TEM-1	NA	NA
GCF_035620115.1	NA	NZ_CP141647.1	3790	4542	+	rmtB1	16S rRNA (guanine(1405)-N(7))-methyltransferase RmtB1	core	AMR	AMR	AMINOGLYCOSIDE	AMINOGLYCOSIDE	ALLELEX	251	251	100.00	100.00	251	WP_012372818.1	16S rRNA (guanine(1405)-N(7))-methyltransferase RmtB1	NA	NA
GCF_035620115.1	NA	NZ_CP141647.1	32908	33765	-	blaSHV-12	extended-spectrum class A beta-lactamase SHV-12	core	AMR	AMR	BETA-LACTAM	CEFIDEROCOL/CEPHALOSPORIN	ALLELEX	286	286	100.00	100.00	286	WP_002904004.1	extended-spectrum class A beta-lactamase SHV-12	NA	NA
GCF_035620115.1	NA	NZ_CP141647.1	41756	42634	-	blaKPC-2	carbapenem-hydrolyzing class A beta-lactamase KPC-2	core	AMR	AMR	BETA-LACTAM	CARBAPENEM	ALLELEX	293	293	100.00	100.00	293	WP_004199234.1	carbapenem-hydrolyzing class A beta-lactamase KPC-2	NA	NA
GCF_035620115.1	NA	NZ_CP141647.1	128709	129581	+	blaCTX-M-65	extended-spectrum class A beta-lactamase CTX-M-65	core	AMR	AMR	BETA-LACTAM	CEPHALOSPORIN	ALLELEX	291	291	100.00	100.00	291	WP_013188475.1	extended-spectrum class A beta-lactamase CTX-M-65	NA	NA
GCF_035620115.1	NA	NZ_CP141648.1	30425	31261	-	sul1	sulfonamide-resistant dihydropteroate synthase Sul1	core	AMR	AMR	SULFONAMIDE	SULFONAMIDE	EXACTX	279	279	100.00	100.00	279	WP_000259031.1	sulfonamide-resistant dihydropteroate synthase Sul1	NA	NA
GCF_035620115.1	NA	NZ_CP141648.1	31258	31542	-	qacE	quaternary ammonium compound efflux SMR transporter QacE	core	STRESS	BIOCIDE	QUATERNARY AMMONIUM	QUATERNARY AMMONIUM	PARTIALX	95	115	82.61	95.79	95	WP_000679427.1	quaternary ammonium compound efflux SMR transporter QacE delta 1	NA	NA
GCF_035620115.1	NA	NZ_CP141648.1	32838	33974	+	blaDHA-1	extended-spectrum class C beta-lactamase DHA-1	core	AMR	AMR	BETA-LACTAM	CEPHALOSPORIN	ALLELEX	379	379	100.00	100.00	379	WP_004236386.1	extended-spectrum class C beta-lactamase DHA-1	NA	NA
GCF_035620115.1	NA	NZ_CP141648.1	38101	38742	+	qnrB4	quinolone resistance pentapeptide repeat protein QnrB4	core	AMR	AMR	QUINOLONE	QUINOLONE	ALLELEX	214	214	100.00	100.00	214	WP_017900990.1	quinolone resistance pentapeptide repeat protein QnrB4	NA	NA
GCF_035620115.1	NA	NZ_CP141648.1	47466	48302	-	sul1	sulfonamide-resistant dihydropteroate synthase Sul1	core	AMR	AMR	SULFONAMIDE	SULFONAMIDE	EXACTX	279	279	100.00	100.00	279	WP_000259031.1	sulfonamide-resistant dihydropteroate synthase Sul1	NA	NA
GCF_035620115.1	NA	NZ_CP141648.1	48299	48643	-	qacEdelta1	quaternary ammonium compound efflux SMR transporter QacE delta 1	core	STRESS	BIOCIDE	QUATERNARY AMMONIUM	QUATERNARY AMMONIUM	ALLELEX	115	115	100.00	100.00	115	WP_000679427.1	quaternary ammonium compound efflux SMR transporter QacE delta 1	NA	NA
GCF_035620115.1	NA	NZ_CP141648.1	48810	49598	-	aadA2	ANT(3'')-Ia family aminoglycoside nucleotidyltransferase AadA2	core	AMR	AMR	AMINOGLYCOSIDE	STREPTOMYCIN	EXACTX	263	263	100.00	100.00	263	WP_001206356.1	ANT(3'')-Ia family aminoglycoside nucleotidyltransferase AadA2	NA	NA
GCF_035620115.1	NA	NZ_CP141648.1	50009	50503	-	dfrA12	trimethoprim-resistant dihydrofolate reductase DfrA12	core	AMR	AMR	TRIMETHOPRIM	TRIMETHOPRIM	EXACTX	165	165	100.00	100.00	165	WP_001083725.1	trimethoprim-resistant dihydrofolate reductase DfrA12	NA	NA
GCF_035620115.1	NA	NZ_CP141648.1	106067	107302	-	mrx(A)	phosphorylated macrolide efflux MFS transporter Mrx(A)	core	AMR	AMR	MACROLIDE	AZITHROMYCIN/ERYTHROMYCIN/SPIRAMYCIN/TELITHROMYCIN	EXACTX	412	412	100.00	100.00	412	WP_000004159.1	phosphorylated macrolide efflux MFS transporter Mrx(A)	NA	NA
GCF_035620115.1	NA	NZ_CP141648.1	107302	108204	-	mph(A)	Mph(A) family macrolide 2'-phosphotransferase	core	AMR	AMR	MACROLIDE	AZITHROMYCIN/ERYTHROMYCIN/SPIRAMYCIN/TELITHROMYCIN	EXACTX	301	301	100.00	100.00	301	WP_000219391.1	Mph(A) family macrolide 2'-phosphotransferase	NA	NA
GCF_035620115.1	NA	NZ_CP141648.1	109263	110120	+	aac(3)-IId	aminoglycoside N-acetyltransferase AAC(3)-IId	core	AMR	AMR	AMINOGLYCOSIDE	GENTAMICIN	EXACTX	286	286	100.00	100.00	286	WP_000557454.1	aminoglycoside N-acetyltransferase AAC(3)-IId	NA	NA
GCF_035620115.1	NA	NZ_CP141648.1	117955	118812	+	blaTEM-1	broad-spectrum class A beta-lactamase TEM-1	core	AMR	AMR	BETA-LACTAM	BETA-LACTAM	ALLELEX	286	286	100.00	100.00	286	WP_000027057.1	broad-spectrum class A beta-lactamase TEM-1	NA	NA
GCF_036287605.1	NA	NZ_CP142904.1	2949995	2952628	-	gyrA_T83I	Citrobacter freundii quinolone resistant GyrA	core	AMR	POINT	QUINOLONE	QUINOLONE	POINTX	878	878	100.00	99.89	878	WP_003027598.1	DNA gyrase subunit A GyrA	NA	NA
GCF_036287605.1	NA	NZ_CP142904.1	4609347	4610489	+	blaCMY-181	class C beta-lactamase CMY-181	core	AMR	AMR	BETA-LACTAM	CEPHALOSPORIN	ALLELEX	381	381	100.00	100.00	381	WP_134216345.1	class C beta-lactamase CMY-181	NA	NA
GCF_036287605.1	NA	NZ_CP142905.1	32496	32990	+	dfrA12	trimethoprim-resistant dihydrofolate reductase DfrA12	core	AMR	AMR	TRIMETHOPRIM	TRIMETHOPRIM	EXACTX	165	165	100.00	100.00	165	WP_001083725.1	trimethoprim-resistant dihydrofolate reductase DfrA12	NA	NA
GCF_036287605.1	NA	NZ_CP142905.1	33401	34189	+	aadA2	ANT(3'')-Ia family aminoglycoside nucleotidyltransferase AadA2	core	AMR	AMR	AMINOGLYCOSIDE	STREPTOMYCIN	EXACTX	263	263	100.00	100.00	263	WP_001206356.1	ANT(3'')-Ia family aminoglycoside nucleotidyltransferase AadA2	NA	NA
GCF_036287605.1	NA	NZ_CP142905.1	34356	34700	+	qacEdelta1	quaternary ammonium compound efflux SMR transporter QacE delta 1	core	STRESS	BIOCIDE	QUATERNARY AMMONIUM	QUATERNARY AMMONIUM	ALLELEX	115	115	100.00	100.00	115	WP_000679427.1	quaternary ammonium compound efflux SMR transporter QacE delta 1	NA	NA
GCF_036287605.1	NA	NZ_CP142905.1	34697	35533	+	sul1	sulfonamide-resistant dihydropteroate synthase Sul1	core	AMR	AMR	SULFONAMIDE	SULFONAMIDE	EXACTX	279	279	100.00	100.00	279	WP_000259031.1	sulfonamide-resistant dihydropteroate synthase Sul1	NA	NA
GCF_036287605.1	NA	NZ_CP142905.1	89201	90079	+	blaKPC-2	carbapenem-hydrolyzing class A beta-lactamase KPC-2	core	AMR	AMR	BETA-LACTAM	CARBAPENEM	ALLELEX	293	293	100.00	100.00	293	WP_004199234.1	carbapenem-hydrolyzing class A beta-lactamase KPC-2	NA	NA
GCF_036287605.1	NA	NZ_CP142905.1	99934	101169	-	mrx(A)	phosphorylated macrolide efflux MFS transporter Mrx(A)	core	AMR	AMR	MACROLIDE	AZITHROMYCIN/ERYTHROMYCIN/SPIRAMYCIN/TELITHROMYCIN	EXACTX	412	412	100.00	100.00	412	WP_000004159.1	phosphorylated macrolide efflux MFS transporter Mrx(A)	NA	NA
GCF_036287605.1	NA	NZ_CP142905.1	101169	102071	-	mph(A)	Mph(A) family macrolide 2'-phosphotransferase	core	AMR	AMR	MACROLIDE	AZITHROMYCIN/ERYTHROMYCIN/SPIRAMYCIN/TELITHROMYCIN	EXACTX	301	301	100.00	100.00	301	WP_000219391.1	Mph(A) family macrolide 2'-phosphotransferase	NA	NA
GCF_036287605.1	NA	NZ_CP142905.1	103130	103987	+	aac(3)-IId	aminoglycoside N-acetyltransferase AAC(3)-IId	core	AMR	AMR	AMINOGLYCOSIDE	GENTAMICIN	EXACTX	286	286	100.00	100.00	286	WP_000557454.1	aminoglycoside N-acetyltransferase AAC(3)-IId	NA	NA
GCF_036287605.1	NA	NZ_CP142905.1	108962	109819	+	blaTEM-1	broad-spectrum class A beta-lactamase TEM-1	core	AMR	AMR	BETA-LACTAM	BETA-LACTAM	ALLELEX	286	286	100.00	100.00	286	WP_000027057.1	broad-spectrum class A beta-lactamase TEM-1	NA	NA
GCF_036289085.1	NA	NZ_CP137175.1	1787557	1790190	+	gyrA_T83I	Citrobacter freundii quinolone resistant GyrA	core	AMR	POINT	QUINOLONE	QUINOLONE	POINTX	878	878	100.00	99.89	878	WP_003027598.1	DNA gyrase subunit A GyrA	NA	NA
GCF_036289085.1	NA	NZ_CP137175.1	4646411	4647553	+	blaCMY-48	class C beta-lactamase CMY-48	core	AMR	AMR	BETA-LACTAM	CEPHALOSPORIN	ALLELEX	381	381	100.00	100.00	381	WP_044699195.1	class C beta-lactamase CMY-48	NA	NA
GCF_036289085.1	NA	NZ_CP137175.1	5182323	5183108	-	aadA1	ANT(3'')-Ia family aminoglycoside nucleotidyltransferase AadA1	core	AMR	AMR	AMINOGLYCOSIDE	STREPTOMYCIN	EXACTX	262	262	100.00	100.00	262	WP_001206315.1	ANT(3'')-Ia family aminoglycoside nucleotidyltransferase AadA1	NA	NA
GCF_036289085.1	NA	NZ_CP137175.1	5183169	5183690	-	sat2	streptothricin N-acetyltransferase Sat2	core	AMR	AMR	STREPTOTHRICIN	STREPTOTHRICIN	EXACTX	174	174	100.00	100.00	174	WP_000704156.1	streptothricin N-acetyltransferase Sat2	NA	NA
GCF_036289085.1	NA	NZ_CP137175.1	5183788	5184258	-	dfrA1	trimethoprim-resistant dihydrofolate reductase DfrA1	core	AMR	AMR	TRIMETHOPRIM	TRIMETHOPRIM	EXACTX	157	157	100.00	100.00	157	WP_000777554.1	trimethoprim-resistant dihydrofolate reductase DfrA1	NA	NA
GCF_036289085.1	NA	NZ_CP137176.1	6701	7063	-	ble	bleomycin binding protein Ble-MBL	core	AMR	AMR	BLEOMYCIN	BLEOMYCIN	EXACTX	121	121	100.00	100.00	121	WP_004201167.1	bleomycin binding protein Ble-MBL	NA	NA
GCF_036289085.1	NA	NZ_CP137176.1	7070	7879	-	blaNDM-1	subclass B1 metallo-beta-lactamase NDM-1	core	AMR	AMR	BETA-LACTAM	CARBAPENEM	ALLELEX	270	270	100.00	100.00	270	WP_004201164.1	subclass B1 metallo-beta-lactamase NDM-1	NA	NA
GCF_036289085.1	NA	NZ_CP137176.1	52602	53459	-	blaSHV-12	extended-spectrum class A beta-lactamase SHV-12	core	AMR	AMR	BETA-LACTAM	CEFIDEROCOL/CEPHALOSPORIN	ALLELEX	286	286	100.00	100.00	286	WP_002904004.1	extended-spectrum class A beta-lactamase SHV-12	NA	NA
GCF_036289085.1	NA	NZ_CP137177.1	32496	32990	+	dfrA12	trimethoprim-resistant dihydrofolate reductase DfrA12	core	AMR	AMR	TRIMETHOPRIM	TRIMETHOPRIM	EXACTX	165	165	100.00	100.00	165	WP_001083725.1	trimethoprim-resistant dihydrofolate reductase DfrA12	NA	NA
GCF_036289085.1	NA	NZ_CP137177.1	33401	34189	+	aadA2	ANT(3'')-Ia family aminoglycoside nucleotidyltransferase AadA2	core	AMR	AMR	AMINOGLYCOSIDE	STREPTOMYCIN	EXACTX	263	263	100.00	100.00	263	WP_001206356.1	ANT(3'')-Ia family aminoglycoside nucleotidyltransferase AadA2	NA	NA
GCF_036289085.1	NA	NZ_CP137177.1	34356	34700	+	qacEdelta1	quaternary ammonium compound efflux SMR transporter QacE delta 1	core	STRESS	BIOCIDE	QUATERNARY AMMONIUM	QUATERNARY AMMONIUM	ALLELEX	115	115	100.00	100.00	115	WP_000679427.1	quaternary ammonium compound efflux SMR transporter QacE delta 1	NA	NA
GCF_036289085.1	NA	NZ_CP137177.1	34697	35533	+	sul1	sulfonamide-resistant dihydropteroate synthase Sul1	core	AMR	AMR	SULFONAMIDE	SULFONAMIDE	EXACTX	279	279	100.00	100.00	279	WP_000259031.1	sulfonamide-resistant dihydropteroate synthase Sul1	NA	NA
GCF_036289085.1	NA	NZ_CP137177.1	44257	44898	-	qnrB4	quinolone resistance pentapeptide repeat protein QnrB4	core	AMR	AMR	QUINOLONE	QUINOLONE	ALLELEX	214	214	100.00	100.00	214	WP_017900990.1	quinolone resistance pentapeptide repeat protein QnrB4	NA	NA
GCF_036289085.1	NA	NZ_CP137177.1	49025	50161	-	blaDHA-1	extended-spectrum class C beta-lactamase DHA-1	core	AMR	AMR	BETA-LACTAM	CEPHALOSPORIN	ALLELEX	379	379	100.00	100.00	379	WP_004236386.1	extended-spectrum class C beta-lactamase DHA-1	NA	NA
GCF_036289085.1	NA	NZ_CP137177.1	51457	51741	+	qacE	quaternary ammonium compound efflux SMR transporter QacE	core	STRESS	BIOCIDE	QUATERNARY AMMONIUM	QUATERNARY AMMONIUM	PARTIALX	95	115	82.61	95.79	95	WP_000679427.1	quaternary ammonium compound efflux SMR transporter QacE delta 1	NA	NA
GCF_036289085.1	NA	NZ_CP137177.1	51738	52574	+	sul1	sulfonamide-resistant dihydropteroate synthase Sul1	core	AMR	AMR	SULFONAMIDE	SULFONAMIDE	EXACTX	279	279	100.00	100.00	279	WP_000259031.1	sulfonamide-resistant dihydropteroate synthase Sul1	NA	NA
GCF_036289085.1	NA	NZ_CP137177.1	56656	57891	-	mrx(A)	phosphorylated macrolide efflux MFS transporter Mrx(A)	core	AMR	AMR	MACROLIDE	AZITHROMYCIN/ERYTHROMYCIN/SPIRAMYCIN/TELITHROMYCIN	EXACTX	412	412	100.00	100.00	412	WP_000004159.1	phosphorylated macrolide efflux MFS transporter Mrx(A)	NA	NA
GCF_036289085.1	NA	NZ_CP137177.1	57891	58793	-	mph(A)	Mph(A) family macrolide 2'-phosphotransferase	core	AMR	AMR	MACROLIDE	AZITHROMYCIN/ERYTHROMYCIN/SPIRAMYCIN/TELITHROMYCIN	EXACTX	301	301	100.00	100.00	301	WP_000219391.1	Mph(A) family macrolide 2'-phosphotransferase	NA	NA
GCF_036289085.1	NA	NZ_CP137177.1	59852	60709	+	aac(3)-IId	aminoglycoside N-acetyltransferase AAC(3)-IId	core	AMR	AMR	AMINOGLYCOSIDE	GENTAMICIN	EXACTX	286	286	100.00	100.00	286	WP_000557454.1	aminoglycoside N-acetyltransferase AAC(3)-IId	NA	NA
GCF_036289085.1	NA	NZ_CP137177.1	65684	66541	+	blaTEM-1	broad-spectrum class A beta-lactamase TEM-1	core	AMR	AMR	BETA-LACTAM	BETA-LACTAM	ALLELEX	286	286	100.00	100.00	286	WP_000027057.1	broad-spectrum class A beta-lactamase TEM-1	NA	NA
GCF_036289085.1	NA	NZ_CP137177.1	76610	77791	-	tet(D)	tetracycline efflux MFS transporter Tet(D)	core	AMR	AMR	TETRACYCLINE	TETRACYCLINE	EXACTX	394	394	100.00	100.00	394	WP_001039466.1	tetracycline efflux MFS transporter Tet(D)	NA	NA
GCF_036289085.1	NA	NZ_CP137177.1	79406	80044	-	catA2	type A-2 chloramphenicol O-acetyltransferase CatII	core	AMR	AMR	PHENICOL	CHLORAMPHENICOL	EXACTX	213	213	100.00	100.00	213	WP_001011939.1	type A-2 chloramphenicol O-acetyltransferase CatII	NA	NA
GCF_036289085.1	NA	NZ_CP137177.1	85340	86152	-	sul2	sulfonamide-resistant dihydropteroate synthase Sul2	core	AMR	AMR	SULFONAMIDE	SULFONAMIDE	EXACTX	271	271	100.00	100.00	271	WP_001043260.1	sulfonamide-resistant dihydropteroate synthase Sul2	NA	NA
GCF_036289145.1	NA	NZ_CP137183.1	1623919	1626552	+	gyrA_T83I	Citrobacter freundii quinolone resistant GyrA	core	AMR	POINT	QUINOLONE	QUINOLONE	POINTX	878	878	100.00	99.89	878	WP_003027598.1	DNA gyrase subunit A GyrA	NA	NA
GCF_036289145.1	NA	NZ_CP137183.1	4623381	4624523	+	blaCMY-48	class C beta-lactamase CMY-48	core	AMR	AMR	BETA-LACTAM	CEPHALOSPORIN	ALLELEX	381	381	100.00	100.00	381	WP_044699195.1	class C beta-lactamase CMY-48	NA	NA
GCF_036289145.1	NA	NZ_CP137183.1	5112871	5113656	-	aadA1	ANT(3'')-Ia family aminoglycoside nucleotidyltransferase AadA1	core	AMR	AMR	AMINOGLYCOSIDE	STREPTOMYCIN	EXACTX	262	262	100.00	100.00	262	WP_001206315.1	ANT(3'')-Ia family aminoglycoside nucleotidyltransferase AadA1	NA	NA
GCF_036289145.1	NA	NZ_CP137183.1	5113717	5114238	-	sat2	streptothricin N-acetyltransferase Sat2	core	AMR	AMR	STREPTOTHRICIN	STREPTOTHRICIN	EXACTX	174	174	100.00	100.00	174	WP_000704156.1	streptothricin N-acetyltransferase Sat2	NA	NA
GCF_036289145.1	NA	NZ_CP137183.1	5114336	5114806	-	dfrA1	trimethoprim-resistant dihydrofolate reductase DfrA1	core	AMR	AMR	TRIMETHOPRIM	TRIMETHOPRIM	EXACTX	157	157	100.00	100.00	157	WP_000777554.1	trimethoprim-resistant dihydrofolate reductase DfrA1	NA	NA
GCF_036289145.1	NA	NZ_CP137186.1	6628	6990	-	ble	bleomycin binding protein Ble-MBL	core	AMR	AMR	BLEOMYCIN	BLEOMYCIN	EXACTX	121	121	100.00	100.00	121	WP_004201167.1	bleomycin binding protein Ble-MBL	NA	NA
GCF_036289145.1	NA	NZ_CP137186.1	6997	7806	-	blaNDM-1	subclass B1 metallo-beta-lactamase NDM-1	core	AMR	AMR	BETA-LACTAM	CARBAPENEM	ALLELEX	270	270	100.00	100.00	270	WP_004201164.1	subclass B1 metallo-beta-lactamase NDM-1	NA	NA
GCF_036289145.1	NA	NZ_CP137186.1	52529	53386	-	blaSHV-12	extended-spectrum class A beta-lactamase SHV-12	core	AMR	AMR	BETA-LACTAM	CEFIDEROCOL/CEPHALOSPORIN	ALLELEX	286	286	100.00	100.00	286	WP_002904004.1	extended-spectrum class A beta-lactamase SHV-12	NA	NA
GCF_036289145.1	NA	NZ_CP137193.1	13624	14496	+	blaCTX-M-14	extended-spectrum class A beta-lactamase CTX-M-14	core	AMR	AMR	BETA-LACTAM	CEPHALOSPORIN	ALLELEX	291	291	100.00	100.00	291	WP_001617865.1	extended-spectrum class A beta-lactamase CTX-M-14	NA	NA
GCF_036289145.1	NA	NZ_CP137193.1	44174	44815	-	qnrB4	quinolone resistance pentapeptide repeat protein QnrB4	core	AMR	AMR	QUINOLONE	QUINOLONE	ALLELEX	214	214	100.00	100.00	214	WP_017900990.1	quinolone resistance pentapeptide repeat protein QnrB4	NA	NA
GCF_036289145.1	NA	NZ_CP137193.1	48942	50078	-	blaDHA-1	extended-spectrum class C beta-lactamase DHA-1	core	AMR	AMR	BETA-LACTAM	CEPHALOSPORIN	ALLELEX	379	379	100.00	100.00	379	WP_004236386.1	extended-spectrum class C beta-lactamase DHA-1	NA	NA
GCF_036289145.1	NA	NZ_CP137193.1	51374	51658	+	qacE	quaternary ammonium compound efflux SMR transporter QacE	core	STRESS	BIOCIDE	QUATERNARY AMMONIUM	QUATERNARY AMMONIUM	PARTIALX	95	115	82.61	95.79	95	WP_000679427.1	quaternary ammonium compound efflux SMR transporter QacE delta 1	NA	NA
GCF_036289145.1	NA	NZ_CP137193.1	51655	52491	+	sul1	sulfonamide-resistant dihydropteroate synthase Sul1	core	AMR	AMR	SULFONAMIDE	SULFONAMIDE	EXACTX	279	279	100.00	100.00	279	WP_000259031.1	sulfonamide-resistant dihydropteroate synthase Sul1	NA	NA
GCF_036289145.1	NA	NZ_CP137193.1	57900	59135	-	mrx(A)	phosphorylated macrolide efflux MFS transporter Mrx(A)	core	AMR	AMR	MACROLIDE	AZITHROMYCIN/ERYTHROMYCIN/SPIRAMYCIN/TELITHROMYCIN	EXACTX	412	412	100.00	100.00	412	WP_000004159.1	phosphorylated macrolide efflux MFS transporter Mrx(A)	NA	NA
GCF_036289145.1	NA	NZ_CP137193.1	59135	60037	-	mph(A)	Mph(A) family macrolide 2'-phosphotransferase	core	AMR	AMR	MACROLIDE	AZITHROMYCIN/ERYTHROMYCIN/SPIRAMYCIN/TELITHROMYCIN	EXACTX	301	301	100.00	100.00	301	WP_000219391.1	Mph(A) family macrolide 2'-phosphotransferase	NA	NA
GCF_036289185.1	NA	NZ_CP137195.1	1664225	1666858	+	gyrA_T83I	Citrobacter freundii quinolone resistant GyrA	core	AMR	POINT	QUINOLONE	QUINOLONE	POINTX	878	878	100.00	99.89	878	WP_003027598.1	DNA gyrase subunit A GyrA	NA	NA
GCF_036289185.1	NA	NZ_CP137195.1	4564089	4565231	+	blaCMY	CMY-2 family class C beta-lactamase	core	AMR	AMR	BETA-LACTAM	CEPHALOSPORIN	BLASTX	381	381	100.00	99.74	381	WP_044699195.1	class C beta-lactamase CMY-48	NA	NA
GCF_036289185.1	NA	NZ_CP137195.1	5052693	5053478	-	aadA1	ANT(3'')-Ia family aminoglycoside nucleotidyltransferase AadA1	core	AMR	AMR	AMINOGLYCOSIDE	STREPTOMYCIN	EXACTX	262	262	100.00	100.00	262	WP_001206315.1	ANT(3'')-Ia family aminoglycoside nucleotidyltransferase AadA1	NA	NA
GCF_036289185.1	NA	NZ_CP137195.1	5053539	5054060	-	sat2	streptothricin N-acetyltransferase Sat2	core	AMR	AMR	STREPTOTHRICIN	STREPTOTHRICIN	EXACTX	174	174	100.00	100.00	174	WP_000704156.1	streptothricin N-acetyltransferase Sat2	NA	NA
GCF_036289185.1	NA	NZ_CP137195.1	5054158	5054628	-	dfrA1	trimethoprim-resistant dihydrofolate reductase DfrA1	core	AMR	AMR	TRIMETHOPRIM	TRIMETHOPRIM	EXACTX	157	157	100.00	100.00	157	WP_000777554.1	trimethoprim-resistant dihydrofolate reductase DfrA1	NA	NA
GCF_036289185.1	NA	NZ_CP137197.1	80418	81254	-	sul1	sulfonamide-resistant dihydropteroate synthase Sul1	core	AMR	AMR	SULFONAMIDE	SULFONAMIDE	BLASTX	279	279	100.00	99.64	279	WP_000259018.1	sulfonamide-resistant dihydropteroate synthase Sul1	NA	NA
GCF_036289185.1	NA	NZ_CP137197.1	87579	88421	+	rmtC	RmtC family 16S rRNA (guanine(1405)-N(7))-methyltransferase	core	AMR	AMR	AMINOGLYCOSIDE	AMINOGLYCOSIDE	EXACTX	281	281	100.00	100.00	281	WP_000855769.1	RmtC family 16S rRNA (guanine(1405)-N(7))-methyltransferase	NA	NA
GCF_036289185.1	NA	NZ_CP137197.1	88982	89791	+	blaNDM-1	subclass B1 metallo-beta-lactamase NDM-1	core	AMR	AMR	BETA-LACTAM	CARBAPENEM	ALLELEX	270	270	100.00	100.00	270	WP_004201164.1	subclass B1 metallo-beta-lactamase NDM-1	NA	NA
GCF_036289185.1	NA	NZ_CP137197.1	89798	90160	+	ble	bleomycin binding protein Ble-MBL	core	AMR	AMR	BLEOMYCIN	BLEOMYCIN	EXACTX	121	121	100.00	100.00	121	WP_004201167.1	bleomycin binding protein Ble-MBL	NA	NA
GCF_036289225.1	NA	NZ_CP137203.1	1642706	1645339	+	gyrA_T83I	Citrobacter freundii quinolone resistant GyrA	core	AMR	POINT	QUINOLONE	QUINOLONE	POINTX	878	878	100.00	99.77	878	WP_003027598.1	DNA gyrase subunit A GyrA	NA	NA
GCF_036289225.1	NA	NZ_CP137203.1	4439046	4440188	+	blaCMY-65	class C beta-lactamase CMY-65	core	AMR	AMR	BETA-LACTAM	CEPHALOSPORIN	ALLELEX	381	381	100.00	100.00	381	WP_008321445.1	class C beta-lactamase CMY-65	NA	NA
GCF_036289225.1	NA	NZ_CP137204.1	62219	63361	+	blaCMY-6	extended-spectrum class C beta-lactamase CMY-6	core	AMR	AMR	BETA-LACTAM	CEPHALOSPORIN	ALLELEX	381	381	100.00	100.00	381	WP_015058212.1	extended-spectrum class C beta-lactamase CMY-6	NA	NA
GCF_036289225.1	NA	NZ_CP137204.1	105207	105758	+	aac(6')-Ib3	aminoglycoside N-acetyltransferase AAC(6')-Ib3	core	AMR	AMR	AMINOGLYCOSIDE	AMIKACIN/KANAMYCIN/TOBRAMYCIN	ALLELEX	184	184	100.00	100.00	184	WP_032488579.1	aminoglycoside N-acetyltransferase AAC(6')-Ib3	NA	NA
GCF_036289225.1	NA	NZ_CP137204.1	105930	106274	+	qacEdelta1	quaternary ammonium compound efflux SMR transporter QacE delta 1	core	STRESS	BIOCIDE	QUATERNARY AMMONIUM	QUATERNARY AMMONIUM	ALLELEX	115	115	100.00	100.00	115	WP_000679427.1	quaternary ammonium compound efflux SMR transporter QacE delta 1	NA	NA
GCF_036289225.1	NA	NZ_CP137204.1	106271	107107	+	sul1	sulfonamide-resistant dihydropteroate synthase Sul1	core	AMR	AMR	SULFONAMIDE	SULFONAMIDE	EXACTX	279	279	100.00	100.00	279	WP_000259031.1	sulfonamide-resistant dihydropteroate synthase Sul1	NA	NA
GCF_036289225.1	NA	NZ_CP137204.1	110127	110969	-	rmtC	RmtC family 16S rRNA (guanine(1405)-N(7))-methyltransferase	core	AMR	AMR	AMINOGLYCOSIDE	AMINOGLYCOSIDE	EXACTX	281	281	100.00	100.00	281	WP_000855769.1	RmtC family 16S rRNA (guanine(1405)-N(7))-methyltransferase	NA	NA
GCF_036289225.1	NA	NZ_CP137204.1	112174	112983	+	blaNDM-1	subclass B1 metallo-beta-lactamase NDM-1	core	AMR	AMR	BETA-LACTAM	CARBAPENEM	ALLELEX	270	270	100.00	100.00	270	WP_004201164.1	subclass B1 metallo-beta-lactamase NDM-1	NA	NA
GCF_036289225.1	NA	NZ_CP137204.1	112990	113352	+	ble	bleomycin binding protein Ble-MBL	core	AMR	AMR	BLEOMYCIN	BLEOMYCIN	EXACTX	121	121	100.00	100.00	121	WP_004201167.1	bleomycin binding protein Ble-MBL	NA	NA
GCF_036289245.1	NA	NZ_CP137205.1	17959	18696	-	blaIMP-4	subclass B1 metallo-beta-lactamase IMP-4	core	AMR	AMR	BETA-LACTAM	CARBAPENEM	ALLELEX	246	246	100.00	100.00	246	WP_015060105.1	subclass B1 metallo-beta-lactamase IMP-4	NA	NA
GCF_036289245.1	NA	NZ_CP137206.1	27070	27723	-	qnrS1	quinolone resistance pentapeptide repeat protein QnrS1	core	AMR	AMR	QUINOLONE	QUINOLONE	ALLELEX	218	218	100.00	100.00	218	WP_001516695.1	quinolone resistance pentapeptide repeat protein QnrS1	NA	NA
GCF_036289245.1	NA	NZ_CP137207.1	1561805	1564438	+	gyrA_T83I	Citrobacter freundii quinolone resistant GyrA	core	AMR	POINT	QUINOLONE	QUINOLONE	POINTX	878	878	100.00	99.89	878	WP_003027598.1	DNA gyrase subunit A GyrA	NA	NA
GCF_036289245.1	NA	NZ_CP137207.1	2203893	2204534	-	qnrB35	quinolone resistance pentapeptide repeat protein QnrB35	core	AMR	AMR	QUINOLONE	QUINOLONE	ALLELEX	214	214	100.00	100.00	214	WP_063866049.1	quinolone resistance pentapeptide repeat protein QnrB35	NA	NA
GCF_036289245.1	NA	NZ_CP137207.1	2411001	2412197	-	tet(A)	tetracycline efflux MFS transporter Tet(A)	core	AMR	AMR	TETRACYCLINE	TETRACYCLINE	EXACTX	399	399	100.00	100.00	399	WP_000804064.1	tetracycline efflux MFS transporter Tet(A)	NA	NA
GCF_036289245.1	NA	NZ_CP137207.1	4325880	4327022	+	blaCMY-66	class C beta-lactamase CMY-66	core	AMR	AMR	BETA-LACTAM	CEPHALOSPORIN	ALLELEX	381	381	100.00	100.00	381	WP_063859858.1	class C beta-lactamase CMY-66	NA	NA
GCF_036509015.1	NA	NZ_AP028314.1	1857791	1860424	+	gyrA_T83I	Citrobacter freundii quinolone resistant GyrA	core	AMR	POINT	QUINOLONE	QUINOLONE	POINTX	878	878	100.00	99.89	878	WP_003027598.1	DNA gyrase subunit A GyrA	NA	NA
GCF_036509015.1	NA	NZ_AP028314.1	2427972	2428367	-	fosG	FosG family fosfomycin resistance glutathione transferase	core	AMR	AMR	FOSFOMYCIN	FOSFOMYCIN	BLASTX	132	132	100.00	91.67	132	WP_063851232.1	FosG family fosfomycin resistance glutathione transferase	NA	NA
GCF_036509015.1	NA	NZ_AP028314.1	3946283	3946678	+	fosG	FosG family fosfomycin resistance glutathione transferase	core	AMR	AMR	FOSFOMYCIN	FOSFOMYCIN	BLASTX	132	132	100.00	91.67	132	WP_063851232.1	FosG family fosfomycin resistance glutathione transferase	NA	NA
GCF_036509015.1	NA	NZ_AP028314.1	4887951	4888346	+	fosG	FosG family fosfomycin resistance glutathione transferase	core	AMR	AMR	FOSFOMYCIN	FOSFOMYCIN	BLASTX	132	132	100.00	91.67	132	WP_063851232.1	FosG family fosfomycin resistance glutathione transferase	NA	NA
GCF_036509015.1	NA	NZ_AP028314.1	4932840	4933982	+	blaCMY-51	class C beta-lactamase CMY-51	core	AMR	AMR	BETA-LACTAM	CEPHALOSPORIN	ALLELEX	381	381	100.00	100.00	381	WP_063859847.1	class C beta-lactamase CMY-51	NA	NA
GCF_036509015.1	NA	NZ_AP028316.1	69019	69414	-	fosG	FosG family fosfomycin resistance glutathione transferase	core	AMR	AMR	FOSFOMYCIN	FOSFOMYCIN	BLASTX	132	132	100.00	91.67	132	WP_063851232.1	FosG family fosfomycin resistance glutathione transferase	NA	NA
GCF_036509015.1	NA	NZ_AP028316.1	130418	131290	-	blaCTX-M-2	extended-spectrum class A beta-lactamase CTX-M-2	core	AMR	AMR	BETA-LACTAM	CEPHALOSPORIN	ALLELEX	291	291	100.00	100.00	291	WP_025368620.1	extended-spectrum class A beta-lactamase CTX-M-2	NA	NA
GCF_036509015.1	NA	NZ_AP028316.1	140042	140830	+	aadA2	ANT(3'')-Ia family aminoglycoside nucleotidyltransferase AadA2	core	AMR	AMR	AMINOGLYCOSIDE	STREPTOMYCIN	EXACTX	263	263	100.00	100.00	263	WP_001261740.1	ANT(3'')-Ia family aminoglycoside nucleotidyltransferase AadA2	NA	NA
GCF_036509015.1	NA	NZ_AP028316.1	140919	141467	+	aac(6')-Iae	aminoglycoside 6'-N-acetyltransferase AAC(6')-Iae	core	AMR	AMR	AMINOGLYCOSIDE	AMINOGLYCOSIDE	ALLELEX	183	183	100.00	100.00	183	WP_003159545.1	aminoglycoside 6'-N-acetyltransferase AAC(6')-Iae	NA	NA
GCF_036509015.1	NA	NZ_AP028316.1	141644	141988	+	qacEdelta1	quaternary ammonium compound efflux SMR transporter QacE delta 1	core	STRESS	BIOCIDE	QUATERNARY AMMONIUM	QUATERNARY AMMONIUM	ALLELEX	115	115	100.00	100.00	115	WP_000679427.1	quaternary ammonium compound efflux SMR transporter QacE delta 1	NA	NA
GCF_036509015.1	NA	NZ_AP028316.1	141985	142821	+	sul1	sulfonamide-resistant dihydropteroate synthase Sul1	core	AMR	AMR	SULFONAMIDE	SULFONAMIDE	EXACTX	279	279	100.00	100.00	279	WP_000259031.1	sulfonamide-resistant dihydropteroate synthase Sul1	NA	NA
GCF_036509015.1	NA	NZ_AP028316.1	155193	155915	+	blaKHM-1	subclass B1 metallo-beta-lactamase KHM-1	core	AMR	AMR	BETA-LACTAM	CARBAPENEM	ALLELEX	241	241	100.00	100.00	241	WP_032492430.1	subclass B1 metallo-beta-lactamase KHM-1	NA	NA
GCF_036509175.1	NA	NZ_AP028317.1	1857370	1860003	+	gyrA_T83I	Citrobacter freundii quinolone resistant GyrA	core	AMR	POINT	QUINOLONE	QUINOLONE	POINTX	878	878	100.00	99.89	878	WP_003027598.1	DNA gyrase subunit A GyrA	NA	NA
GCF_036509175.1	NA	NZ_AP028317.1	2422795	2423190	-	fosG	FosG family fosfomycin resistance glutathione transferase	core	AMR	AMR	FOSFOMYCIN	FOSFOMYCIN	BLASTX	132	132	100.00	91.67	132	WP_063851232.1	FosG family fosfomycin resistance glutathione transferase	NA	NA
GCF_036509175.1	NA	NZ_AP028317.1	3977518	3977913	+	fosG	FosG family fosfomycin resistance glutathione transferase	core	AMR	AMR	FOSFOMYCIN	FOSFOMYCIN	BLASTX	132	132	100.00	91.67	132	WP_063851232.1	FosG family fosfomycin resistance glutathione transferase	NA	NA
GCF_036509175.1	NA	NZ_AP028317.1	4921588	4921983	+	fosG	FosG family fosfomycin resistance glutathione transferase	core	AMR	AMR	FOSFOMYCIN	FOSFOMYCIN	BLASTX	132	132	100.00	91.67	132	WP_063851232.1	FosG family fosfomycin resistance glutathione transferase	NA	NA
GCF_036509175.1	NA	NZ_AP028317.1	4966477	4967619	+	blaCMY-51	class C beta-lactamase CMY-51	core	AMR	AMR	BETA-LACTAM	CEPHALOSPORIN	ALLELEX	381	381	100.00	100.00	381	WP_063859847.1	class C beta-lactamase CMY-51	NA	NA
GCF_036509175.1	NA	NZ_AP028319.1	69019	69414	-	fosG	FosG family fosfomycin resistance glutathione transferase	core	AMR	AMR	FOSFOMYCIN	FOSFOMYCIN	BLASTX	132	132	100.00	91.67	132	WP_063851232.1	FosG family fosfomycin resistance glutathione transferase	NA	NA
GCF_036509175.1	NA	NZ_AP028319.1	130418	131290	-	blaCTX-M-2	extended-spectrum class A beta-lactamase CTX-M-2	core	AMR	AMR	BETA-LACTAM	CEPHALOSPORIN	ALLELEX	291	291	100.00	100.00	291	WP_025368620.1	extended-spectrum class A beta-lactamase CTX-M-2	NA	NA
GCF_036509175.1	NA	NZ_AP028319.1	140042	140830	+	aadA2	ANT(3'')-Ia family aminoglycoside nucleotidyltransferase AadA2	core	AMR	AMR	AMINOGLYCOSIDE	STREPTOMYCIN	EXACTX	263	263	100.00	100.00	263	WP_001261740.1	ANT(3'')-Ia family aminoglycoside nucleotidyltransferase AadA2	NA	NA
GCF_036509175.1	NA	NZ_AP028319.1	140919	141467	+	aac(6')-Iae	aminoglycoside 6'-N-acetyltransferase AAC(6')-Iae	core	AMR	AMR	AMINOGLYCOSIDE	AMINOGLYCOSIDE	ALLELEX	183	183	100.00	100.00	183	WP_003159545.1	aminoglycoside 6'-N-acetyltransferase AAC(6')-Iae	NA	NA
GCF_036509175.1	NA	NZ_AP028319.1	141644	141988	+	qacEdelta1	quaternary ammonium compound efflux SMR transporter QacE delta 1	core	STRESS	BIOCIDE	QUATERNARY AMMONIUM	QUATERNARY AMMONIUM	ALLELEX	115	115	100.00	100.00	115	WP_000679427.1	quaternary ammonium compound efflux SMR transporter QacE delta 1	NA	NA
GCF_036509175.1	NA	NZ_AP028319.1	141985	142821	+	sul1	sulfonamide-resistant dihydropteroate synthase Sul1	core	AMR	AMR	SULFONAMIDE	SULFONAMIDE	EXACTX	279	279	100.00	100.00	279	WP_000259031.1	sulfonamide-resistant dihydropteroate synthase Sul1	NA	NA
GCF_036509175.1	NA	NZ_AP028319.1	155193	155915	+	blaKHM-1	subclass B1 metallo-beta-lactamase KHM-1	core	AMR	AMR	BETA-LACTAM	CARBAPENEM	ALLELEX	241	241	100.00	100.00	241	WP_032492430.1	subclass B1 metallo-beta-lactamase KHM-1	NA	NA
GCF_036687445.1	NA	NZ_CP144725.1	1710010	1712643	+	gyrA_T83I	Citrobacter freundii quinolone resistant GyrA	core	AMR	POINT	QUINOLONE	QUINOLONE	POINTX	878	878	100.00	99.77	878	WP_003027598.1	DNA gyrase subunit A GyrA	NA	NA
GCF_036687445.1	NA	NZ_CP144725.1	2942122	2942568	+	aac(6')-If	aminoglycoside N-acetyltransferase AAC(6')-If	core	AMR	AMR	AMINOGLYCOSIDE	AMIKACIN/KANAMYCIN/TOBRAMYCIN	EXACTX	149	149	100.00	100.00	149	WP_071593229.1	aminoglycoside N-acetyltransferase AAC(6')-If	NA	NA
GCF_036687445.1	NA	NZ_CP144725.1	3260859	3261731	+	blaCTX-M-15	extended-spectrum class A beta-lactamase CTX-M-15	core	AMR	AMR	BETA-LACTAM	CEPHALOSPORIN	ALLELEX	291	291	100.00	100.00	291	WP_000239590.1	extended-spectrum class A beta-lactamase CTX-M-15	NA	NA
GCF_036687445.1	NA	NZ_CP144725.1	3266891	3267748	-	aac(3)-IIe	aminoglycoside N-acetyltransferase AAC(3)-IIe	core	AMR	AMR	AMINOGLYCOSIDE	GENTAMICIN	EXACTX	286	286	100.00	100.00	286	WP_000557452.1	aminoglycoside N-acetyltransferase AAC(3)-IIe	NA	NA
GCF_036687445.1	NA	NZ_CP144725.1	3268613	3269053	-	catB3	type B-3 chloramphenicol O-acetyltransferase CatB3	core	AMR	AMR	PHENICOL	CHLORAMPHENICOL	PARTIALX	147	210	70.00	100.00	147	WP_000186237.1	type B-3 chloramphenicol O-acetyltransferase CatB3	NA	NA
GCF_036687445.1	NA	NZ_CP144725.1	3269194	3270021	-	blaOXA-1	oxacillin-hydrolyzing class D beta-lactamase OXA-1	core	AMR	AMR	BETA-LACTAM	CEPHALOSPORIN	ALLELEX	276	276	100.00	100.00	276	WP_001334766.1	oxacillin-hydrolyzing class D beta-lactamase OXA-1	NA	NA
GCF_036687445.1	NA	NZ_CP144725.1	3270155	3270706	-	aac(6')-Ib-cr5	fluoroquinolone-acetylating aminoglycoside 6'-N-acetyltransferase AAC(6')-Ib-cr5	core	AMR	AMR	AMINOGLYCOSIDE/QUINOLONE	AMIKACIN/KANAMYCIN/QUINOLONE/TOBRAMYCIN	ALLELEX	184	184	100.00	100.00	184	WP_063840321.1	fluoroquinolone-acetylating aminoglycoside 6'-N-acetyltransferase AAC(6')-Ib-cr5	NA	NA
GCF_036687445.1	NA	NZ_CP144725.1	4555976	4557118	+	blaCMY-181	class C beta-lactamase CMY-181	core	AMR	AMR	BETA-LACTAM	CEPHALOSPORIN	ALLELEX	381	381	100.00	100.00	381	WP_134216345.1	class C beta-lactamase CMY-181	NA	NA
GCF_036687445.1	NA	NZ_CP144726.1	18454	19248	-	blaOXA-48	OXA-48 family carbapenem-hydrolyzing class D beta-lactamase OXA-48	core	AMR	AMR	BETA-LACTAM	CARBAPENEM	ALLELEX	265	265	100.00	100.00	265	WP_015059991.1	OXA-48 family carbapenem-hydrolyzing class D beta-lactamase OXA-48	NA	NA
GCF_036884505.1	NA	NZ_CP145665.1	3451633	3454266	-	gyrA_T83I	Citrobacter freundii quinolone resistant GyrA	core	AMR	POINT	QUINOLONE	QUINOLONE	POINTX	878	878	100.00	99.89	878	WP_003027598.1	DNA gyrase subunit A GyrA	NA	NA
GCF_036884505.1	NA	NZ_CP145665.1	3925212	3926414	-	tet(B)	tetracycline efflux MFS transporter Tet(B)	core	AMR	AMR	TETRACYCLINE	TETRACYCLINE	EXACTX	401	401	100.00	100.00	401	WP_001089072.1	tetracycline efflux MFS transporter Tet(B)	NA	NA
GCF_036884505.1	NA	NZ_CP145665.1	4479397	4480539	+	blaCMY-48	class C beta-lactamase CMY-48	core	AMR	AMR	BETA-LACTAM	CEPHALOSPORIN	ALLELEX	381	381	100.00	100.00	381	WP_044699195.1	class C beta-lactamase CMY-48	NA	NA
GCF_036884505.1	NA	NZ_CP145666.1	15035	15892	+	aac(3)-IIe	aminoglycoside N-acetyltransferase AAC(3)-IIe	core	AMR	AMR	AMINOGLYCOSIDE	GENTAMICIN	EXACTX	286	286	100.00	100.00	286	WP_000557452.1	aminoglycoside N-acetyltransferase AAC(3)-IIe	NA	NA
GCF_036884505.1	NA	NZ_CP145666.1	18734	19147	+	fosA3	fosfomycin resistance glutathione transferase FosA3	core	AMR	AMR	FOSFOMYCIN	FOSFOMYCIN	ALLELEX	138	138	100.00	100.00	138	WP_014839980.1	fosfomycin resistance glutathione transferase FosA3	NA	NA
GCF_036884505.1	NA	NZ_CP145666.1	27774	28646	+	blaCTX-M-3	extended-spectrum class A beta-lactamase CTX-M-3	core	AMR	AMR	BETA-LACTAM	CEPHALOSPORIN	ALLELEX	291	291	100.00	100.00	291	WP_011091028.1	extended-spectrum class A beta-lactamase CTX-M-3	NA	NA
GCF_036884505.1	NA	NZ_CP145666.1	35406	35957	+	aac(6')-Ib-cr5	fluoroquinolone-acetylating aminoglycoside 6'-N-acetyltransferase AAC(6')-Ib-cr5	core	AMR	AMR	AMINOGLYCOSIDE/QUINOLONE	AMIKACIN/KANAMYCIN/QUINOLONE/TOBRAMYCIN	ALLELEX	184	184	100.00	100.00	184	WP_063840321.1	fluoroquinolone-acetylating aminoglycoside 6'-N-acetyltransferase AAC(6')-Ib-cr5	NA	NA
GCF_036884505.1	NA	NZ_CP145666.1	36091	36918	+	blaOXA-1	oxacillin-hydrolyzing class D beta-lactamase OXA-1	core	AMR	AMR	BETA-LACTAM	CEPHALOSPORIN	ALLELEX	276	276	100.00	100.00	276	WP_001334766.1	oxacillin-hydrolyzing class D beta-lactamase OXA-1	NA	NA
GCF_036884505.1	NA	NZ_CP145666.1	37059	37688	+	catB3	type B-3 chloramphenicol O-acetyltransferase CatB3	core	AMR	AMR	PHENICOL	CHLORAMPHENICOL	EXACTX	210	210	100.00	100.00	210	WP_000186237.1	type B-3 chloramphenicol O-acetyltransferase CatB3	NA	NA
GCF_036884505.1	NA	NZ_CP145666.1	37776	38225	+	arr-3	NAD(+)--rifampin ADP-ribosyltransferase Arr-3	core	AMR	AMR	RIFAMYCIN	RIFAMYCIN	EXACTX	150	150	100.00	100.00	150	WP_001749986.1	NAD(+)--rifampin ADP-ribosyltransferase Arr-3	NA	NA
GCF_036884505.1	NA	NZ_CP145666.1	38451	38795	+	qacEdelta1	quaternary ammonium compound efflux SMR transporter QacE delta 1	core	STRESS	BIOCIDE	QUATERNARY AMMONIUM	QUATERNARY AMMONIUM	ALLELEX	115	115	100.00	100.00	115	WP_000679427.1	quaternary ammonium compound efflux SMR transporter QacE delta 1	NA	NA
GCF_036884505.1	NA	NZ_CP145666.1	38792	39628	+	sul1	sulfonamide-resistant dihydropteroate synthase Sul1	core	AMR	AMR	SULFONAMIDE	SULFONAMIDE	EXACTX	279	279	100.00	100.00	279	WP_000259031.1	sulfonamide-resistant dihydropteroate synthase Sul1	NA	NA
GCF_036884505.1	NA	NZ_CP145666.1	42583	43149	+	dfrA19	trimethoprim-resistant dihydrofolate reductase DfrA19	core	AMR	AMR	TRIMETHOPRIM	TRIMETHOPRIM	BLASTX	189	189	100.00	98.41	189	WP_000019304.1	trimethoprim-resistant dihydrofolate reductase DfrA19	NA	NA
GCF_036884505.1	NA	NZ_CP145666.1	43854	44642	+	aadA2	ANT(3'')-Ia family aminoglycoside nucleotidyltransferase AadA2	core	AMR	AMR	AMINOGLYCOSIDE	STREPTOMYCIN	EXACTX	263	263	100.00	100.00	263	WP_001261740.1	ANT(3'')-Ia family aminoglycoside nucleotidyltransferase AadA2	NA	NA
GCF_036884505.1	NA	NZ_CP145666.1	44907	46163	+	cmlA1	chloramphenicol efflux MFS transporter CmlA1	core	AMR	AMR	PHENICOL	CHLORAMPHENICOL	EXACTX	419	419	100.00	100.00	419	WP_000095725.1	chloramphenicol efflux MFS transporter CmlA1	NA	NA
GCF_036884505.1	NA	NZ_CP145666.1	46325	47548	+	ere(A)	EreA family erythromycin esterase	core	AMR	AMR	MACROLIDE	ERYTHROMYCIN	EXACTX	408	408	100.00	100.00	408	WP_021566672.1	EreA family erythromycin esterase	NA	NA
GCF_036884505.1	NA	NZ_CP145666.1	47734	48078	+	qacEdelta1	quaternary ammonium compound efflux SMR transporter QacE delta 1	core	STRESS	BIOCIDE	QUATERNARY AMMONIUM	QUATERNARY AMMONIUM	ALLELEX	115	115	100.00	100.00	115	WP_000679427.1	quaternary ammonium compound efflux SMR transporter QacE delta 1	NA	NA
GCF_036884505.1	NA	NZ_CP145666.1	48075	48911	+	sul1	sulfonamide-resistant dihydropteroate synthase Sul1	core	AMR	AMR	SULFONAMIDE	SULFONAMIDE	EXACTX	279	279	100.00	100.00	279	WP_000259031.1	sulfonamide-resistant dihydropteroate synthase Sul1	NA	NA
GCF_036884505.1	NA	NZ_CP145666.1	51748	52605	-	blaTEM-1	broad-spectrum class A beta-lactamase TEM-1	core	AMR	AMR	BETA-LACTAM	BETA-LACTAM	ALLELEX	286	286	100.00	100.00	286	WP_000027057.1	broad-spectrum class A beta-lactamase TEM-1	NA	NA
GCF_036884505.1	NA	NZ_CP145666.1	56563	57744	-	tet(D)	tetracycline efflux MFS transporter Tet(D)	core	AMR	AMR	TETRACYCLINE	TETRACYCLINE	EXACTX	394	394	100.00	100.00	394	WP_001039466.1	tetracycline efflux MFS transporter Tet(D)	NA	NA
GCF_037820925.1	NA	NZ_CP149135.1	446944	448086	-	blaCMY-72	class C beta-lactamase CMY-72	core	AMR	AMR	BETA-LACTAM	CEPHALOSPORIN	ALLELEX	381	381	100.00	100.00	381	WP_032939209.1	class C beta-lactamase CMY-72	NA	NA
GCF_038018215.1	NA	NZ_CP150622.1	1724226	1726859	+	gyrA_T83I	Citrobacter freundii quinolone resistant GyrA	core	AMR	POINT	QUINOLONE	QUINOLONE	POINTX	878	878	100.00	99.89	878	WP_003027598.1	DNA gyrase subunit A GyrA	NA	NA
GCF_038018215.1	NA	NZ_CP150622.1	4401105	4402247	+	blaCMY-181	class C beta-lactamase CMY-181	core	AMR	AMR	BETA-LACTAM	CEPHALOSPORIN	ALLELEX	381	381	100.00	100.00	381	WP_134216345.1	class C beta-lactamase CMY-181	NA	NA
GCF_038018215.1	NA	NZ_CP150623.1	250915	252096	-	tet(D)	tetracycline efflux MFS transporter Tet(D)	core	AMR	AMR	TETRACYCLINE	TETRACYCLINE	EXACTX	394	394	100.00	100.00	394	WP_001039466.1	tetracycline efflux MFS transporter Tet(D)	NA	NA
GCF_038018215.1	NA	NZ_CP150623.1	253711	254349	-	catA2	type A-2 chloramphenicol O-acetyltransferase CatII	core	AMR	AMR	PHENICOL	CHLORAMPHENICOL	EXACTX	213	213	100.00	100.00	213	WP_001011939.1	type A-2 chloramphenicol O-acetyltransferase CatII	NA	NA
GCF_038018215.1	NA	NZ_CP150623.1	263960	264511	+	aac(6')-Ib3	aminoglycoside N-acetyltransferase AAC(6')-Ib3	core	AMR	AMR	AMINOGLYCOSIDE	AMIKACIN/KANAMYCIN/TOBRAMYCIN	ALLELEX	184	184	100.00	100.00	184	WP_032488579.1	aminoglycoside N-acetyltransferase AAC(6')-Ib3	NA	NA
GCF_038018215.1	NA	NZ_CP150623.1	267978	268835	+	blaSHV-12	extended-spectrum class A beta-lactamase SHV-12	core	AMR	AMR	BETA-LACTAM	CEFIDEROCOL/CEPHALOSPORIN	ALLELEX	286	286	100.00	100.00	286	WP_002904004.1	extended-spectrum class A beta-lactamase SHV-12	NA	NA
GCF_038018215.1	NA	NZ_CP150623.1	324594	325172	+	aac(6')-IIc	aminoglycoside N-acetyltransferase AAC(6')-IIc	core	AMR	AMR	AMINOGLYCOSIDE	GENTAMICIN/KANAMYCIN/TOBRAMYCIN	EXACTX	193	193	100.00	100.00	193	WP_012695484.1	aminoglycoside N-acetyltransferase AAC(6')-IIc	NA	NA
GCF_038018215.1	NA	NZ_CP150623.1	327260	328066	+	aac(3)-IIg	aminoglycoside N-acetyltransferase AAC(3)-IIg	core	AMR	AMR	AMINOGLYCOSIDE	GENTAMICIN	EXACTX	269	269	100.00	100.00	269	WP_012695485.1	aminoglycoside N-acetyltransferase AAC(3)-IIg	NA	NA
GCF_038018215.1	NA	NZ_CP150623.1	328197	328607	+	arr	NAD(+)--rifampin ADP-ribosyltransferase	core	AMR	AMR	RIFAMYCIN	RIFAMYCIN	EXACTX	137	137	100.00	100.00	137	WP_012695486.1	NAD(+)--rifampin ADP-ribosyltransferase	NA	NA
GCF_038018215.1	NA	NZ_CP150623.1	329491	330528	+	ere(A)	EreA family erythromycin esterase	core	AMR	AMR	MACROLIDE	ERYTHROMYCIN	PARTIALX	346	408	84.80	100.00	346	WP_021566672.1	EreA family erythromycin esterase	NA	NA
GCF_038018215.1	NA	NZ_CP150623.1	330714	331058	+	qacEdelta1	quaternary ammonium compound efflux SMR transporter QacE delta 1	core	STRESS	BIOCIDE	QUATERNARY AMMONIUM	QUATERNARY AMMONIUM	ALLELEX	115	115	100.00	100.00	115	WP_000679427.1	quaternary ammonium compound efflux SMR transporter QacE delta 1	NA	NA
GCF_038018215.1	NA	NZ_CP150623.1	331055	331891	+	sul1	sulfonamide-resistant dihydropteroate synthase Sul1	core	AMR	AMR	SULFONAMIDE	SULFONAMIDE	EXACTX	279	279	100.00	100.00	279	WP_000259031.1	sulfonamide-resistant dihydropteroate synthase Sul1	NA	NA
GCF_038018215.1	NA	NZ_CP150624.1	104814	105284	+	dfrA14	trimethoprim-resistant dihydrofolate reductase DfrA14	core	AMR	AMR	TRIMETHOPRIM	TRIMETHOPRIM	EXACTX	157	157	100.00	100.00	157	WP_004201280.1	trimethoprim-resistant dihydrofolate reductase DfrA14	NA	NA
GCF_038018215.1	NA	NZ_CP150624.1	107761	108996	-	mrx(A)	phosphorylated macrolide efflux MFS transporter Mrx(A)	core	AMR	AMR	MACROLIDE	AZITHROMYCIN/ERYTHROMYCIN/SPIRAMYCIN/TELITHROMYCIN	EXACTX	412	412	100.00	100.00	412	WP_000004159.1	phosphorylated macrolide efflux MFS transporter Mrx(A)	NA	NA
GCF_038018215.1	NA	NZ_CP150624.1	108996	109898	-	mph(A)	Mph(A) family macrolide 2'-phosphotransferase	core	AMR	AMR	MACROLIDE	AZITHROMYCIN/ERYTHROMYCIN/SPIRAMYCIN/TELITHROMYCIN	EXACTX	301	301	100.00	100.00	301	WP_000219391.1	Mph(A) family macrolide 2'-phosphotransferase	NA	NA
GCF_038018215.1	NA	NZ_CP150624.1	112334	113131	+	blaVIM-1	subclass B1 metallo-beta-lactamase VIM-1	core	AMR	AMR	BETA-LACTAM	CARBAPENEM	ALLELEX	266	266	100.00	100.00	266	WP_013263789.1	subclass B1 metallo-beta-lactamase VIM-1	NA	NA
GCF_038018215.1	NA	NZ_CP150624.1	113242	113793	+	aac(6')-Ib4	aminoglycoside N-acetyltransferase AAC(6')-Ib4	core	AMR	AMR	AMINOGLYCOSIDE	GENTAMICIN	ALLELEX	184	184	100.00	100.00	184	WP_003159191.1	aminoglycoside N-acetyltransferase AAC(6')-Ib4	NA	NA
GCF_038018215.1	NA	NZ_CP150624.1	113867	114658	+	aph(3')-XV	aminoglycoside O-phosphotransferase APH(3')-XV	core	AMR	AMR	AMINOGLYCOSIDE	AMIKACIN/KANAMYCIN	EXACTX	264	264	100.00	100.00	264	WP_019407932.1	aminoglycoside O-phosphotransferase APH(3')-XV	NA	NA
GCF_038018215.1	NA	NZ_CP150624.1	114778	115566	+	aadA1	ANT(3'')-Ia family aminoglycoside nucleotidyltransferase AadA1	core	AMR	AMR	AMINOGLYCOSIDE	STREPTOMYCIN	EXACTX	263	263	100.00	100.00	263	WP_001206317.1	ANT(3'')-Ia family aminoglycoside nucleotidyltransferase AadA1	NA	NA
GCF_038018215.1	NA	NZ_CP150624.1	115622	116251	+	catB2	type B-2 chloramphenicol O-acetyltransferase CatB2	core	AMR	AMR	PHENICOL	CHLORAMPHENICOL	EXACTX	210	210	100.00	100.00	210	WP_012477387.1	type B-2 chloramphenicol O-acetyltransferase CatB2	NA	NA
GCF_038018215.1	NA	NZ_CP150624.1	116423	116767	+	qacEdelta1	quaternary ammonium compound efflux SMR transporter QacE delta 1	core	STRESS	BIOCIDE	QUATERNARY AMMONIUM	QUATERNARY AMMONIUM	ALLELEX	115	115	100.00	100.00	115	WP_000679427.1	quaternary ammonium compound efflux SMR transporter QacE delta 1	NA	NA
GCF_038018215.1	NA	NZ_CP150624.1	116764	117600	+	sul1	sulfonamide-resistant dihydropteroate synthase Sul1	core	AMR	AMR	SULFONAMIDE	SULFONAMIDE	EXACTX	279	279	100.00	100.00	279	WP_000259031.1	sulfonamide-resistant dihydropteroate synthase Sul1	NA	NA
GCF_038018215.1	NA	NZ_CP150625.1	94548	95099	+	aac(6')-Ib-cr5	fluoroquinolone-acetylating aminoglycoside 6'-N-acetyltransferase AAC(6')-Ib-cr5	core	AMR	AMR	AMINOGLYCOSIDE/QUINOLONE	AMIKACIN/KANAMYCIN/QUINOLONE/TOBRAMYCIN	ALLELEX	184	184	100.00	100.00	184	WP_063840321.1	fluoroquinolone-acetylating aminoglycoside 6'-N-acetyltransferase AAC(6')-Ib-cr5	NA	NA
GCF_038018215.1	NA	NZ_CP150625.1	95233	96060	+	blaOXA-1	oxacillin-hydrolyzing class D beta-lactamase OXA-1	core	AMR	AMR	BETA-LACTAM	CEPHALOSPORIN	ALLELEX	276	276	100.00	100.00	276	WP_001334766.1	oxacillin-hydrolyzing class D beta-lactamase OXA-1	NA	NA
GCF_038018215.1	NA	NZ_CP150625.1	96201	96830	+	catB3	type B-3 chloramphenicol O-acetyltransferase CatB3	core	AMR	AMR	PHENICOL	CHLORAMPHENICOL	EXACTX	210	210	100.00	100.00	210	WP_000186237.1	type B-3 chloramphenicol O-acetyltransferase CatB3	NA	NA
GCF_038018215.1	NA	NZ_CP150625.1	96918	97367	+	arr-3	NAD(+)--rifampin ADP-ribosyltransferase Arr-3	core	AMR	AMR	RIFAMYCIN	RIFAMYCIN	EXACTX	150	150	100.00	100.00	150	WP_001749986.1	NAD(+)--rifampin ADP-ribosyltransferase Arr-3	NA	NA
GCF_038018215.1	NA	NZ_CP150625.1	97593	97937	+	qacEdelta1	quaternary ammonium compound efflux SMR transporter QacE delta 1	core	STRESS	BIOCIDE	QUATERNARY AMMONIUM	QUATERNARY AMMONIUM	ALLELEX	115	115	100.00	100.00	115	WP_000679427.1	quaternary ammonium compound efflux SMR transporter QacE delta 1	NA	NA
GCF_038018215.1	NA	NZ_CP150625.1	97934	98770	+	sul1	sulfonamide-resistant dihydropteroate synthase Sul1	core	AMR	AMR	SULFONAMIDE	SULFONAMIDE	EXACTX	279	279	100.00	100.00	279	WP_000259031.1	sulfonamide-resistant dihydropteroate synthase Sul1	NA	NA
GCF_038018215.1	NA	NZ_CP150625.1	100976	101629	+	qnrA1	quinolone resistance pentapeptide repeat protein QnrA1	core	AMR	AMR	QUINOLONE	QUINOLONE	ALLELEX	218	218	100.00	100.00	218	WP_012579084.1	quinolone resistance pentapeptide repeat protein QnrA1	NA	NA
GCF_038018215.1	NA	NZ_CP150625.1	103003	103287	+	qacE	quaternary ammonium compound efflux SMR transporter QacE	core	STRESS	BIOCIDE	QUATERNARY AMMONIUM	QUATERNARY AMMONIUM	PARTIALX	95	115	82.61	95.79	95	WP_000679427.1	quaternary ammonium compound efflux SMR transporter QacE delta 1	NA	NA
GCF_038018215.1	NA	NZ_CP150625.1	103284	104120	+	sul1	sulfonamide-resistant dihydropteroate synthase Sul1	core	AMR	AMR	SULFONAMIDE	SULFONAMIDE	EXACTX	279	279	100.00	100.00	279	WP_000259031.1	sulfonamide-resistant dihydropteroate synthase Sul1	NA	NA
GCF_038018215.1	NA	NZ_CP150626.1	15691	16500	+	blaNDM-1	subclass B1 metallo-beta-lactamase NDM-1	core	AMR	AMR	BETA-LACTAM	CARBAPENEM	ALLELEX	270	270	100.00	100.00	270	WP_004201164.1	subclass B1 metallo-beta-lactamase NDM-1	NA	NA
GCF_038018215.1	NA	NZ_CP150626.1	16507	16869	+	ble	bleomycin binding protein Ble-MBL	core	AMR	AMR	BLEOMYCIN	BLEOMYCIN	EXACTX	121	121	100.00	100.00	121	WP_004201167.1	bleomycin binding protein Ble-MBL	NA	NA
GCF_038180105.1	NA	NZ_CP151202.1	1618916	1621549	+	gyrA_T83I	Citrobacter freundii quinolone resistant GyrA	core	AMR	POINT	QUINOLONE	QUINOLONE	POINTX	878	878	100.00	99.89	878	WP_003027598.1	DNA gyrase subunit A GyrA	NA	NA
GCF_038180105.1	NA	NZ_CP151202.1	2269731	2270372	-	qnrB38	quinolone resistance pentapeptide repeat protein QnrB38	core	AMR	AMR	QUINOLONE	QUINOLONE	ALLELEX	214	214	100.00	100.00	214	WP_003020537.1	quinolone resistance pentapeptide repeat protein QnrB38	NA	NA
GCF_038180105.1	NA	NZ_CP151202.1	2958087	2958533	+	aac(6')-If	aminoglycoside N-acetyltransferase AAC(6')-If	core	AMR	AMR	AMINOGLYCOSIDE	AMIKACIN/KANAMYCIN/TOBRAMYCIN	EXACTX	149	149	100.00	100.00	149	WP_048233550.1	aminoglycoside N-acetyltransferase AAC(6')-If	NA	NA
GCF_038180105.1	NA	NZ_CP151202.1	4438256	4439398	+	blaCMY	CMY-2 family class C beta-lactamase	core	AMR	AMR	BETA-LACTAM	CEPHALOSPORIN	BLASTX	381	381	100.00	99.74	381	WP_008321445.1	class C beta-lactamase CMY-65	NA	NA
GCF_038180105.1	NA	NZ_CP151203.1	43042	43899	-	blaSHV-12	extended-spectrum class A beta-lactamase SHV-12	core	AMR	AMR	BETA-LACTAM	CEFIDEROCOL/CEPHALOSPORIN	ALLELEX	286	286	100.00	100.00	286	WP_002904004.1	extended-spectrum class A beta-lactamase SHV-12	NA	NA
GCF_038180105.1	NA	NZ_CP151204.1	96540	97352	+	sul2	sulfonamide-resistant dihydropteroate synthase Sul2	core	AMR	AMR	SULFONAMIDE	SULFONAMIDE	EXACTX	271	271	100.00	100.00	271	WP_001043260.1	sulfonamide-resistant dihydropteroate synthase Sul2	NA	NA
GCF_038180105.1	NA	NZ_CP151204.1	97416	98216	+	aph(3'')-Ib	aminoglycoside O-phosphotransferase APH(3'')-Ib	core	AMR	AMR	AMINOGLYCOSIDE	STREPTOMYCIN	EXACTX	267	267	100.00	100.00	267	WP_001082319.1	aminoglycoside O-phosphotransferase APH(3'')-Ib	NA	NA
GCF_038180105.1	NA	NZ_CP151204.1	98219	99052	+	aph(6)-Id	aminoglycoside O-phosphotransferase APH(6)-Id	core	AMR	AMR	AMINOGLYCOSIDE	STREPTOMYCIN	EXACTX	278	278	100.00	100.00	278	WP_000480968.1	aminoglycoside O-phosphotransferase APH(6)-Id	NA	NA
GCF_038180105.1	NA	NZ_CP151204.1	99779	100636	-	blaTEM-1	broad-spectrum class A beta-lactamase TEM-1	core	AMR	AMR	BETA-LACTAM	BETA-LACTAM	ALLELEX	286	286	100.00	100.00	286	WP_000027057.1	broad-spectrum class A beta-lactamase TEM-1	NA	NA
GCF_038180105.1	NA	NZ_CP151204.1	103458	104330	+	blaCTX-M-15	extended-spectrum class A beta-lactamase CTX-M-15	core	AMR	AMR	BETA-LACTAM	CEPHALOSPORIN	ALLELEX	291	291	100.00	100.00	291	WP_000239590.1	extended-spectrum class A beta-lactamase CTX-M-15	NA	NA
GCF_038180105.1	NA	NZ_CP151204.1	112953	113423	-	dfrA14	trimethoprim-resistant dihydrofolate reductase DfrA14	core	AMR	AMR	TRIMETHOPRIM	TRIMETHOPRIM	EXACTX	157	157	100.00	100.00	157	WP_004201280.1	trimethoprim-resistant dihydrofolate reductase DfrA14	NA	NA
GCF_038180105.1	NA	NZ_CP151204.1	116267	116908	-	qnrB1	quinolone resistance pentapeptide repeat protein QnrB1	core	AMR	AMR	QUINOLONE	QUINOLONE	ALLELEX	214	214	100.00	100.00	214	WP_014386481.1	quinolone resistance pentapeptide repeat protein QnrB1	NA	NA
GCF_038180105.1	NA	NZ_CP151204.1	126466	127662	-	tet(A)	tetracycline efflux MFS transporter Tet(A)	core	AMR	AMR	TETRACYCLINE	TETRACYCLINE	EXACTX	399	399	100.00	100.00	399	WP_000804064.1	tetracycline efflux MFS transporter Tet(A)	NA	NA
GCF_038180105.1	NA	NZ_CP151204.1	131162	131713	+	aac(6')-Ib-cr5	fluoroquinolone-acetylating aminoglycoside 6'-N-acetyltransferase AAC(6')-Ib-cr5	core	AMR	AMR	AMINOGLYCOSIDE/QUINOLONE	AMIKACIN/KANAMYCIN/QUINOLONE/TOBRAMYCIN	ALLELEX	184	184	100.00	100.00	184	WP_063840321.1	fluoroquinolone-acetylating aminoglycoside 6'-N-acetyltransferase AAC(6')-Ib-cr5	NA	NA
GCF_038180105.1	NA	NZ_CP151204.1	131847	132674	+	blaOXA-1	oxacillin-hydrolyzing class D beta-lactamase OXA-1	core	AMR	AMR	BETA-LACTAM	CEPHALOSPORIN	ALLELEX	276	276	100.00	100.00	276	WP_001334766.1	oxacillin-hydrolyzing class D beta-lactamase OXA-1	NA	NA
GCF_038180105.1	NA	NZ_CP151204.1	132815	133255	+	catB3	type B-3 chloramphenicol O-acetyltransferase CatB3	core	AMR	AMR	PHENICOL	CHLORAMPHENICOL	PARTIALX	147	210	70.00	100.00	147	WP_000186237.1	type B-3 chloramphenicol O-acetyltransferase CatB3	NA	NA
GCF_038180105.1	NA	NZ_CP151205.1	31818	32675	+	blaSHV-12	extended-spectrum class A beta-lactamase SHV-12	core	AMR	AMR	BETA-LACTAM	CEFIDEROCOL/CEPHALOSPORIN	ALLELEX	286	286	100.00	100.00	286	WP_002904004.1	extended-spectrum class A beta-lactamase SHV-12	NA	NA
GCF_038180105.1	NA	NZ_CP151205.1	46473	47285	+	sul2	sulfonamide-resistant dihydropteroate synthase Sul2	core	AMR	AMR	SULFONAMIDE	SULFONAMIDE	EXACTX	271	271	100.00	100.00	271	WP_001043260.1	sulfonamide-resistant dihydropteroate synthase Sul2	NA	NA
GCF_038180105.1	NA	NZ_CP151205.1	49794	51005	-	floR	chloramphenicol/florfenicol efflux MFS transporter FloR	core	AMR	AMR	PHENICOL	CHLORAMPHENICOL/FLORFENICOL	EXACTX	404	404	100.00	100.00	404	WP_000214119.1	chloramphenicol/florfenicol efflux MFS transporter FloR	NA	NA
GCF_038180105.1	NA	NZ_CP151205.1	55314	55865	-	aac(6')-Ib3	aminoglycoside N-acetyltransferase AAC(6')-Ib3	core	AMR	AMR	AMINOGLYCOSIDE	AMIKACIN/KANAMYCIN/TOBRAMYCIN	ALLELEX	184	184	100.00	100.00	184	WP_032488579.1	aminoglycoside N-acetyltransferase AAC(6')-Ib3	NA	NA
GCF_038180105.1	NA	NZ_CP151205.1	58621	59802	+	tet(D)	tetracycline efflux MFS transporter Tet(D)	core	AMR	AMR	TETRACYCLINE	TETRACYCLINE	EXACTX	394	394	100.00	100.00	394	WP_001039466.1	tetracycline efflux MFS transporter Tet(D)	NA	NA
GCF_038180105.1	NA	NZ_CP151205.1	64609	65250	+	qnrB4	quinolone resistance pentapeptide repeat protein QnrB4	core	AMR	AMR	QUINOLONE	QUINOLONE	ALLELEX	214	214	100.00	100.00	214	WP_017900990.1	quinolone resistance pentapeptide repeat protein QnrB4	NA	NA
GCF_038180105.1	NA	NZ_CP151205.1	68509	69645	-	blaDHA-1	extended-spectrum class C beta-lactamase DHA-1	core	AMR	AMR	BETA-LACTAM	CEPHALOSPORIN	ALLELEX	379	379	100.00	100.00	379	WP_004236386.1	extended-spectrum class C beta-lactamase DHA-1	NA	NA
GCF_038180105.1	NA	NZ_CP151205.1	70941	71225	+	qacE	quaternary ammonium compound efflux SMR transporter QacE	core	STRESS	BIOCIDE	QUATERNARY AMMONIUM	QUATERNARY AMMONIUM	PARTIALX	95	115	82.61	95.79	95	WP_000679427.1	quaternary ammonium compound efflux SMR transporter QacE delta 1	NA	NA
GCF_038180105.1	NA	NZ_CP151205.1	71222	72058	+	sul1	sulfonamide-resistant dihydropteroate synthase Sul1	core	AMR	AMR	SULFONAMIDE	SULFONAMIDE	EXACTX	279	279	100.00	100.00	279	WP_000259031.1	sulfonamide-resistant dihydropteroate synthase Sul1	NA	NA
GCF_038180105.1	NA	NZ_CP151206.1	38880	39737	-	blaSHV-12	extended-spectrum class A beta-lactamase SHV-12	core	AMR	AMR	BETA-LACTAM	CEFIDEROCOL/CEPHALOSPORIN	ALLELEX	286	286	100.00	100.00	286	WP_002904004.1	extended-spectrum class A beta-lactamase SHV-12	NA	NA
GCF_038180105.1	NA	NZ_CP151207.1	28778	29656	-	blaKPC-2	carbapenem-hydrolyzing class A beta-lactamase KPC-2	core	AMR	AMR	BETA-LACTAM	CARBAPENEM	ALLELEX	293	293	100.00	100.00	293	WP_004199234.1	carbapenem-hydrolyzing class A beta-lactamase KPC-2	NA	NA
GCF_038452245.1	NA	NZ_CP151860.1	72255	73397	-	blaCMY-181	class C beta-lactamase CMY-181	core	AMR	AMR	BETA-LACTAM	CEPHALOSPORIN	ALLELEX	381	381	100.00	100.00	381	WP_134216345.1	class C beta-lactamase CMY-181	NA	NA
GCF_038452245.1	NA	NZ_CP151860.1	2985495	2988128	-	gyrA_T83I	Citrobacter freundii quinolone resistant GyrA	core	AMR	POINT	QUINOLONE	QUINOLONE	POINTX	878	878	100.00	99.89	878	WP_003027598.1	DNA gyrase subunit A GyrA	NA	NA
GCF_038452245.1	NA	NZ_CP151861.1	218681	219559	+	blaKPC-2	carbapenem-hydrolyzing class A beta-lactamase KPC-2	core	AMR	AMR	BETA-LACTAM	CARBAPENEM	ALLELEX	293	293	100.00	100.00	293	WP_004199234.1	carbapenem-hydrolyzing class A beta-lactamase KPC-2	NA	NA
GCF_038452245.1	NA	NZ_CP151861.1	229224	230045	+	blaOXA	OXA-9 family oxacillin-hydrolyzing class D beta-lactamase	core	AMR	AMR	BETA-LACTAM	BETA-LACTAM	INTERNAL_STOP	274	274	100.00	99.64	274	WP_000722315.1	oxacillin-hydrolyzing class D beta-lactamase OXA-9	NA	NA
GCF_038452245.1	NA	NZ_CP151861.1	230748	231605	+	blaTEM-1	broad-spectrum class A beta-lactamase TEM-1	core	AMR	AMR	BETA-LACTAM	BETA-LACTAM	ALLELEX	286	286	100.00	100.00	286	WP_000027057.1	broad-spectrum class A beta-lactamase TEM-1	NA	NA
GCF_038452245.1	NA	NZ_CP151863.1	4315	5151	-	sul1	sulfonamide-resistant dihydropteroate synthase Sul1	core	AMR	AMR	SULFONAMIDE	SULFONAMIDE	EXACTX	279	279	100.00	100.00	279	WP_000259031.1	sulfonamide-resistant dihydropteroate synthase Sul1	NA	NA
GCF_038452245.1	NA	NZ_CP151863.1	7996	8475	-	aac(6')-Ib-cr	fluoroquinolone-acetylating aminoglycoside 6'-N-acetyltransferase AAC(6')-Ib-cr	core	AMR	AMR	AMINOGLYCOSIDE/QUINOLONE	AMIKACIN/KANAMYCIN/QUINOLONE/TOBRAMYCIN	PARTIALX	160	184	86.41	93.75	160	WP_071766621.1	fluoroquinolone-acetylating aminoglycoside 6'-N-acetyltransferase AAC(6')-Ib-cr3	NA	NA
GCF_038452245.1	NA	NZ_CP151863.1	137203	137856	+	qnrS1	quinolone resistance pentapeptide repeat protein QnrS1	core	AMR	AMR	QUINOLONE	QUINOLONE	ALLELEX	218	218	100.00	100.00	218	WP_001516695.1	quinolone resistance pentapeptide repeat protein QnrS1	NA	NA
GCF_038452245.1	NA	NZ_CP151863.1	146573	147409	-	sul1	sulfonamide-resistant dihydropteroate synthase Sul1	core	AMR	AMR	SULFONAMIDE	SULFONAMIDE	EXACTX	279	279	100.00	100.00	279	WP_000259031.1	sulfonamide-resistant dihydropteroate synthase Sul1	NA	NA
GCF_038452245.1	NA	NZ_CP151863.1	147406	147750	-	qacEdelta1	quaternary ammonium compound efflux SMR transporter QacE delta 1	core	STRESS	BIOCIDE	QUATERNARY AMMONIUM	QUATERNARY AMMONIUM	ALLELEX	115	115	100.00	100.00	115	WP_000679427.1	quaternary ammonium compound efflux SMR transporter QacE delta 1	NA	NA
GCF_038452245.1	NA	NZ_CP151863.1	147922	148551	-	catB2	type B-2 chloramphenicol O-acetyltransferase CatB2	core	AMR	AMR	PHENICOL	CHLORAMPHENICOL	EXACTX	210	210	100.00	100.00	210	WP_012477387.1	type B-2 chloramphenicol O-acetyltransferase CatB2	NA	NA
GCF_038452245.1	NA	NZ_CP151863.1	148607	149395	-	aadA1	ANT(3'')-Ia family aminoglycoside nucleotidyltransferase AadA1	core	AMR	AMR	AMINOGLYCOSIDE	STREPTOMYCIN	EXACTX	263	263	100.00	100.00	263	WP_001206317.1	ANT(3'')-Ia family aminoglycoside nucleotidyltransferase AadA1	NA	NA
GCF_038452245.1	NA	NZ_CP151863.1	149515	150306	-	aph(3')-XV	aminoglycoside O-phosphotransferase APH(3')-XV	core	AMR	AMR	AMINOGLYCOSIDE	AMIKACIN/KANAMYCIN	EXACTX	264	264	100.00	100.00	264	WP_019407932.1	aminoglycoside O-phosphotransferase APH(3')-XV	NA	NA
GCF_038452245.1	NA	NZ_CP151863.1	150380	150931	-	aac(6')-Ib4	aminoglycoside N-acetyltransferase AAC(6')-Ib4	core	AMR	AMR	AMINOGLYCOSIDE	GENTAMICIN	ALLELEX	184	184	100.00	100.00	184	WP_003159191.1	aminoglycoside N-acetyltransferase AAC(6')-Ib4	NA	NA
GCF_038452245.1	NA	NZ_CP151863.1	151042	151839	-	blaVIM-1	subclass B1 metallo-beta-lactamase VIM-1	core	AMR	AMR	BETA-LACTAM	CARBAPENEM	ALLELEX	266	266	100.00	100.00	266	WP_013263789.1	subclass B1 metallo-beta-lactamase VIM-1	NA	NA
GCF_038452245.1	NA	NZ_CP151863.1	158575	159432	-	blaSHV-12	extended-spectrum class A beta-lactamase SHV-12	core	AMR	AMR	BETA-LACTAM	CEFIDEROCOL/CEPHALOSPORIN	ALLELEX	286	286	100.00	100.00	286	WP_002904004.1	extended-spectrum class A beta-lactamase SHV-12	NA	NA
GCF_038452245.1	NA	NZ_CP151863.1	160395	161297	+	mph(A)	Mph(A) family macrolide 2'-phosphotransferase	core	AMR	AMR	MACROLIDE	AZITHROMYCIN/ERYTHROMYCIN/SPIRAMYCIN/TELITHROMYCIN	EXACTX	301	301	100.00	100.00	301	WP_000219391.1	Mph(A) family macrolide 2'-phosphotransferase	NA	NA
GCF_038452245.1	NA	NZ_CP151863.1	161297	162532	+	mrx(A)	phosphorylated macrolide efflux MFS transporter Mrx(A)	core	AMR	AMR	MACROLIDE	AZITHROMYCIN/ERYTHROMYCIN/SPIRAMYCIN/TELITHROMYCIN	EXACTX	412	412	100.00	100.00	412	WP_000004159.1	phosphorylated macrolide efflux MFS transporter Mrx(A)	NA	NA
GCF_038452245.1	NA	NZ_CP151863.1	165009	165479	-	dfrA14	trimethoprim-resistant dihydrofolate reductase DfrA14	core	AMR	AMR	TRIMETHOPRIM	TRIMETHOPRIM	EXACTX	157	157	100.00	100.00	157	WP_004201280.1	trimethoprim-resistant dihydrofolate reductase DfrA14	NA	NA
GCF_038452245.1	NA	NZ_CP151864.1	250306	251163	+	aac(3)-IIe	aminoglycoside N-acetyltransferase AAC(3)-IIe	core	AMR	AMR	AMINOGLYCOSIDE	GENTAMICIN	EXACTX	286	286	100.00	100.00	286	WP_000557452.1	aminoglycoside N-acetyltransferase AAC(3)-IIe	NA	NA
GCF_038452245.1	NA	NZ_CP151864.1	254005	254418	+	fosA3	fosfomycin resistance glutathione transferase FosA3	core	AMR	AMR	FOSFOMYCIN	FOSFOMYCIN	ALLELEX	138	138	100.00	100.00	138	WP_014839980.1	fosfomycin resistance glutathione transferase FosA3	NA	NA
GCF_038452245.1	NA	NZ_CP151864.1	267622	268173	+	aac(6')-Ib-cr5	fluoroquinolone-acetylating aminoglycoside 6'-N-acetyltransferase AAC(6')-Ib-cr5	core	AMR	AMR	AMINOGLYCOSIDE/QUINOLONE	AMIKACIN/KANAMYCIN/QUINOLONE/TOBRAMYCIN	ALLELEX	184	184	100.00	100.00	184	WP_063840321.1	fluoroquinolone-acetylating aminoglycoside 6'-N-acetyltransferase AAC(6')-Ib-cr5	NA	NA
GCF_038452245.1	NA	NZ_CP151864.1	268307	269134	+	blaOXA-1	oxacillin-hydrolyzing class D beta-lactamase OXA-1	core	AMR	AMR	BETA-LACTAM	CEPHALOSPORIN	ALLELEX	276	276	100.00	100.00	276	WP_001334766.1	oxacillin-hydrolyzing class D beta-lactamase OXA-1	NA	NA
GCF_038452245.1	NA	NZ_CP151864.1	269275	269904	+	catB3	type B-3 chloramphenicol O-acetyltransferase CatB3	core	AMR	AMR	PHENICOL	CHLORAMPHENICOL	EXACTX	210	210	100.00	100.00	210	WP_000186237.1	type B-3 chloramphenicol O-acetyltransferase CatB3	NA	NA
GCF_038452245.1	NA	NZ_CP151864.1	269992	270441	+	arr-3	NAD(+)--rifampin ADP-ribosyltransferase Arr-3	core	AMR	AMR	RIFAMYCIN	RIFAMYCIN	EXACTX	150	150	100.00	100.00	150	WP_001749986.1	NAD(+)--rifampin ADP-ribosyltransferase Arr-3	NA	NA
GCF_038452245.1	NA	NZ_CP151864.1	270667	271011	+	qacEdelta1	quaternary ammonium compound efflux SMR transporter QacE delta 1	core	STRESS	BIOCIDE	QUATERNARY AMMONIUM	QUATERNARY AMMONIUM	ALLELEX	115	115	100.00	100.00	115	WP_000679427.1	quaternary ammonium compound efflux SMR transporter QacE delta 1	NA	NA
GCF_038452245.1	NA	NZ_CP151864.1	271008	271844	+	sul1	sulfonamide-resistant dihydropteroate synthase Sul1	core	AMR	AMR	SULFONAMIDE	SULFONAMIDE	EXACTX	279	279	100.00	100.00	279	WP_000259031.1	sulfonamide-resistant dihydropteroate synthase Sul1	NA	NA
GCF_038452245.1	NA	NZ_CP151864.1	274799	275365	+	dfrA19	trimethoprim-resistant dihydrofolate reductase DfrA19	core	AMR	AMR	TRIMETHOPRIM	TRIMETHOPRIM	BLASTX	189	189	100.00	98.41	189	WP_000019304.1	trimethoprim-resistant dihydrofolate reductase DfrA19	NA	NA
GCF_038452245.1	NA	NZ_CP151864.1	276070	276858	+	aadA2	ANT(3'')-Ia family aminoglycoside nucleotidyltransferase AadA2	core	AMR	AMR	AMINOGLYCOSIDE	STREPTOMYCIN	EXACTX	263	263	100.00	100.00	263	WP_001261740.1	ANT(3'')-Ia family aminoglycoside nucleotidyltransferase AadA2	NA	NA
GCF_038452245.1	NA	NZ_CP151864.1	277123	278379	+	cmlA1	chloramphenicol efflux MFS transporter CmlA1	core	AMR	AMR	PHENICOL	CHLORAMPHENICOL	EXACTX	419	419	100.00	100.00	419	WP_000095725.1	chloramphenicol efflux MFS transporter CmlA1	NA	NA
GCF_038452245.1	NA	NZ_CP151864.1	278541	279764	+	ere(A)	EreA family erythromycin esterase	core	AMR	AMR	MACROLIDE	ERYTHROMYCIN	EXACTX	408	408	100.00	100.00	408	WP_021566672.1	EreA family erythromycin esterase	NA	NA
GCF_038452245.1	NA	NZ_CP151864.1	279950	280294	+	qacEdelta1	quaternary ammonium compound efflux SMR transporter QacE delta 1	core	STRESS	BIOCIDE	QUATERNARY AMMONIUM	QUATERNARY AMMONIUM	ALLELEX	115	115	100.00	100.00	115	WP_000679427.1	quaternary ammonium compound efflux SMR transporter QacE delta 1	NA	NA
GCF_038452245.1	NA	NZ_CP151864.1	280291	281127	+	sul1	sulfonamide-resistant dihydropteroate synthase Sul1	core	AMR	AMR	SULFONAMIDE	SULFONAMIDE	EXACTX	279	279	100.00	100.00	279	WP_000259031.1	sulfonamide-resistant dihydropteroate synthase Sul1	NA	NA
GCF_038452245.1	NA	NZ_CP151864.1	291885	293081	+	tet(A)	tetracycline efflux MFS transporter Tet(A)	core	AMR	AMR	TETRACYCLINE	TETRACYCLINE	EXACTX	399	399	100.00	100.00	399	WP_000804064.1	tetracycline efflux MFS transporter Tet(A)	NA	NA
GCF_038452245.1	NA	NZ_CP151865.1	1501	2028	-	sul1	sulfonamide-resistant dihydropteroate synthase Sul1	core	AMR	AMR	SULFONAMIDE	SULFONAMIDE	PARTIALX	176	279	63.08	100.00	176	WP_000259018.1	sulfonamide-resistant dihydropteroate synthase Sul1	NA	NA
GCF_038452245.1	NA	NZ_CP151865.1	2335	2526	-	qacE	quaternary ammonium compound efflux SMR transporter QacE	core	STRESS	BIOCIDE	QUATERNARY AMMONIUM	QUATERNARY AMMONIUM	PARTIALX	64	115	55.65	98.44	64	WP_000679427.1	quaternary ammonium compound efflux SMR transporter QacE delta 1	NA	NA
GCF_038452245.1	NA	NZ_CP151865.1	2907	3353	-	arr-3	NAD(+)--rifampin ADP-ribosyltransferase Arr-3	core	AMR	AMR	RIFAMYCIN	RIFAMYCIN	BLASTX	149	150	99.33	99.33	149	WP_001749986.1	NAD(+)--rifampin ADP-ribosyltransferase Arr-3	NA	NA
GCF_038452245.1	NA	NZ_CP151865.1	19422	20279	+	blaTEM-1	broad-spectrum class A beta-lactamase TEM-1	core	AMR	AMR	BETA-LACTAM	BETA-LACTAM	ALLELEX	286	286	100.00	100.00	286	WP_000027057.1	broad-spectrum class A beta-lactamase TEM-1	NA	NA
GCF_038452245.1	NA	NZ_CP151865.1	120690	121592	+	mph(A)	Mph(A) family macrolide 2'-phosphotransferase	core	AMR	AMR	MACROLIDE	AZITHROMYCIN/ERYTHROMYCIN/SPIRAMYCIN/TELITHROMYCIN	EXACTX	301	301	100.00	100.00	301	WP_000219391.1	Mph(A) family macrolide 2'-phosphotransferase	NA	NA
GCF_038452245.1	NA	NZ_CP151865.1	121592	122827	+	mrx(A)	phosphorylated macrolide efflux MFS transporter Mrx(A)	core	AMR	AMR	MACROLIDE	AZITHROMYCIN/ERYTHROMYCIN/SPIRAMYCIN/TELITHROMYCIN	EXACTX	412	412	100.00	100.00	412	WP_000004159.1	phosphorylated macrolide efflux MFS transporter Mrx(A)	NA	NA
GCF_039554995.1	NA	NZ_CP154587.1	1764759	1767392	+	gyrA_T83I	Citrobacter freundii quinolone resistant GyrA	core	AMR	POINT	QUINOLONE	QUINOLONE	POINTX	878	878	100.00	99.89	878	WP_003027598.1	DNA gyrase subunit A GyrA	NA	NA
GCF_039554995.1	NA	NZ_CP154587.1	4689328	4690470	+	blaCMY-135	class C beta-lactamase CMY-135	core	AMR	AMR	BETA-LACTAM	CEPHALOSPORIN	ALLELEX	381	381	100.00	100.00	381	WP_063859809.1	class C beta-lactamase CMY-135	NA	NA
GCF_039554995.1	NA	NZ_CP154589.1	26951	27592	-	qnrB4	quinolone resistance pentapeptide repeat protein QnrB4	core	AMR	AMR	QUINOLONE	QUINOLONE	ALLELEX	214	214	100.00	100.00	214	WP_017900990.1	quinolone resistance pentapeptide repeat protein QnrB4	NA	NA
GCF_039554995.1	NA	NZ_CP154589.1	31719	32855	-	blaDHA-1	extended-spectrum class C beta-lactamase DHA-1	core	AMR	AMR	BETA-LACTAM	CEPHALOSPORIN	ALLELEX	379	379	100.00	100.00	379	WP_004236386.1	extended-spectrum class C beta-lactamase DHA-1	NA	NA
GCF_039554995.1	NA	NZ_CP154589.1	34151	34435	+	qacE	quaternary ammonium compound efflux SMR transporter QacE	core	STRESS	BIOCIDE	QUATERNARY AMMONIUM	QUATERNARY AMMONIUM	PARTIALX	95	115	82.61	95.79	95	WP_000679427.1	quaternary ammonium compound efflux SMR transporter QacE delta 1	NA	NA
GCF_039554995.1	NA	NZ_CP154589.1	34432	35268	+	sul1	sulfonamide-resistant dihydropteroate synthase Sul1	core	AMR	AMR	SULFONAMIDE	SULFONAMIDE	EXACTX	279	279	100.00	100.00	279	WP_000259031.1	sulfonamide-resistant dihydropteroate synthase Sul1	NA	NA
GCF_039554995.1	NA	NZ_CP154589.1	37983	38549	+	dfrA19	trimethoprim-resistant dihydrofolate reductase DfrA19	core	AMR	AMR	TRIMETHOPRIM	TRIMETHOPRIM	EXACTX	189	189	100.00	100.00	189	WP_000019304.1	trimethoprim-resistant dihydrofolate reductase DfrA19	NA	NA
GCF_039554995.1	NA	NZ_CP154589.1	40321	40872	+	aac(6')-Ib3	aminoglycoside N-acetyltransferase AAC(6')-Ib3	core	AMR	AMR	AMINOGLYCOSIDE	AMIKACIN/KANAMYCIN/TOBRAMYCIN	ALLELEX	184	184	100.00	100.00	184	WP_032488579.1	aminoglycoside N-acetyltransferase AAC(6')-Ib3	NA	NA
GCF_039554995.1	NA	NZ_CP154589.1	40960	41511	+	aacA8	aminoglycoside 6'-N-acetyltransferase AacA8	core	AMR	AMR	AMINOGLYCOSIDE	AMINOGLYCOSIDE	BLASTX	184	184	100.00	98.91	184	WP_051449075.1	aminoglycoside 6'-N-acetyltransferase AacA8	NA	NA
GCF_039554995.1	NA	NZ_CP154589.1	41599	42150	+	aacA8	aminoglycoside 6'-N-acetyltransferase AacA8	core	AMR	AMR	AMINOGLYCOSIDE	AMINOGLYCOSIDE	BLASTX	184	184	100.00	98.91	184	WP_051449075.1	aminoglycoside 6'-N-acetyltransferase AacA8	NA	NA
GCF_039554995.1	NA	NZ_CP154589.1	43672	44001	+	qacG2	quaternary ammonium compound efflux SMR transporter QacG2	core	STRESS	BIOCIDE	QUATERNARY AMMONIUM	QUATERNARY AMMONIUM	EXACTX	110	110	100.00	100.00	110	WP_003830719.1	quaternary ammonium compound efflux SMR transporter QacG2	NA	NA
GCF_039554995.1	NA	NZ_CP154589.1	44215	44559	+	qacEdelta1	quaternary ammonium compound efflux SMR transporter QacE delta 1	core	STRESS	BIOCIDE	QUATERNARY AMMONIUM	QUATERNARY AMMONIUM	ALLELEX	115	115	100.00	100.00	115	WP_000679427.1	quaternary ammonium compound efflux SMR transporter QacE delta 1	NA	NA
GCF_039554995.1	NA	NZ_CP154589.1	44556	45392	+	sul1	sulfonamide-resistant dihydropteroate synthase Sul1	core	AMR	AMR	SULFONAMIDE	SULFONAMIDE	EXACTX	279	279	100.00	100.00	279	WP_000259031.1	sulfonamide-resistant dihydropteroate synthase Sul1	NA	NA
GCF_039554995.1	NA	NZ_CP154590.1	51382	52254	+	blaCTX-M-14	extended-spectrum class A beta-lactamase CTX-M-14	core	AMR	AMR	BETA-LACTAM	CEPHALOSPORIN	ALLELEX	291	291	100.00	100.00	291	WP_001617865.1	extended-spectrum class A beta-lactamase CTX-M-14	NA	NA
GCF_039554995.1	NA	NZ_CP154590.1	57741	58292	+	aac(6')-Ib-cr5	fluoroquinolone-acetylating aminoglycoside 6'-N-acetyltransferase AAC(6')-Ib-cr5	core	AMR	AMR	AMINOGLYCOSIDE/QUINOLONE	AMIKACIN/KANAMYCIN/QUINOLONE/TOBRAMYCIN	ALLELEX	184	184	100.00	100.00	184	WP_063840321.1	fluoroquinolone-acetylating aminoglycoside 6'-N-acetyltransferase AAC(6')-Ib-cr5	NA	NA
GCF_039554995.1	NA	NZ_CP154590.1	58426	59253	+	blaOXA-1	oxacillin-hydrolyzing class D beta-lactamase OXA-1	core	AMR	AMR	BETA-LACTAM	CEPHALOSPORIN	ALLELEX	276	276	100.00	100.00	276	WP_001334766.1	oxacillin-hydrolyzing class D beta-lactamase OXA-1	NA	NA
GCF_039554995.1	NA	NZ_CP154590.1	59394	60023	+	catB3	type B-3 chloramphenicol O-acetyltransferase CatB3	core	AMR	AMR	PHENICOL	CHLORAMPHENICOL	EXACTX	210	210	100.00	100.00	210	WP_000186237.1	type B-3 chloramphenicol O-acetyltransferase CatB3	NA	NA
GCF_039554995.1	NA	NZ_CP154590.1	60111	60560	+	arr-3	NAD(+)--rifampin ADP-ribosyltransferase Arr-3	core	AMR	AMR	RIFAMYCIN	RIFAMYCIN	EXACTX	150	150	100.00	100.00	150	WP_001749986.1	NAD(+)--rifampin ADP-ribosyltransferase Arr-3	NA	NA
GCF_039554995.1	NA	NZ_CP154590.1	60786	61130	+	qacEdelta1	quaternary ammonium compound efflux SMR transporter QacE delta 1	core	STRESS	BIOCIDE	QUATERNARY AMMONIUM	QUATERNARY AMMONIUM	ALLELEX	115	115	100.00	100.00	115	WP_000679427.1	quaternary ammonium compound efflux SMR transporter QacE delta 1	NA	NA
GCF_039554995.1	NA	NZ_CP154590.1	61127	61963	+	sul1	sulfonamide-resistant dihydropteroate synthase Sul1	core	AMR	AMR	SULFONAMIDE	SULFONAMIDE	EXACTX	279	279	100.00	100.00	279	WP_000259031.1	sulfonamide-resistant dihydropteroate synthase Sul1	NA	NA
GCF_039554995.1	NA	NZ_CP154590.1	66836	67120	+	qacE	quaternary ammonium compound efflux SMR transporter QacE	core	STRESS	BIOCIDE	QUATERNARY AMMONIUM	QUATERNARY AMMONIUM	PARTIALX	95	115	82.61	95.79	95	WP_000679427.1	quaternary ammonium compound efflux SMR transporter QacE delta 1	NA	NA
GCF_039554995.1	NA	NZ_CP154590.1	67117	67953	+	sul1	sulfonamide-resistant dihydropteroate synthase Sul1	core	AMR	AMR	SULFONAMIDE	SULFONAMIDE	EXACTX	279	279	100.00	100.00	279	WP_000259031.1	sulfonamide-resistant dihydropteroate synthase Sul1	NA	NA
GCF_039554995.1	NA	NZ_CP154590.1	73362	74582	-	mrx(A)	phosphorylated macrolide efflux MFS transporter Mrx(A)	core	AMR	AMR	MACROLIDE	AZITHROMYCIN/ERYTHROMYCIN/SPIRAMYCIN/TELITHROMYCIN	BLASTX	407	412	98.79	100.00	407	WP_000004159.1	phosphorylated macrolide efflux MFS transporter Mrx(A)	NA	NA
GCF_039554995.1	NA	NZ_CP154590.1	75726	76139	+	fosA3	fosfomycin resistance glutathione transferase FosA3	core	AMR	AMR	FOSFOMYCIN	FOSFOMYCIN	ALLELEX	138	138	100.00	100.00	138	WP_014839980.1	fosfomycin resistance glutathione transferase FosA3	NA	NA
GCF_039554995.1	NA	NZ_CP154591.1	31927	32736	+	blaNDM-1	subclass B1 metallo-beta-lactamase NDM-1	core	AMR	AMR	BETA-LACTAM	CARBAPENEM	ALLELEX	270	270	100.00	100.00	270	WP_004201164.1	subclass B1 metallo-beta-lactamase NDM-1	NA	NA
GCF_039554995.1	NA	NZ_CP154591.1	32743	33105	+	ble	bleomycin binding protein Ble-MBL	core	AMR	AMR	BLEOMYCIN	BLEOMYCIN	EXACTX	121	121	100.00	100.00	121	WP_004201167.1	bleomycin binding protein Ble-MBL	NA	NA
GCF_039554995.1	NA	NZ_CP154591.1	41871	42728	-	blaSHV-12	extended-spectrum class A beta-lactamase SHV-12	core	AMR	AMR	BETA-LACTAM	CEFIDEROCOL/CEPHALOSPORIN	ALLELEX	286	286	100.00	100.00	286	WP_002904004.1	extended-spectrum class A beta-lactamase SHV-12	NA	NA
GCF_039566135.1	NA	NZ_CP126623.1	447242	448384	-	blaCMY-48	class C beta-lactamase CMY-48	core	AMR	AMR	BETA-LACTAM	CEPHALOSPORIN	ALLELEX	381	381	100.00	100.00	381	WP_044699195.1	class C beta-lactamase CMY-48	NA	NA
GCF_039634395.1	NA	NZ_CP155122.1	1722679	1725312	+	gyrA_T83I	Citrobacter freundii quinolone resistant GyrA	core	AMR	POINT	QUINOLONE	QUINOLONE	POINTX	878	878	100.00	99.89	878	WP_003027598.1	DNA gyrase subunit A GyrA	NA	NA
GCF_039634395.1	NA	NZ_CP155122.1	4437279	4438421	+	blaCMY-181	class C beta-lactamase CMY-181	core	AMR	AMR	BETA-LACTAM	CEPHALOSPORIN	ALLELEX	381	381	100.00	100.00	381	WP_134216345.1	class C beta-lactamase CMY-181	NA	NA
GCF_039634395.1	NA	NZ_CP155123.1	27301	28110	+	blaNDM-1	subclass B1 metallo-beta-lactamase NDM-1	core	AMR	AMR	BETA-LACTAM	CARBAPENEM	ALLELEX	270	270	100.00	100.00	270	WP_004201164.1	subclass B1 metallo-beta-lactamase NDM-1	NA	NA
GCF_039634395.1	NA	NZ_CP155123.1	28117	28479	+	ble	bleomycin binding protein Ble-MBL	core	AMR	AMR	BLEOMYCIN	BLEOMYCIN	EXACTX	121	121	100.00	100.00	121	WP_004201167.1	bleomycin binding protein Ble-MBL	NA	NA
GCF_039634395.1	NA	NZ_CP155123.1	35756	36613	+	blaSHV-12	extended-spectrum class A beta-lactamase SHV-12	core	AMR	AMR	BETA-LACTAM	CEFIDEROCOL/CEPHALOSPORIN	ALLELEX	286	286	100.00	100.00	286	WP_002904004.1	extended-spectrum class A beta-lactamase SHV-12	NA	NA
GCF_040893185.1	NA	NZ_CP162039.1	1627555	1630188	+	gyrA_T83I	Citrobacter freundii quinolone resistant GyrA	core	AMR	POINT	QUINOLONE	QUINOLONE	POINTX	878	878	100.00	99.89	878	WP_003027598.1	DNA gyrase subunit A GyrA	NA	NA
GCF_040893185.1	NA	NZ_CP162039.1	2821551	2821997	+	aac(6')-If	aminoglycoside N-acetyltransferase AAC(6')-If	core	AMR	AMR	AMINOGLYCOSIDE	AMIKACIN/KANAMYCIN/TOBRAMYCIN	BLASTX	149	149	100.00	99.33	149	WP_071593229.1	aminoglycoside N-acetyltransferase AAC(6')-If	NA	NA
GCF_040893185.1	NA	NZ_CP162039.1	4357670	4358812	+	blaCMY	CMY-2 family class C beta-lactamase	core	AMR	AMR	BETA-LACTAM	CEPHALOSPORIN	BLASTX	381	381	100.00	99.74	381	WP_046670810.1	class C beta-lactamase CMY-189	NA	NA
GCF_040893185.1	NA	NZ_CP162040.1	278624	279793	+	blaACC-1	cephalosporin-hydrolyzing class C beta-lactamase ACC-1	core	AMR	AMR	BETA-LACTAM	CEPHALOSPORIN	ALLELEX	390	390	100.00	100.00	390	WP_032491956.1	cephalosporin-hydrolyzing class C beta-lactamase ACC-1	NA	NA
GCF_041003565.1	NA	NZ_CP162975.1	1650787	1653420	+	gyrA_T83I	Citrobacter freundii quinolone resistant GyrA	core	AMR	POINT	QUINOLONE	QUINOLONE	POINTX	878	878	100.00	99.89	878	WP_003027598.1	DNA gyrase subunit A GyrA	NA	NA
GCF_041003565.1	NA	NZ_CP162975.1	4546590	4547732	+	blaCMY-48	class C beta-lactamase CMY-48	core	AMR	AMR	BETA-LACTAM	CEPHALOSPORIN	ALLELEX	381	381	100.00	100.00	381	WP_044699195.1	class C beta-lactamase CMY-48	NA	NA
GCF_041003565.1	NA	NZ_CP162975.1	5038417	5039202	-	aadA1	ANT(3'')-Ia family aminoglycoside nucleotidyltransferase AadA1	core	AMR	AMR	AMINOGLYCOSIDE	STREPTOMYCIN	EXACTX	262	262	100.00	100.00	262	WP_001206315.1	ANT(3'')-Ia family aminoglycoside nucleotidyltransferase AadA1	NA	NA
GCF_041003565.1	NA	NZ_CP162975.1	5039263	5039784	-	sat2	streptothricin N-acetyltransferase Sat2	core	AMR	AMR	STREPTOTHRICIN	STREPTOTHRICIN	EXACTX	174	174	100.00	100.00	174	WP_000704156.1	streptothricin N-acetyltransferase Sat2	NA	NA
GCF_041003565.1	NA	NZ_CP162975.1	5039882	5040352	-	dfrA1	trimethoprim-resistant dihydrofolate reductase DfrA1	core	AMR	AMR	TRIMETHOPRIM	TRIMETHOPRIM	EXACTX	157	157	100.00	100.00	157	WP_000777554.1	trimethoprim-resistant dihydrofolate reductase DfrA1	NA	NA
GCF_041003565.1	NA	NZ_CP162977.1	1	1182	+	tet(D)	tetracycline efflux MFS transporter Tet(D)	core	AMR	AMR	TETRACYCLINE	TETRACYCLINE	EXACTX	394	394	100.00	100.00	394	WP_001039466.1	tetracycline efflux MFS transporter Tet(D)	NA	NA
GCF_041003565.1	NA	NZ_CP162977.1	11251	12108	-	blaTEM-1	broad-spectrum class A beta-lactamase TEM-1	core	AMR	AMR	BETA-LACTAM	BETA-LACTAM	ALLELEX	286	286	100.00	100.00	286	WP_000027057.1	broad-spectrum class A beta-lactamase TEM-1	NA	NA
GCF_041003565.1	NA	NZ_CP162977.1	17083	17940	-	aac(3)-IId	aminoglycoside N-acetyltransferase AAC(3)-IId	core	AMR	AMR	AMINOGLYCOSIDE	GENTAMICIN	EXACTX	286	286	100.00	100.00	286	WP_000557454.1	aminoglycoside N-acetyltransferase AAC(3)-IId	NA	NA
GCF_041003565.1	NA	NZ_CP162977.1	18999	19901	+	mph(A)	Mph(A) family macrolide 2'-phosphotransferase	core	AMR	AMR	MACROLIDE	AZITHROMYCIN/ERYTHROMYCIN/SPIRAMYCIN/TELITHROMYCIN	EXACTX	301	301	100.00	100.00	301	WP_000219391.1	Mph(A) family macrolide 2'-phosphotransferase	NA	NA
GCF_041003565.1	NA	NZ_CP162977.1	19901	21136	+	mrx(A)	phosphorylated macrolide efflux MFS transporter Mrx(A)	core	AMR	AMR	MACROLIDE	AZITHROMYCIN/ERYTHROMYCIN/SPIRAMYCIN/TELITHROMYCIN	EXACTX	412	412	100.00	100.00	412	WP_000004159.1	phosphorylated macrolide efflux MFS transporter Mrx(A)	NA	NA
GCF_041003565.1	NA	NZ_CP162977.1	25218	26054	-	sul1	sulfonamide-resistant dihydropteroate synthase Sul1	core	AMR	AMR	SULFONAMIDE	SULFONAMIDE	EXACTX	279	279	100.00	100.00	279	WP_000259031.1	sulfonamide-resistant dihydropteroate synthase Sul1	NA	NA
GCF_041003565.1	NA	NZ_CP162977.1	26051	26395	-	qacEdelta1	quaternary ammonium compound efflux SMR transporter QacE delta 1	core	STRESS	BIOCIDE	QUATERNARY AMMONIUM	QUATERNARY AMMONIUM	ALLELEX	115	115	100.00	100.00	115	WP_000679427.1	quaternary ammonium compound efflux SMR transporter QacE delta 1	NA	NA
GCF_041003565.1	NA	NZ_CP162977.1	26621	27070	-	arr-3	NAD(+)--rifampin ADP-ribosyltransferase Arr-3	core	AMR	AMR	RIFAMYCIN	RIFAMYCIN	EXACTX	150	150	100.00	100.00	150	WP_001749986.1	NAD(+)--rifampin ADP-ribosyltransferase Arr-3	NA	NA
GCF_041003565.1	NA	NZ_CP162977.1	27158	27787	-	catB3	type B-3 chloramphenicol O-acetyltransferase CatB3	core	AMR	AMR	PHENICOL	CHLORAMPHENICOL	EXACTX	210	210	100.00	100.00	210	WP_000186237.1	type B-3 chloramphenicol O-acetyltransferase CatB3	NA	NA
GCF_041003565.1	NA	NZ_CP162977.1	27928	28755	-	blaOXA-1	oxacillin-hydrolyzing class D beta-lactamase OXA-1	core	AMR	AMR	BETA-LACTAM	CEPHALOSPORIN	ALLELEX	276	276	100.00	100.00	276	WP_001334766.1	oxacillin-hydrolyzing class D beta-lactamase OXA-1	NA	NA
GCF_041003565.1	NA	NZ_CP162977.1	28889	29440	-	aac(6')-Ib-cr5	fluoroquinolone-acetylating aminoglycoside 6'-N-acetyltransferase AAC(6')-Ib-cr5	core	AMR	AMR	AMINOGLYCOSIDE/QUINOLONE	AMIKACIN/KANAMYCIN/QUINOLONE/TOBRAMYCIN	ALLELEX	184	184	100.00	100.00	184	WP_063840321.1	fluoroquinolone-acetylating aminoglycoside 6'-N-acetyltransferase AAC(6')-Ib-cr5	NA	NA
GCF_041003565.1	NA	NZ_CP162977.1	94929	95741	+	sul2	sulfonamide-resistant dihydropteroate synthase Sul2	core	AMR	AMR	SULFONAMIDE	SULFONAMIDE	EXACTX	271	271	100.00	100.00	271	WP_001043260.1	sulfonamide-resistant dihydropteroate synthase Sul2	NA	NA
GCF_041003565.1	NA	NZ_CP162977.1	101037	101675	+	catA2	type A-2 chloramphenicol O-acetyltransferase CatII	core	AMR	AMR	PHENICOL	CHLORAMPHENICOL	EXACTX	213	213	100.00	100.00	213	WP_001011939.1	type A-2 chloramphenicol O-acetyltransferase CatII	NA	NA
GCF_041003565.1	NA	NZ_CP162978.1	18734	19543	+	blaNDM-1	subclass B1 metallo-beta-lactamase NDM-1	core	AMR	AMR	BETA-LACTAM	CARBAPENEM	ALLELEX	270	270	100.00	100.00	270	WP_004201164.1	subclass B1 metallo-beta-lactamase NDM-1	NA	NA
GCF_041003565.1	NA	NZ_CP162978.1	19550	19912	+	ble	bleomycin binding protein Ble-MBL	core	AMR	AMR	BLEOMYCIN	BLEOMYCIN	EXACTX	121	121	100.00	100.00	121	WP_004201167.1	bleomycin binding protein Ble-MBL	NA	NA
GCF_041003565.1	NA	NZ_CP162978.1	27189	28046	+	blaSHV-12	extended-spectrum class A beta-lactamase SHV-12	core	AMR	AMR	BETA-LACTAM	CEFIDEROCOL/CEPHALOSPORIN	ALLELEX	286	286	100.00	100.00	286	WP_002904004.1	extended-spectrum class A beta-lactamase SHV-12	NA	NA
GCF_041003565.1	NA	NZ_CP162979.1	1008	1649	-	qnrB4	quinolone resistance pentapeptide repeat protein QnrB4	core	AMR	AMR	QUINOLONE	QUINOLONE	ALLELEX	214	214	100.00	100.00	214	WP_017900990.1	quinolone resistance pentapeptide repeat protein QnrB4	NA	NA
GCF_041003565.1	NA	NZ_CP162979.1	5776	6912	-	blaDHA-1	extended-spectrum class C beta-lactamase DHA-1	core	AMR	AMR	BETA-LACTAM	CEPHALOSPORIN	ALLELEX	379	379	100.00	100.00	379	WP_004236386.1	extended-spectrum class C beta-lactamase DHA-1	NA	NA
GCF_041003565.1	NA	NZ_CP162979.1	8208	8492	+	qacE	quaternary ammonium compound efflux SMR transporter QacE	core	STRESS	BIOCIDE	QUATERNARY AMMONIUM	QUATERNARY AMMONIUM	PARTIALX	95	115	82.61	95.79	95	WP_000679427.1	quaternary ammonium compound efflux SMR transporter QacE delta 1	NA	NA
GCF_041003565.1	NA	NZ_CP162979.1	8489	9325	+	sul1	sulfonamide-resistant dihydropteroate synthase Sul1	core	AMR	AMR	SULFONAMIDE	SULFONAMIDE	EXACTX	279	279	100.00	100.00	279	WP_000259031.1	sulfonamide-resistant dihydropteroate synthase Sul1	NA	NA
GCF_041003615.1	NA	NZ_CP162982.1	4570131	4571273	+	blaCMY-48	class C beta-lactamase CMY-48	core	AMR	AMR	BETA-LACTAM	CEPHALOSPORIN	ALLELEX	381	381	100.00	100.00	381	WP_044699195.1	class C beta-lactamase CMY-48	NA	NA
GCF_041003615.1	NA	NZ_CP162983.1	4528	5724	-	tet(A)	tetracycline efflux MFS transporter Tet(A)	core	AMR	AMR	TETRACYCLINE	TETRACYCLINE	EXACTX	399	399	100.00	100.00	399	WP_000804064.1	tetracycline efflux MFS transporter Tet(A)	NA	NA
GCF_041003615.1	NA	NZ_CP162983.1	9243	9881	-	catA2	type A-2 chloramphenicol O-acetyltransferase CatII	core	AMR	AMR	PHENICOL	CHLORAMPHENICOL	EXACTX	213	213	100.00	100.00	213	WP_001011939.1	type A-2 chloramphenicol O-acetyltransferase CatII	NA	NA
GCF_041003615.1	NA	NZ_CP162983.1	13179	14036	+	blaTEM-1	broad-spectrum class A beta-lactamase TEM-1	core	AMR	AMR	BETA-LACTAM	BETA-LACTAM	ALLELEX	286	286	100.00	100.00	286	WP_000027057.1	broad-spectrum class A beta-lactamase TEM-1	NA	NA
GCF_041003615.1	NA	NZ_CP162983.1	16243	17097	+	blaLAP-2	class A beta-lactamase LAP-2	core	AMR	AMR	BETA-LACTAM	BETA-LACTAM	ALLELEX	285	285	100.00	100.00	285	WP_012477595.1	class A beta-lactamase LAP-2	NA	NA
GCF_041003615.1	NA	NZ_CP162983.1	18697	19350	+	qnrS1	quinolone resistance pentapeptide repeat protein QnrS1	core	AMR	AMR	QUINOLONE	QUINOLONE	ALLELEX	218	218	100.00	100.00	218	WP_001516695.1	quinolone resistance pentapeptide repeat protein QnrS1	NA	NA
GCF_041003615.1	NA	NZ_CP162983.1	23530	24363	-	aph(6)-Id	aminoglycoside O-phosphotransferase APH(6)-Id	core	AMR	AMR	AMINOGLYCOSIDE	STREPTOMYCIN	EXACTX	278	278	100.00	100.00	278	WP_000480972.1	aminoglycoside O-phosphotransferase APH(6)-Id	NA	NA
GCF_041003615.1	NA	NZ_CP162983.1	24366	25166	-	aph(3'')-Ib	aminoglycoside O-phosphotransferase APH(3'')-Ib	core	AMR	AMR	AMINOGLYCOSIDE	STREPTOMYCIN	BLASTX	267	267	100.00	99.63	267	WP_001082319.1	aminoglycoside O-phosphotransferase APH(3'')-Ib	NA	NA
GCF_041003615.1	NA	NZ_CP162983.1	25230	26042	-	sul2	sulfonamide-resistant dihydropteroate synthase Sul2	core	AMR	AMR	SULFONAMIDE	SULFONAMIDE	EXACTX	271	271	100.00	100.00	271	WP_001043260.1	sulfonamide-resistant dihydropteroate synthase Sul2	NA	NA
GCF_041003615.1	NA	NZ_CP162983.1	30585	31055	-	dfrA14	trimethoprim-resistant dihydrofolate reductase DfrA14	core	AMR	AMR	TRIMETHOPRIM	TRIMETHOPRIM	BLASTX	157	157	100.00	99.36	157	WP_004201280.1	trimethoprim-resistant dihydrofolate reductase DfrA14	NA	NA
GCF_041003615.1	NA	NZ_CP162984.1	11079	11441	-	ble	bleomycin binding protein Ble-MBL	core	AMR	AMR	BLEOMYCIN	BLEOMYCIN	EXACTX	121	121	100.00	100.00	121	WP_004201167.1	bleomycin binding protein Ble-MBL	NA	NA
GCF_041003615.1	NA	NZ_CP162984.1	11448	12257	-	blaNDM-1	subclass B1 metallo-beta-lactamase NDM-1	core	AMR	AMR	BETA-LACTAM	CARBAPENEM	ALLELEX	270	270	100.00	100.00	270	WP_004201164.1	subclass B1 metallo-beta-lactamase NDM-1	NA	NA
GCF_041004345.1	NA	NZ_CP163076.1	1194202	1195404	+	tet(B)	tetracycline efflux MFS transporter Tet(B)	core	AMR	AMR	TETRACYCLINE	TETRACYCLINE	EXACTX	401	401	100.00	100.00	401	WP_001089072.1	tetracycline efflux MFS transporter Tet(B)	NA	NA
GCF_041004345.1	NA	NZ_CP163076.1	1672699	1675332	+	gyrA_T83I	Citrobacter freundii quinolone resistant GyrA	core	AMR	POINT	QUINOLONE	QUINOLONE	POINTX	878	878	100.00	99.89	878	WP_003027598.1	DNA gyrase subunit A GyrA	NA	NA
GCF_041004345.1	NA	NZ_CP163076.1	4497577	4498719	+	blaCMY-48	class C beta-lactamase CMY-48	core	AMR	AMR	BETA-LACTAM	CEPHALOSPORIN	ALLELEX	381	381	100.00	100.00	381	WP_044699195.1	class C beta-lactamase CMY-48	NA	NA
GCF_041004345.1	NA	NZ_CP163077.1	91909	92547	+	catA2	type A-2 chloramphenicol O-acetyltransferase CatII	core	AMR	AMR	PHENICOL	CHLORAMPHENICOL	EXACTX	213	213	100.00	100.00	213	WP_001011939.1	type A-2 chloramphenicol O-acetyltransferase CatII	NA	NA
GCF_041004345.1	NA	NZ_CP163077.1	94162	95343	+	tet(D)	tetracycline efflux MFS transporter Tet(D)	core	AMR	AMR	TETRACYCLINE	TETRACYCLINE	EXACTX	394	394	100.00	100.00	394	WP_001039466.1	tetracycline efflux MFS transporter Tet(D)	NA	NA
GCF_041004345.1	NA	NZ_CP163077.1	99301	100158	+	blaTEM-1	broad-spectrum class A beta-lactamase TEM-1	core	AMR	AMR	BETA-LACTAM	BETA-LACTAM	ALLELEX	286	286	100.00	100.00	286	WP_000027057.1	broad-spectrum class A beta-lactamase TEM-1	NA	NA
GCF_041004345.1	NA	NZ_CP163077.1	102995	103831	-	sul1	sulfonamide-resistant dihydropteroate synthase Sul1	core	AMR	AMR	SULFONAMIDE	SULFONAMIDE	EXACTX	279	279	100.00	100.00	279	WP_000259031.1	sulfonamide-resistant dihydropteroate synthase Sul1	NA	NA
GCF_041004345.1	NA	NZ_CP163077.1	103828	104112	-	qacE	quaternary ammonium compound efflux SMR transporter QacE	core	STRESS	BIOCIDE	QUATERNARY AMMONIUM	QUATERNARY AMMONIUM	PARTIALX	95	115	82.61	95.79	95	WP_000679427.1	quaternary ammonium compound efflux SMR transporter QacE delta 1	NA	NA
GCF_041004345.1	NA	NZ_CP163077.1	105486	106139	-	qnrA1	quinolone resistance pentapeptide repeat protein QnrA1	core	AMR	AMR	QUINOLONE	QUINOLONE	ALLELEX	218	218	100.00	100.00	218	WP_012579084.1	quinolone resistance pentapeptide repeat protein QnrA1	NA	NA
GCF_041004345.1	NA	NZ_CP163077.1	108352	109188	-	sul1	sulfonamide-resistant dihydropteroate synthase Sul1	core	AMR	AMR	SULFONAMIDE	SULFONAMIDE	EXACTX	279	279	100.00	100.00	279	WP_000259031.1	sulfonamide-resistant dihydropteroate synthase Sul1	NA	NA
GCF_041004345.1	NA	NZ_CP163077.1	109185	109529	-	qacEdelta1	quaternary ammonium compound efflux SMR transporter QacE delta 1	core	STRESS	BIOCIDE	QUATERNARY AMMONIUM	QUATERNARY AMMONIUM	ALLELEX	115	115	100.00	100.00	115	WP_000679427.1	quaternary ammonium compound efflux SMR transporter QacE delta 1	NA	NA
GCF_041004345.1	NA	NZ_CP163077.1	109755	110090	-	arr-3	NAD(+)--rifampin ADP-ribosyltransferase Arr-3	core	AMR	AMR	RIFAMYCIN	RIFAMYCIN	PARTIALX	112	150	74.67	100.00	112	WP_001749986.1	NAD(+)--rifampin ADP-ribosyltransferase Arr-3	NA	NA
GCF_041004345.1	NA	NZ_CP163077.1	110291	110920	-	catB3	type B-3 chloramphenicol O-acetyltransferase CatB3	core	AMR	AMR	PHENICOL	CHLORAMPHENICOL	EXACTX	210	210	100.00	100.00	210	WP_000186237.1	type B-3 chloramphenicol O-acetyltransferase CatB3	NA	NA
GCF_041004345.1	NA	NZ_CP163077.1	111061	111888	-	blaOXA-1	oxacillin-hydrolyzing class D beta-lactamase OXA-1	core	AMR	AMR	BETA-LACTAM	CEPHALOSPORIN	ALLELEX	276	276	100.00	100.00	276	WP_001334766.1	oxacillin-hydrolyzing class D beta-lactamase OXA-1	NA	NA
GCF_041004345.1	NA	NZ_CP163077.1	112022	112573	-	aac(6')-Ib	AAC(6')-Ib family aminoglycoside 6'-N-acetyltransferase	core	AMR	AMR	AMINOGLYCOSIDE	GENTAMICIN	EXACTX	184	184	100.00	100.00	184	WP_012695458.1	AAC(6')-Ib family aminoglycoside 6'-N-acetyltransferase	NA	NA
GCF_041004345.1	NA	NZ_CP163077.1	125777	126190	-	fosA3	fosfomycin resistance glutathione transferase FosA3	core	AMR	AMR	FOSFOMYCIN	FOSFOMYCIN	ALLELEX	138	138	100.00	100.00	138	WP_014839980.1	fosfomycin resistance glutathione transferase FosA3	NA	NA
GCF_041004345.1	NA	NZ_CP163077.1	129032	129889	-	aac(3)-IIe	aminoglycoside N-acetyltransferase AAC(3)-IIe	core	AMR	AMR	AMINOGLYCOSIDE	GENTAMICIN	EXACTX	286	286	100.00	100.00	286	WP_000557452.1	aminoglycoside N-acetyltransferase AAC(3)-IIe	NA	NA
GCF_041004345.1	NA	NZ_CP163078.1	4789	5427	-	catA2	type A-2 chloramphenicol O-acetyltransferase CatII	core	AMR	AMR	PHENICOL	CHLORAMPHENICOL	EXACTX	213	213	100.00	100.00	213	WP_001011939.1	type A-2 chloramphenicol O-acetyltransferase CatII	NA	NA
GCF_041004345.1	NA	NZ_CP163078.1	6983	7885	+	mph(A)	Mph(A) family macrolide 2'-phosphotransferase	core	AMR	AMR	MACROLIDE	AZITHROMYCIN/ERYTHROMYCIN/SPIRAMYCIN/TELITHROMYCIN	EXACTX	301	301	100.00	100.00	301	WP_000219391.1	Mph(A) family macrolide 2'-phosphotransferase	NA	NA
GCF_041004345.1	NA	NZ_CP163078.1	7885	9120	+	mrx(A)	phosphorylated macrolide efflux MFS transporter Mrx(A)	core	AMR	AMR	MACROLIDE	AZITHROMYCIN/ERYTHROMYCIN/SPIRAMYCIN/TELITHROMYCIN	EXACTX	412	412	100.00	100.00	412	WP_000004159.1	phosphorylated macrolide efflux MFS transporter Mrx(A)	NA	NA
GCF_041004345.1	NA	NZ_CP163078.1	13202	14038	-	sul1	sulfonamide-resistant dihydropteroate synthase Sul1	core	AMR	AMR	SULFONAMIDE	SULFONAMIDE	EXACTX	279	279	100.00	100.00	279	WP_000259031.1	sulfonamide-resistant dihydropteroate synthase Sul1	NA	NA
GCF_041004345.1	NA	NZ_CP163078.1	14035	14379	-	qacEdelta1	quaternary ammonium compound efflux SMR transporter QacE delta 1	core	STRESS	BIOCIDE	QUATERNARY AMMONIUM	QUATERNARY AMMONIUM	ALLELEX	115	115	100.00	100.00	115	WP_000679427.1	quaternary ammonium compound efflux SMR transporter QacE delta 1	NA	NA
GCF_041004345.1	NA	NZ_CP163078.1	14546	15334	-	aadA2	ANT(3'')-Ia family aminoglycoside nucleotidyltransferase AadA2	core	AMR	AMR	AMINOGLYCOSIDE	STREPTOMYCIN	EXACTX	263	263	100.00	100.00	263	WP_001206356.1	ANT(3'')-Ia family aminoglycoside nucleotidyltransferase AadA2	NA	NA
GCF_041004345.1	NA	NZ_CP163078.1	15745	16239	-	dfrA12	trimethoprim-resistant dihydrofolate reductase DfrA12	core	AMR	AMR	TRIMETHOPRIM	TRIMETHOPRIM	EXACTX	165	165	100.00	100.00	165	WP_001083725.1	trimethoprim-resistant dihydrofolate reductase DfrA12	NA	NA
GCF_041004345.1	NA	NZ_CP163078.1	66064	66702	-	catA2	type A-2 chloramphenicol O-acetyltransferase CatII	core	AMR	AMR	PHENICOL	CHLORAMPHENICOL	EXACTX	213	213	100.00	100.00	213	WP_001011939.1	type A-2 chloramphenicol O-acetyltransferase CatII	NA	NA
GCF_041004345.1	NA	NZ_CP163078.1	68258	69160	+	mph(A)	Mph(A) family macrolide 2'-phosphotransferase	core	AMR	AMR	MACROLIDE	AZITHROMYCIN/ERYTHROMYCIN/SPIRAMYCIN/TELITHROMYCIN	EXACTX	301	301	100.00	100.00	301	WP_000219391.1	Mph(A) family macrolide 2'-phosphotransferase	NA	NA
GCF_041004345.1	NA	NZ_CP163078.1	69160	70395	+	mrx(A)	phosphorylated macrolide efflux MFS transporter Mrx(A)	core	AMR	AMR	MACROLIDE	AZITHROMYCIN/ERYTHROMYCIN/SPIRAMYCIN/TELITHROMYCIN	EXACTX	412	412	100.00	100.00	412	WP_000004159.1	phosphorylated macrolide efflux MFS transporter Mrx(A)	NA	NA
GCF_041004345.1	NA	NZ_CP163078.1	74477	75313	-	sul1	sulfonamide-resistant dihydropteroate synthase Sul1	core	AMR	AMR	SULFONAMIDE	SULFONAMIDE	EXACTX	279	279	100.00	100.00	279	WP_000259031.1	sulfonamide-resistant dihydropteroate synthase Sul1	NA	NA
GCF_041004345.1	NA	NZ_CP163078.1	75310	75654	-	qacEdelta1	quaternary ammonium compound efflux SMR transporter QacE delta 1	core	STRESS	BIOCIDE	QUATERNARY AMMONIUM	QUATERNARY AMMONIUM	ALLELEX	115	115	100.00	100.00	115	WP_000679427.1	quaternary ammonium compound efflux SMR transporter QacE delta 1	NA	NA
GCF_041004345.1	NA	NZ_CP163078.1	75821	76609	-	aadA2	ANT(3'')-Ia family aminoglycoside nucleotidyltransferase AadA2	core	AMR	AMR	AMINOGLYCOSIDE	STREPTOMYCIN	EXACTX	263	263	100.00	100.00	263	WP_001206356.1	ANT(3'')-Ia family aminoglycoside nucleotidyltransferase AadA2	NA	NA
GCF_041004345.1	NA	NZ_CP163078.1	77020	77514	-	dfrA12	trimethoprim-resistant dihydrofolate reductase DfrA12	core	AMR	AMR	TRIMETHOPRIM	TRIMETHOPRIM	EXACTX	165	165	100.00	100.00	165	WP_001083725.1	trimethoprim-resistant dihydrofolate reductase DfrA12	NA	NA
GCF_041004345.1	NA	NZ_CP163079.1	16793	17545	-	rmtB1	16S rRNA (guanine(1405)-N(7))-methyltransferase RmtB1	core	AMR	AMR	AMINOGLYCOSIDE	AMINOGLYCOSIDE	ALLELEX	251	251	100.00	100.00	251	WP_012372818.1	16S rRNA (guanine(1405)-N(7))-methyltransferase RmtB1	NA	NA
GCF_041004345.1	NA	NZ_CP163079.1	17718	18575	-	blaTEM-1	broad-spectrum class A beta-lactamase TEM-1	core	AMR	AMR	BETA-LACTAM	BETA-LACTAM	ALLELEX	286	286	100.00	100.00	286	WP_000027057.1	broad-spectrum class A beta-lactamase TEM-1	NA	NA
GCF_041004345.1	NA	NZ_CP163079.1	27889	28251	-	ble	bleomycin binding protein Ble-MBL	core	AMR	AMR	BLEOMYCIN	BLEOMYCIN	EXACTX	121	121	100.00	100.00	121	WP_004201167.1	bleomycin binding protein Ble-MBL	NA	NA
GCF_041004345.1	NA	NZ_CP163079.1	28258	29067	-	blaNDM-1	subclass B1 metallo-beta-lactamase NDM-1	core	AMR	AMR	BETA-LACTAM	CARBAPENEM	ALLELEX	270	270	100.00	100.00	270	WP_004201164.1	subclass B1 metallo-beta-lactamase NDM-1	NA	NA
GCF_041004345.1	NA	NZ_CP163081.1	22225	23103	-	blaKPC-2	carbapenem-hydrolyzing class A beta-lactamase KPC-2	core	AMR	AMR	BETA-LACTAM	CARBAPENEM	ALLELEX	293	293	100.00	100.00	293	WP_004199234.1	carbapenem-hydrolyzing class A beta-lactamase KPC-2	NA	NA
GCF_041004345.1	NA	NZ_CP163082.1	3	548	+	aac(6')-Ib	AAC(6')-Ib family aminoglycoside 6'-N-acetyltransferase	core	AMR	AMR	AMINOGLYCOSIDE	GENTAMICIN	BLASTX	182	184	98.91	100.00	182	WP_012695458.1	AAC(6')-Ib family aminoglycoside 6'-N-acetyltransferase	NA	NA
GCF_045519205.1	NA	NZ_CP161897.1	1602699	1605332	+	gyrA_T83I	Citrobacter freundii quinolone resistant GyrA	core	AMR	POINT	QUINOLONE	QUINOLONE	POINTX	878	878	100.00	99.89	878	WP_003027598.1	DNA gyrase subunit A GyrA	NA	NA
GCF_045519205.1	NA	NZ_CP161897.1	4484370	4485512	+	blaCMY-224	class C beta-lactamase CMY-224	core	AMR	AMR	BETA-LACTAM	CEPHALOSPORIN	ALLELEX	381	381	100.00	100.00	381	WP_172750624.1	class C beta-lactamase CMY-224	NA	NA
GCF_045519205.1	NA	NZ_CP161899.1	2414	3292	+	blaKPC-2	carbapenem-hydrolyzing class A beta-lactamase KPC-2	core	AMR	AMR	BETA-LACTAM	CARBAPENEM	ALLELEX	293	293	100.00	100.00	293	WP_004199234.1	carbapenem-hydrolyzing class A beta-lactamase KPC-2	NA	NA
GCF_045519205.1	NA	NZ_CP161899.1	38758	39567	+	blaNDM-1	subclass B1 metallo-beta-lactamase NDM-1	core	AMR	AMR	BETA-LACTAM	CARBAPENEM	ALLELEX	270	270	100.00	100.00	270	WP_004201164.1	subclass B1 metallo-beta-lactamase NDM-1	NA	NA
GCF_045519205.1	NA	NZ_CP161899.1	39574	39936	+	ble	bleomycin binding protein Ble-MBL	core	AMR	AMR	BLEOMYCIN	BLEOMYCIN	EXACTX	121	121	100.00	100.00	121	WP_004201167.1	bleomycin binding protein Ble-MBL	NA	NA
GCF_046030955.2	NA	NZ_CM169473.1	1555920	1556732	-	aph(3')-Ia	aminoglycoside O-phosphotransferase APH(3')-Ia	core	AMR	AMR	AMINOGLYCOSIDE	KANAMYCIN	EXACTX	271	271	100.00	100.00	271	WP_012695470.1	aminoglycoside O-phosphotransferase APH(3')-Ia	NA	NA
GCF_046030955.2	NA	NZ_CM169473.1	1567001	1567837	-	sul1	sulfonamide-resistant dihydropteroate synthase Sul1	core	AMR	AMR	SULFONAMIDE	SULFONAMIDE	EXACTX	279	279	100.00	100.00	279	WP_000259031.1	sulfonamide-resistant dihydropteroate synthase Sul1	NA	NA
GCF_046030955.2	NA	NZ_CM169473.1	1567834	1568178	-	qacEdelta1	quaternary ammonium compound efflux SMR transporter QacE delta 1	core	STRESS	BIOCIDE	QUATERNARY AMMONIUM	QUATERNARY AMMONIUM	ALLELEX	115	115	100.00	100.00	115	WP_000679427.1	quaternary ammonium compound efflux SMR transporter QacE delta 1	NA	NA
GCF_046030955.2	NA	NZ_CM169473.1	1573266	1574078	-	sul2	sulfonamide-resistant dihydropteroate synthase Sul2	core	AMR	AMR	SULFONAMIDE	SULFONAMIDE	EXACTX	271	271	100.00	100.00	271	WP_001043260.1	sulfonamide-resistant dihydropteroate synthase Sul2	NA	NA
GCF_046030955.2	NA	NZ_CM169473.1	1754967	1755779	-	aph(3')-Ia	aminoglycoside O-phosphotransferase APH(3')-Ia	core	AMR	AMR	AMINOGLYCOSIDE	KANAMYCIN	EXACTX	271	271	100.00	100.00	271	WP_012695470.1	aminoglycoside O-phosphotransferase APH(3')-Ia	NA	NA
GCF_046030955.2	NA	NZ_CM169473.1	1862120	1864753	+	gyrA_T83I	Citrobacter freundii quinolone resistant GyrA	core	AMR	POINT	QUINOLONE	QUINOLONE	POINTX	878	878	100.00	99.89	878	WP_003027598.1	DNA gyrase subunit A GyrA	NA	NA
GCF_046030955.2	NA	NZ_CM169473.1	2686243	2687055	+	aph(3')-Ia	aminoglycoside O-phosphotransferase APH(3')-Ia	core	AMR	AMR	AMINOGLYCOSIDE	KANAMYCIN	EXACTX	271	271	100.00	100.00	271	WP_012695470.1	aminoglycoside O-phosphotransferase APH(3')-Ia	NA	NA
GCF_046030955.2	NA	NZ_CM169473.1	3074002	3074448	+	aac(6')-If	aminoglycoside N-acetyltransferase AAC(6')-If	core	AMR	AMR	AMINOGLYCOSIDE	AMIKACIN/KANAMYCIN/TOBRAMYCIN	EXACTX	149	149	100.00	100.00	149	WP_071593229.1	aminoglycoside N-acetyltransferase AAC(6')-If	NA	NA
GCF_046030955.2	NA	NZ_CM169473.1	4593440	4594582	+	blaCMY-188	class C beta-lactamase CMY-188	core	AMR	AMR	BETA-LACTAM	CEPHALOSPORIN	ALLELEX	381	381	100.00	100.00	381	WP_338424100.1	class C beta-lactamase CMY-188	NA	NA
GCF_046030955.2	NA	NZ_CM169473.1	5108929	5109714	-	aadA1	ANT(3'')-Ia family aminoglycoside nucleotidyltransferase AadA1	core	AMR	AMR	AMINOGLYCOSIDE	STREPTOMYCIN	EXACTX	262	262	100.00	100.00	262	WP_001206315.1	ANT(3'')-Ia family aminoglycoside nucleotidyltransferase AadA1	NA	NA
GCF_046030955.2	NA	NZ_CM169473.1	5109775	5110296	-	sat2	streptothricin N-acetyltransferase Sat2	core	AMR	AMR	STREPTOTHRICIN	STREPTOTHRICIN	EXACTX	174	174	100.00	100.00	174	WP_000704156.1	streptothricin N-acetyltransferase Sat2	NA	NA
GCF_046030955.2	NA	NZ_CM169473.1	5110394	5110864	-	dfrA1	trimethoprim-resistant dihydrofolate reductase DfrA1	core	AMR	AMR	TRIMETHOPRIM	TRIMETHOPRIM	EXACTX	157	157	100.00	100.00	157	WP_000777554.1	trimethoprim-resistant dihydrofolate reductase DfrA1	NA	NA
GCF_046030955.2	NA	NZ_JAUDQJ020000002.1	138901	139431	+	ant(2'')-Ia	aminoglycoside nucleotidyltransferase ANT(2'')-Ia	core	AMR	AMR	AMINOGLYCOSIDE	GENTAMICIN/KANAMYCIN/TOBRAMYCIN	EXACTX	177	177	100.00	100.00	177	WP_000381802.1	aminoglycoside nucleotidyltransferase ANT(2'')-Ia	NA	NA
GCF_046030955.2	NA	NZ_JAUDQJ020000002.1	139492	140280	+	aadA2	ANT(3'')-Ia family aminoglycoside nucleotidyltransferase AadA2	core	AMR	AMR	AMINOGLYCOSIDE	STREPTOMYCIN	EXACTX	263	263	100.00	100.00	263	WP_001261740.1	ANT(3'')-Ia family aminoglycoside nucleotidyltransferase AadA2	NA	NA
GCF_046030955.2	NA	NZ_JAUDQJ020000002.1	140447	140791	+	qacEdelta1	quaternary ammonium compound efflux SMR transporter QacE delta 1	core	STRESS	BIOCIDE	QUATERNARY AMMONIUM	QUATERNARY AMMONIUM	ALLELEX	115	115	100.00	100.00	115	WP_000679427.1	quaternary ammonium compound efflux SMR transporter QacE delta 1	NA	NA
GCF_046030955.2	NA	NZ_JAUDQJ020000002.1	140788	141624	+	sul1	sulfonamide-resistant dihydropteroate synthase Sul1	core	AMR	AMR	SULFONAMIDE	SULFONAMIDE	BLASTX	279	279	100.00	99.64	279	WP_000259031.1	sulfonamide-resistant dihydropteroate synthase Sul1	NA	NA
GCF_046030955.2	NA	NZ_JAUDQJ020000002.1	143837	144490	+	qnrA1	quinolone resistance pentapeptide repeat protein QnrA1	core	AMR	AMR	QUINOLONE	QUINOLONE	ALLELEX	218	218	100.00	100.00	218	WP_012579084.1	quinolone resistance pentapeptide repeat protein QnrA1	NA	NA
GCF_046030955.2	NA	NZ_JAUDQJ020000002.1	145864	146148	+	qacE	quaternary ammonium compound efflux SMR transporter QacE	core	STRESS	BIOCIDE	QUATERNARY AMMONIUM	QUATERNARY AMMONIUM	PARTIALX	95	115	82.61	95.79	95	WP_000679427.1	quaternary ammonium compound efflux SMR transporter QacE delta 1	NA	NA
GCF_046030955.2	NA	NZ_JAUDQJ020000002.1	146145	146981	+	sul1	sulfonamide-resistant dihydropteroate synthase Sul1	core	AMR	AMR	SULFONAMIDE	SULFONAMIDE	EXACTX	279	279	100.00	100.00	279	WP_000259031.1	sulfonamide-resistant dihydropteroate synthase Sul1	NA	NA
GCF_046030955.2	NA	NZ_JAUDQJ020000002.1	209594	210406	-	aph(3')-Ia	aminoglycoside O-phosphotransferase APH(3')-Ia	core	AMR	AMR	AMINOGLYCOSIDE	KANAMYCIN	EXACTX	271	271	100.00	100.00	271	WP_012695470.1	aminoglycoside O-phosphotransferase APH(3')-Ia	NA	NA
GCF_046030955.2	NA	NZ_JAUDQJ020000002.1	218355	219167	-	aph(3')-Ia	aminoglycoside O-phosphotransferase APH(3')-Ia	core	AMR	AMR	AMINOGLYCOSIDE	KANAMYCIN	EXACTX	271	271	100.00	100.00	271	WP_012695470.1	aminoglycoside O-phosphotransferase APH(3')-Ia	NA	NA
GCF_046030955.2	NA	NZ_JAUDQJ020000004.1	76883	77740	+	blaTEM-1	broad-spectrum class A beta-lactamase TEM-1	core	AMR	AMR	BETA-LACTAM	BETA-LACTAM	ALLELEX	286	286	100.00	100.00	286	WP_000027057.1	broad-spectrum class A beta-lactamase TEM-1	NA	NA
GCF_046030955.2	NA	NZ_JAUDQJ020000005.1	10323	11117	+	blaOXA-48	OXA-48 family carbapenem-hydrolyzing class D beta-lactamase OXA-48	core	AMR	AMR	BETA-LACTAM	CARBAPENEM	ALLELEX	265	265	100.00	100.00	265	WP_015059991.1	OXA-48 family carbapenem-hydrolyzing class D beta-lactamase OXA-48	NA	NA
GCF_046030955.2	NA	NZ_JAUDQJ020000006.1	23553	24431	-	blaKPC-2	carbapenem-hydrolyzing class A beta-lactamase KPC-2	core	AMR	AMR	BETA-LACTAM	CARBAPENEM	ALLELEX	293	293	100.00	100.00	293	WP_004199234.1	carbapenem-hydrolyzing class A beta-lactamase KPC-2	NA	NA
GCF_046031095.2	NA	NZ_CM169474.1	1758874	1761507	+	gyrA_T83I	Citrobacter freundii quinolone resistant GyrA	core	AMR	POINT	QUINOLONE	QUINOLONE	POINTX	878	878	100.00	99.89	878	WP_003027598.1	DNA gyrase subunit A GyrA	NA	NA
GCF_046031095.2	NA	NZ_CM169474.1	4694036	4695178	+	blaCMY-48	class C beta-lactamase CMY-48	core	AMR	AMR	BETA-LACTAM	CEPHALOSPORIN	ALLELEX	381	381	100.00	100.00	381	WP_044699195.1	class C beta-lactamase CMY-48	NA	NA
GCF_046031095.2	NA	NZ_JAUDQP020000003.1	92728	93606	+	blaKPC-3	carbapenem-hydrolyzing class A beta-lactamase KPC-3	core	AMR	AMR	BETA-LACTAM	CARBAPENEM	ALLELEX	293	293	100.00	100.00	293	WP_004152396.1	carbapenem-hydrolyzing class A beta-lactamase KPC-3	NA	NA
GCF_046031095.2	NA	NZ_JAUDQP020000003.1	107576	108046	-	dfrA14	trimethoprim-resistant dihydrofolate reductase DfrA14	core	AMR	AMR	TRIMETHOPRIM	TRIMETHOPRIM	EXACTX	157	157	100.00	100.00	157	WP_004201280.1	trimethoprim-resistant dihydrofolate reductase DfrA14	NA	NA
GCF_046031095.2	NA	NZ_JAUDQP020000005.1	25890	26546	+	catA1	type A-1 chloramphenicol O-acetyltransferase	core	AMR	AMR	PHENICOL	CHLORAMPHENICOL	EXACTX	219	219	100.00	100.00	219	WP_000412211.1	type A-1 chloramphenicol O-acetyltransferase	NA	NA
GCF_046031095.2	NA	NZ_JAUDQP020000005.1	29950	31422	+	msr(E)	ABC-F type ribosomal protection protein Msr(E)	core	AMR	AMR	MACROLIDE/STREPTOGRAMIN	AZITHROMYCIN/ERYTHROMYCIN/STREPTOGRAMIN	EXACTX	491	491	100.00	100.00	491	WP_000052512.1	ABC-F type ribosomal protection protein Msr(E)	NA	NA
GCF_046031095.2	NA	NZ_JAUDQP020000005.1	31481	32362	+	mph(E)	Mph(E) family macrolide 2'-phosphotransferase	core	AMR	AMR	MACROLIDE	ERYTHROMYCIN	EXACTX	294	294	100.00	100.00	294	WP_000155092.1	Mph(E) family macrolide 2'-phosphotransferase	NA	NA
GCF_046031095.2	NA	NZ_JAUDQP020000005.1	34170	34967	+	blaVIM-1	subclass B1 metallo-beta-lactamase VIM-1	core	AMR	AMR	BETA-LACTAM	CARBAPENEM	ALLELEX	266	266	100.00	100.00	266	WP_013263789.1	subclass B1 metallo-beta-lactamase VIM-1	NA	NA
GCF_046031095.2	NA	NZ_JAUDQP020000005.1	35078	35629	+	aac(6')-Ib4	aminoglycoside N-acetyltransferase AAC(6')-Ib4	core	AMR	AMR	AMINOGLYCOSIDE	GENTAMICIN	ALLELEX	184	184	100.00	100.00	184	WP_003159191.1	aminoglycoside N-acetyltransferase AAC(6')-Ib4	NA	NA
GCF_046031095.2	NA	NZ_JAUDQP020000005.1	35763	35996	+	dfrB1	trimethoprim-resistant dihydrofolate reductase DfrB1	core	AMR	AMR	TRIMETHOPRIM	TRIMETHOPRIM	EXACTX	78	78	100.00	100.00	78	WP_000442373.1	trimethoprim-resistant dihydrofolate reductase DfrB1	NA	NA
GCF_046031095.2	NA	NZ_JAUDQP020000005.1	36113	36901	+	aadA1	ANT(3'')-Ia family aminoglycoside nucleotidyltransferase AadA1	core	AMR	AMR	AMINOGLYCOSIDE	STREPTOMYCIN	EXACTX	263	263	100.00	100.00	263	WP_001206317.1	ANT(3'')-Ia family aminoglycoside nucleotidyltransferase AadA1	NA	NA
GCF_046031095.2	NA	NZ_JAUDQP020000005.1	36957	37586	+	catB2	type B-2 chloramphenicol O-acetyltransferase CatB2	core	AMR	AMR	PHENICOL	CHLORAMPHENICOL	EXACTX	210	210	100.00	100.00	210	WP_012477387.1	type B-2 chloramphenicol O-acetyltransferase CatB2	NA	NA
GCF_046031095.2	NA	NZ_JAUDQP020000005.1	37758	38102	+	qacEdelta1	quaternary ammonium compound efflux SMR transporter QacE delta 1	core	STRESS	BIOCIDE	QUATERNARY AMMONIUM	QUATERNARY AMMONIUM	ALLELEX	115	115	100.00	100.00	115	WP_000679427.1	quaternary ammonium compound efflux SMR transporter QacE delta 1	NA	NA
GCF_046031095.2	NA	NZ_JAUDQP020000005.1	38099	38935	+	sul1	sulfonamide-resistant dihydropteroate synthase Sul1	core	AMR	AMR	SULFONAMIDE	SULFONAMIDE	EXACTX	279	279	100.00	100.00	279	WP_000259031.1	sulfonamide-resistant dihydropteroate synthase Sul1	NA	NA
GCF_046031255.2	NA	NZ_CM169471.1	1438044	1438856	-	sul2	sulfonamide-resistant dihydropteroate synthase Sul2	core	AMR	AMR	SULFONAMIDE	SULFONAMIDE	EXACTX	271	271	100.00	100.00	271	WP_001043260.1	sulfonamide-resistant dihydropteroate synthase Sul2	NA	NA
GCF_046031255.2	NA	NZ_CM169471.1	1718003	1720636	+	gyrA_T83I	Citrobacter freundii quinolone resistant GyrA	core	AMR	POINT	QUINOLONE	QUINOLONE	POINTX	878	878	100.00	99.89	878	WP_003027598.1	DNA gyrase subunit A GyrA	NA	NA
GCF_046031255.2	NA	NZ_CM169471.1	2628562	2629374	+	aph(3')-Ia	aminoglycoside O-phosphotransferase APH(3')-Ia	core	AMR	AMR	AMINOGLYCOSIDE	KANAMYCIN	EXACTX	271	271	100.00	100.00	271	WP_012695470.1	aminoglycoside O-phosphotransferase APH(3')-Ia	NA	NA
GCF_046031255.2	NA	NZ_CM169471.1	2983912	2984358	+	aac(6')-If	aminoglycoside N-acetyltransferase AAC(6')-If	core	AMR	AMR	AMINOGLYCOSIDE	AMIKACIN/KANAMYCIN/TOBRAMYCIN	EXACTX	149	149	100.00	100.00	149	WP_071593229.1	aminoglycoside N-acetyltransferase AAC(6')-If	NA	NA
GCF_046031255.2	NA	NZ_CM169471.1	4587218	4588360	+	blaCMY-189	class C beta-lactamase CMY-189	core	AMR	AMR	BETA-LACTAM	CEPHALOSPORIN	ALLELEX	381	381	100.00	100.00	381	WP_046670810.1	class C beta-lactamase CMY-189	NA	NA
GCF_046031255.2	NA	NZ_CM169471.1	5332509	5333294	-	aadA1	ANT(3'')-Ia family aminoglycoside nucleotidyltransferase AadA1	core	AMR	AMR	AMINOGLYCOSIDE	STREPTOMYCIN	EXACTX	262	262	100.00	100.00	262	WP_001206315.1	ANT(3'')-Ia family aminoglycoside nucleotidyltransferase AadA1	NA	NA
GCF_046031255.2	NA	NZ_CM169471.1	5333355	5333876	-	sat2	streptothricin N-acetyltransferase Sat2	core	AMR	AMR	STREPTOTHRICIN	STREPTOTHRICIN	EXACTX	174	174	100.00	100.00	174	WP_000704156.1	streptothricin N-acetyltransferase Sat2	NA	NA
GCF_046031255.2	NA	NZ_CM169471.1	5333974	5334444	-	dfrA1	trimethoprim-resistant dihydrofolate reductase DfrA1	core	AMR	AMR	TRIMETHOPRIM	TRIMETHOPRIM	EXACTX	157	157	100.00	100.00	157	WP_000777554.1	trimethoprim-resistant dihydrofolate reductase DfrA1	NA	NA
GCF_046031255.2	NA	NZ_JAUDQU020000002.1	208595	209086	-	sul1	sulfonamide-resistant dihydropteroate synthase Sul1	core	AMR	AMR	SULFONAMIDE	SULFONAMIDE	PARTIALX	164	275	59.64	100.00	164	WP_063855066.1	sulfonamide-resistant dihydropteroate synthase Sul1	NA	NA
GCF_046031255.2	NA	NZ_JAUDQU020000002.1	209083	209427	-	qacEdelta1	quaternary ammonium compound efflux SMR transporter QacE delta 1	core	STRESS	BIOCIDE	QUATERNARY AMMONIUM	QUATERNARY AMMONIUM	ALLELEX	115	115	100.00	100.00	115	WP_000679427.1	quaternary ammonium compound efflux SMR transporter QacE delta 1	NA	NA
GCF_046031255.2	NA	NZ_JAUDQU020000002.1	209599	210141	-	aac(6')-Ib	AAC(6')-Ib family aminoglycoside 6'-N-acetyltransferase	core	AMR	AMR	AMINOGLYCOSIDE	GENTAMICIN	BLASTX	181	184	98.37	99.45	181	WP_003159191.1	aminoglycoside N-acetyltransferase AAC(6')-Ib4	NA	NA
GCF_046031255.2	NA	NZ_JAUDQU020000003.1	88304	89161	-	blaTEM-1	broad-spectrum class A beta-lactamase TEM-1	core	AMR	AMR	BETA-LACTAM	BETA-LACTAM	ALLELEX	286	286	100.00	100.00	286	WP_000027057.1	broad-spectrum class A beta-lactamase TEM-1	NA	NA
GCF_046031255.2	NA	NZ_JAUDQU020000003.1	112639	113169	+	ant(2'')-Ia	aminoglycoside nucleotidyltransferase ANT(2'')-Ia	core	AMR	AMR	AMINOGLYCOSIDE	GENTAMICIN/KANAMYCIN/TOBRAMYCIN	EXACTX	177	177	100.00	100.00	177	WP_000381802.1	aminoglycoside nucleotidyltransferase ANT(2'')-Ia	NA	NA
GCF_046031255.2	NA	NZ_JAUDQU020000003.1	113230	114018	+	aadA2	ANT(3'')-Ia family aminoglycoside nucleotidyltransferase AadA2	core	AMR	AMR	AMINOGLYCOSIDE	STREPTOMYCIN	EXACTX	263	263	100.00	100.00	263	WP_001261740.1	ANT(3'')-Ia family aminoglycoside nucleotidyltransferase AadA2	NA	NA
GCF_046031255.2	NA	NZ_JAUDQU020000003.1	114185	114529	+	qacEdelta1	quaternary ammonium compound efflux SMR transporter QacE delta 1	core	STRESS	BIOCIDE	QUATERNARY AMMONIUM	QUATERNARY AMMONIUM	ALLELEX	115	115	100.00	100.00	115	WP_000679427.1	quaternary ammonium compound efflux SMR transporter QacE delta 1	NA	NA
GCF_046031255.2	NA	NZ_JAUDQU020000003.1	114526	115362	+	sul1	sulfonamide-resistant dihydropteroate synthase Sul1	core	AMR	AMR	SULFONAMIDE	SULFONAMIDE	EXACTX	279	279	100.00	100.00	279	WP_000259031.1	sulfonamide-resistant dihydropteroate synthase Sul1	NA	NA
GCF_046031255.2	NA	NZ_JAUDQU020000003.1	119115	119756	-	qnrB2	quinolone resistance pentapeptide repeat protein QnrB2	core	AMR	AMR	QUINOLONE	QUINOLONE	ALLELEX	214	214	100.00	100.00	214	WP_012695489.1	quinolone resistance pentapeptide repeat protein QnrB2	NA	NA
GCF_046031255.2	NA	NZ_JAUDQU020000003.1	120044	120250	+	qacE	quaternary ammonium compound efflux SMR transporter QacE	core	STRESS	BIOCIDE	QUATERNARY AMMONIUM	QUATERNARY AMMONIUM	PARTIALX	69	115	60.00	98.55	69	WP_000679427.1	quaternary ammonium compound efflux SMR transporter QacE delta 1	NA	NA
GCF_046031255.2	NA	NZ_JAUDQU020000003.1	120247	121083	+	sul1	sulfonamide-resistant dihydropteroate synthase Sul1	core	AMR	AMR	SULFONAMIDE	SULFONAMIDE	EXACTX	279	279	100.00	100.00	279	WP_000259031.1	sulfonamide-resistant dihydropteroate synthase Sul1	NA	NA
GCF_046031255.2	NA	NZ_JAUDQU020000004.1	4447	5241	+	blaOXA-48	OXA-48 family carbapenem-hydrolyzing class D beta-lactamase OXA-48	core	AMR	AMR	BETA-LACTAM	CARBAPENEM	ALLELEX	265	265	100.00	100.00	265	WP_015059991.1	OXA-48 family carbapenem-hydrolyzing class D beta-lactamase OXA-48	NA	NA
GCF_046031255.2	NA	NZ_JAUDQU020000005.1	54071	54949	-	blaKPC-2	carbapenem-hydrolyzing class A beta-lactamase KPC-2	core	AMR	AMR	BETA-LACTAM	CARBAPENEM	ALLELEX	293	293	100.00	100.00	293	WP_004199234.1	carbapenem-hydrolyzing class A beta-lactamase KPC-2	NA	NA
GCF_046031255.2	NA	NZ_JAUDQU020000007.1	108	650	+	aac(6')-Ib	AAC(6')-Ib family aminoglycoside 6'-N-acetyltransferase	core	AMR	AMR	AMINOGLYCOSIDE	GENTAMICIN	BLASTX	181	184	98.37	99.45	181	WP_003159191.1	aminoglycoside N-acetyltransferase AAC(6')-Ib4	NA	NA
GCF_046031255.2	NA	NZ_JAUDQU020000007.1	784	1611	+	blaOXA-1	oxacillin-hydrolyzing class D beta-lactamase OXA-1	core	AMR	AMR	BETA-LACTAM	CEPHALOSPORIN	ALLELEX	276	276	100.00	100.00	276	WP_001334766.1	oxacillin-hydrolyzing class D beta-lactamase OXA-1	NA	NA
GCF_046031255.2	NA	NZ_JAUDQU020000007.1	1752	2192	+	catB3	type B-3 chloramphenicol O-acetyltransferase CatB3	core	AMR	AMR	PHENICOL	CHLORAMPHENICOL	PARTIALX	147	210	70.00	100.00	147	WP_000186237.1	type B-3 chloramphenicol O-acetyltransferase CatB3	NA	NA
GCF_046031255.2	NA	NZ_JAUDQU020000010.1	171	1028	+	blaTEM-1	broad-spectrum class A beta-lactamase TEM-1	core	AMR	AMR	BETA-LACTAM	BETA-LACTAM	ALLELEX	286	286	100.00	100.00	286	WP_000027057.1	broad-spectrum class A beta-lactamase TEM-1	NA	NA
GCF_046097535.1	NA	NZ_CP175808.1	1326811	1327953	-	blaCMY-68	class C beta-lactamase CMY-68	core	AMR	AMR	BETA-LACTAM	CEPHALOSPORIN	ALLELEX	381	381	100.00	100.00	381	WP_063859860.1	class C beta-lactamase CMY-68	NA	NA
GCF_048320175.1	NA	NZ_CP182926.1	1593377	1596010	+	gyrA_T83I	Citrobacter freundii quinolone resistant GyrA	core	AMR	POINT	QUINOLONE	QUINOLONE	POINTX	878	878	100.00	99.89	878	WP_003027598.1	DNA gyrase subunit A GyrA	NA	NA
GCF_048320175.1	NA	NZ_CP182926.1	4424913	4426055	+	blaCMY-224	class C beta-lactamase CMY-224	core	AMR	AMR	BETA-LACTAM	CEPHALOSPORIN	ALLELEX	381	381	100.00	100.00	381	WP_172750624.1	class C beta-lactamase CMY-224	NA	NA
GCF_048320175.1	NA	NZ_CP182927.1	33332	34069	+	blaIMP-4	subclass B1 metallo-beta-lactamase IMP-4	core	AMR	AMR	BETA-LACTAM	CARBAPENEM	ALLELEX	246	246	100.00	100.00	246	WP_015060105.1	subclass B1 metallo-beta-lactamase IMP-4	NA	NA
GCF_048320175.1	NA	NZ_CP182927.1	38501	39736	-	mrx(A)	phosphorylated macrolide efflux MFS transporter Mrx(A)	core	AMR	AMR	MACROLIDE	AZITHROMYCIN/ERYTHROMYCIN/SPIRAMYCIN/TELITHROMYCIN	EXACTX	412	412	100.00	100.00	412	WP_000004159.1	phosphorylated macrolide efflux MFS transporter Mrx(A)	NA	NA
GCF_048320175.1	NA	NZ_CP182927.1	39736	40638	-	mph(A)	Mph(A) family macrolide 2'-phosphotransferase	core	AMR	AMR	MACROLIDE	AZITHROMYCIN/ERYTHROMYCIN/SPIRAMYCIN/TELITHROMYCIN	EXACTX	301	301	100.00	100.00	301	WP_000219391.1	Mph(A) family macrolide 2'-phosphotransferase	NA	NA
GCF_048320175.1	NA	NZ_CP182928.1	6406	6852	-	blaTEM	TEM family class A beta-lactamase	core	AMR	AMR	BETA-LACTAM	BETA-LACTAM	PARTIALX	149	286	52.10	100.00	149	WP_000027057.1	broad-spectrum class A beta-lactamase TEM-1	NA	NA
GCF_048320175.1	NA	NZ_CP182928.1	11827	12684	-	aac(3)-IId	aminoglycoside N-acetyltransferase AAC(3)-IId	core	AMR	AMR	AMINOGLYCOSIDE	GENTAMICIN	EXACTX	286	286	100.00	100.00	286	WP_000557454.1	aminoglycoside N-acetyltransferase AAC(3)-IId	NA	NA
GCF_048320175.1	NA	NZ_CP182929.1	24730	25587	+	blaTEM-1	broad-spectrum class A beta-lactamase TEM-1	core	AMR	AMR	BETA-LACTAM	BETA-LACTAM	ALLELEX	286	286	100.00	100.00	286	WP_000027057.1	broad-spectrum class A beta-lactamase TEM-1	NA	NA
GCF_048320175.1	NA	NZ_CP182929.1	26956	27789	-	aph(6)-Id	aminoglycoside O-phosphotransferase APH(6)-Id	core	AMR	AMR	AMINOGLYCOSIDE	STREPTOMYCIN	EXACTX	278	278	100.00	100.00	278	WP_000480968.1	aminoglycoside O-phosphotransferase APH(6)-Id	NA	NA
GCF_048320175.1	NA	NZ_CP182929.1	27792	28592	-	aph(3'')-Ib	aminoglycoside O-phosphotransferase APH(3'')-Ib	core	AMR	AMR	AMINOGLYCOSIDE	STREPTOMYCIN	EXACTX	267	267	100.00	100.00	267	WP_001082319.1	aminoglycoside O-phosphotransferase APH(3'')-Ib	NA	NA
GCF_048320175.1	NA	NZ_CP182929.1	28656	29468	-	sul2	sulfonamide-resistant dihydropteroate synthase Sul2	core	AMR	AMR	SULFONAMIDE	SULFONAMIDE	EXACTX	271	271	100.00	100.00	271	WP_001043265.1	sulfonamide-resistant dihydropteroate synthase Sul2	NA	NA
GCF_048320175.1	NA	NZ_CP182929.1	32306	32668	-	ble	bleomycin binding protein Ble-MBL	core	AMR	AMR	BLEOMYCIN	BLEOMYCIN	EXACTX	121	121	100.00	100.00	121	WP_004201167.1	bleomycin binding protein Ble-MBL	NA	NA
GCF_048320175.1	NA	NZ_CP182929.1	32675	33484	-	blaNDM-5	subclass B1 metallo-beta-lactamase NDM-5	core	AMR	AMR	BETA-LACTAM	CARBAPENEM	ALLELEX	270	270	100.00	100.00	270	WP_023408309.1	subclass B1 metallo-beta-lactamase NDM-5	NA	NA
GCF_048320175.1	NA	NZ_CP182930.1	30231	31109	-	blaKPC-2	carbapenem-hydrolyzing class A beta-lactamase KPC-2	core	AMR	AMR	BETA-LACTAM	CARBAPENEM	ALLELEX	293	293	100.00	100.00	293	WP_004199234.1	carbapenem-hydrolyzing class A beta-lactamase KPC-2	NA	NA
GCF_049060285.2	NA	NZ_CM183195.1	471448	472590	-	blaCMY	CMY-2 family class C beta-lactamase	core	AMR	AMR	BETA-LACTAM	CEPHALOSPORIN	BLASTX	381	381	100.00	99.74	381	WP_044699195.1	class C beta-lactamase CMY-48	NA	NA
GCF_049060285.2	NA	NZ_CM183195.1	3333896	3336529	-	gyrA_T83I	Citrobacter freundii quinolone resistant GyrA	core	AMR	POINT	QUINOLONE	QUINOLONE	POINTX	878	878	100.00	99.89	878	WP_003027598.1	DNA gyrase subunit A GyrA	NA	NA
GCF_049060285.2	NA	NZ_JBMGPS020000003.1	53174	53986	-	sul2	sulfonamide-resistant dihydropteroate synthase Sul2	core	AMR	AMR	SULFONAMIDE	SULFONAMIDE	EXACTX	271	271	100.00	100.00	271	WP_001043260.1	sulfonamide-resistant dihydropteroate synthase Sul2	NA	NA
GCF_049060285.2	NA	NZ_JBMGPS020000003.1	60775	61413	+	catA2	type A-2 chloramphenicol O-acetyltransferase CatII	core	AMR	AMR	PHENICOL	CHLORAMPHENICOL	EXACTX	213	213	100.00	100.00	213	WP_001011939.1	type A-2 chloramphenicol O-acetyltransferase CatII	NA	NA
GCF_049060285.2	NA	NZ_JBMGPS020000003.1	63028	64209	+	tet(D)	tetracycline efflux MFS transporter Tet(D)	core	AMR	AMR	TETRACYCLINE	TETRACYCLINE	EXACTX	394	394	100.00	100.00	394	WP_001039466.1	tetracycline efflux MFS transporter Tet(D)	NA	NA
GCF_049060285.2	NA	NZ_JBMGPS020000003.1	74170	75027	-	blaTEM-1	broad-spectrum class A beta-lactamase TEM-1	core	AMR	AMR	BETA-LACTAM	BETA-LACTAM	ALLELEX	286	286	100.00	100.00	286	WP_000027057.1	broad-spectrum class A beta-lactamase TEM-1	NA	NA
GCF_049060285.2	NA	NZ_JBMGPS020000003.1	80002	80859	-	aac(3)-IId	aminoglycoside N-acetyltransferase AAC(3)-IId	core	AMR	AMR	AMINOGLYCOSIDE	GENTAMICIN	EXACTX	286	286	100.00	100.00	286	WP_000557454.1	aminoglycoside N-acetyltransferase AAC(3)-IId	NA	NA
GCF_049060285.2	NA	NZ_JBMGPS020000003.1	81918	82820	+	mph(A)	Mph(A) family macrolide 2'-phosphotransferase	core	AMR	AMR	MACROLIDE	AZITHROMYCIN/ERYTHROMYCIN/SPIRAMYCIN/TELITHROMYCIN	EXACTX	301	301	100.00	100.00	301	WP_000219391.1	Mph(A) family macrolide 2'-phosphotransferase	NA	NA
GCF_049060285.2	NA	NZ_JBMGPS020000003.1	82820	84055	+	mrx(A)	phosphorylated macrolide efflux MFS transporter Mrx(A)	core	AMR	AMR	MACROLIDE	AZITHROMYCIN/ERYTHROMYCIN/SPIRAMYCIN/TELITHROMYCIN	EXACTX	412	412	100.00	100.00	412	WP_000004159.1	phosphorylated macrolide efflux MFS transporter Mrx(A)	NA	NA
GCF_049060285.2	NA	NZ_JBMGPS020000003.1	88137	88973	-	sul1	sulfonamide-resistant dihydropteroate synthase Sul1	core	AMR	AMR	SULFONAMIDE	SULFONAMIDE	EXACTX	279	279	100.00	100.00	279	WP_000259031.1	sulfonamide-resistant dihydropteroate synthase Sul1	NA	NA
GCF_049060285.2	NA	NZ_JBMGPS020000003.1	88970	89314	-	qacEdelta1	quaternary ammonium compound efflux SMR transporter QacE delta 1	core	STRESS	BIOCIDE	QUATERNARY AMMONIUM	QUATERNARY AMMONIUM	ALLELEX	115	115	100.00	100.00	115	WP_000679427.1	quaternary ammonium compound efflux SMR transporter QacE delta 1	NA	NA
GCF_049060285.2	NA	NZ_JBMGPS020000003.1	89545	90186	+	qnrB6	quinolone resistance pentapeptide repeat protein QnrB6	core	AMR	AMR	QUINOLONE	QUINOLONE	ALLELEX	214	214	100.00	100.00	214	WP_001749994.1	quinolone resistance pentapeptide repeat protein QnrB6	NA	NA
GCF_049060285.2	NA	NZ_JBMGPS020000003.1	93603	94439	-	sul1	sulfonamide-resistant dihydropteroate synthase Sul1	core	AMR	AMR	SULFONAMIDE	SULFONAMIDE	EXACTX	279	279	100.00	100.00	279	WP_000259031.1	sulfonamide-resistant dihydropteroate synthase Sul1	NA	NA
GCF_049060285.2	NA	NZ_JBMGPS020000003.1	94436	94780	-	qacEdelta1	quaternary ammonium compound efflux SMR transporter QacE delta 1	core	STRESS	BIOCIDE	QUATERNARY AMMONIUM	QUATERNARY AMMONIUM	ALLELEX	115	115	100.00	100.00	115	WP_000679427.1	quaternary ammonium compound efflux SMR transporter QacE delta 1	NA	NA
GCF_049060285.2	NA	NZ_JBMGPS020000003.1	94900	95742	-	aadA16	ANT(3'')-Ia family aminoglycoside nucleotidyltransferase AadA16	core	AMR	AMR	AMINOGLYCOSIDE	STREPTOMYCIN	EXACTX	281	281	100.00	100.00	281	WP_001749984.1	ANT(3'')-Ia family aminoglycoside nucleotidyltransferase AadA16	NA	NA
GCF_049060285.2	NA	NZ_JBMGPS020000003.1	95926	96396	-	dfrA27	trimethoprim-resistant dihydrofolate reductase DfrA27	core	AMR	AMR	TRIMETHOPRIM	TRIMETHOPRIM	EXACTX	157	157	100.00	100.00	157	WP_001749985.1	trimethoprim-resistant dihydrofolate reductase DfrA27	NA	NA
GCF_049060285.2	NA	NZ_JBMGPS020000003.1	96532	96981	-	arr-3	NAD(+)--rifampin ADP-ribosyltransferase Arr-3	core	AMR	AMR	RIFAMYCIN	RIFAMYCIN	EXACTX	150	150	100.00	100.00	150	WP_001749986.1	NAD(+)--rifampin ADP-ribosyltransferase Arr-3	NA	NA
GCF_049060285.2	NA	NZ_JBMGPS020000003.1	97081	97632	-	aac(6')-Ib-cr5	fluoroquinolone-acetylating aminoglycoside 6'-N-acetyltransferase AAC(6')-Ib-cr5	core	AMR	AMR	AMINOGLYCOSIDE/QUINOLONE	AMIKACIN/KANAMYCIN/QUINOLONE/TOBRAMYCIN	ALLELEX	184	184	100.00	100.00	184	WP_063840321.1	fluoroquinolone-acetylating aminoglycoside 6'-N-acetyltransferase AAC(6')-Ib-cr5	NA	NA
GCF_049060285.2	NA	NZ_JBMGPS020000004.1	56970	58112	+	blaCMY-6	extended-spectrum class C beta-lactamase CMY-6	core	AMR	AMR	BETA-LACTAM	CEPHALOSPORIN	ALLELEX	381	381	100.00	100.00	381	WP_015058212.1	extended-spectrum class C beta-lactamase CMY-6	NA	NA
GCF_049060285.2	NA	NZ_JBMGPS020000004.1	123026	123577	+	aac(6')-Ib3	aminoglycoside N-acetyltransferase AAC(6')-Ib3	core	AMR	AMR	AMINOGLYCOSIDE	AMIKACIN/KANAMYCIN/TOBRAMYCIN	ALLELEX	184	184	100.00	100.00	184	WP_032488579.1	aminoglycoside N-acetyltransferase AAC(6')-Ib3	NA	NA
GCF_049060285.2	NA	NZ_JBMGPS020000004.1	123749	124093	+	qacEdelta1	quaternary ammonium compound efflux SMR transporter QacE delta 1	core	STRESS	BIOCIDE	QUATERNARY AMMONIUM	QUATERNARY AMMONIUM	ALLELEX	115	115	100.00	100.00	115	WP_000679427.1	quaternary ammonium compound efflux SMR transporter QacE delta 1	NA	NA
GCF_049060285.2	NA	NZ_JBMGPS020000004.1	124090	124926	+	sul1	sulfonamide-resistant dihydropteroate synthase Sul1	core	AMR	AMR	SULFONAMIDE	SULFONAMIDE	EXACTX	279	279	100.00	100.00	279	WP_000259031.1	sulfonamide-resistant dihydropteroate synthase Sul1	NA	NA
GCF_049060285.2	NA	NZ_JBMGPS020000004.1	128139	128948	+	blaNDM-1	subclass B1 metallo-beta-lactamase NDM-1	core	AMR	AMR	BETA-LACTAM	CARBAPENEM	ALLELEX	270	270	100.00	100.00	270	WP_004201164.1	subclass B1 metallo-beta-lactamase NDM-1	NA	NA
GCF_049060285.2	NA	NZ_JBMGPS020000004.1	128955	129317	+	ble	bleomycin binding protein Ble-MBL	core	AMR	AMR	BLEOMYCIN	BLEOMYCIN	EXACTX	121	121	100.00	100.00	121	WP_004201167.1	bleomycin binding protein Ble-MBL	NA	NA
GCF_049315055.1	NA	NZ_CP186042.1	1673850	1676483	+	gyrA_T83I	Citrobacter freundii quinolone resistant GyrA	core	AMR	POINT	QUINOLONE	QUINOLONE	POINTX	878	878	100.00	99.89	878	WP_003027598.1	DNA gyrase subunit A GyrA	NA	NA
GCF_049315055.1	NA	NZ_CP186042.1	3756591	3757244	-	qnrS1	quinolone resistance pentapeptide repeat protein QnrS1	core	AMR	AMR	QUINOLONE	QUINOLONE	ALLELEX	218	218	100.00	100.00	218	WP_001516695.1	quinolone resistance pentapeptide repeat protein QnrS1	NA	NA
GCF_049315055.1	NA	NZ_CP186042.1	3763426	3763977	+	aac(6')-Ib3	aminoglycoside N-acetyltransferase AAC(6')-Ib3	core	AMR	AMR	AMINOGLYCOSIDE	AMIKACIN/KANAMYCIN/TOBRAMYCIN	ALLELEX	184	184	100.00	100.00	184	WP_032488579.1	aminoglycoside N-acetyltransferase AAC(6')-Ib3	NA	NA
GCF_049315055.1	NA	NZ_CP186042.1	3764077	3764526	+	arr-3	NAD(+)--rifampin ADP-ribosyltransferase Arr-3	core	AMR	AMR	RIFAMYCIN	RIFAMYCIN	EXACTX	150	150	100.00	100.00	150	WP_001749986.1	NAD(+)--rifampin ADP-ribosyltransferase Arr-3	NA	NA
GCF_049315055.1	NA	NZ_CP186042.1	3768309	3768965	-	catA1	type A-1 chloramphenicol O-acetyltransferase	core	AMR	AMR	PHENICOL	CHLORAMPHENICOL	EXACTX	219	219	100.00	100.00	219	WP_000412211.1	type A-1 chloramphenicol O-acetyltransferase	NA	NA
GCF_049315055.1	NA	NZ_CP186042.1	4740506	4741648	+	blaCMY	CMY-2 family class C beta-lactamase	core	AMR	AMR	BETA-LACTAM	CEPHALOSPORIN	BLASTX	381	381	100.00	99.74	381	WP_044699195.1	class C beta-lactamase CMY-48	NA	NA
GCF_049315055.1	NA	NZ_CP186042.1	5229108	5229893	-	aadA1	ANT(3'')-Ia family aminoglycoside nucleotidyltransferase AadA1	core	AMR	AMR	AMINOGLYCOSIDE	STREPTOMYCIN	EXACTX	262	262	100.00	100.00	262	WP_001206315.1	ANT(3'')-Ia family aminoglycoside nucleotidyltransferase AadA1	NA	NA
GCF_049315055.1	NA	NZ_CP186042.1	5229954	5230475	-	sat2	streptothricin N-acetyltransferase Sat2	core	AMR	AMR	STREPTOTHRICIN	STREPTOTHRICIN	EXACTX	174	174	100.00	100.00	174	WP_000704156.1	streptothricin N-acetyltransferase Sat2	NA	NA
GCF_049315055.1	NA	NZ_CP186042.1	5230573	5231043	-	dfrA1	trimethoprim-resistant dihydrofolate reductase DfrA1	core	AMR	AMR	TRIMETHOPRIM	TRIMETHOPRIM	EXACTX	157	157	100.00	100.00	157	WP_000777554.1	trimethoprim-resistant dihydrofolate reductase DfrA1	NA	NA
GCF_049315055.1	NA	NZ_CP186043.1	10683	11561	+	blaKPC-2	carbapenem-hydrolyzing class A beta-lactamase KPC-2	core	AMR	AMR	BETA-LACTAM	CARBAPENEM	ALLELEX	293	293	100.00	100.00	293	WP_004199234.1	carbapenem-hydrolyzing class A beta-lactamase KPC-2	NA	NA
GCF_049315055.1	NA	NZ_CP186044.1	6935	7744	+	blaNDM-1	subclass B1 metallo-beta-lactamase NDM-1	core	AMR	AMR	BETA-LACTAM	CARBAPENEM	ALLELEX	270	270	100.00	100.00	270	WP_004201164.1	subclass B1 metallo-beta-lactamase NDM-1	NA	NA
GCF_049315055.1	NA	NZ_CP186044.1	7751	8113	+	ble	bleomycin binding protein Ble-MBL	core	AMR	AMR	BLEOMYCIN	BLEOMYCIN	EXACTX	121	121	100.00	100.00	121	WP_004201167.1	bleomycin binding protein Ble-MBL	NA	NA
GCF_049315055.1	NA	NZ_CP186044.1	34861	35331	-	dfrA14	trimethoprim-resistant dihydrofolate reductase DfrA14	core	AMR	AMR	TRIMETHOPRIM	TRIMETHOPRIM	EXACTX	157	157	100.00	100.00	157	WP_004201280.1	trimethoprim-resistant dihydrofolate reductase DfrA14	NA	NA
GCF_049315055.1	NA	NZ_CP186050.1	30709	31521	-	aph(3')-Ia	aminoglycoside O-phosphotransferase APH(3')-Ia	core	AMR	AMR	AMINOGLYCOSIDE	KANAMYCIN	EXACTX	271	271	100.00	100.00	271	WP_000018326.1	aminoglycoside O-phosphotransferase APH(3')-Ia	NA	NA
GCF_049315055.1	NA	NZ_CP186050.1	32409	33008	+	catB8	type B-3 chloramphenicol O-acetyltransferase CatB8	core	AMR	AMR	PHENICOL	CHLORAMPHENICOL	BLASTX	200	210	95.24	100.00	200	WP_010635894.1	type B-3 chloramphenicol O-acetyltransferase CatB8	NA	NA
GCF_049315055.1	NA	NZ_CP186050.1	33168	33512	+	qacEdelta1	quaternary ammonium compound efflux SMR transporter QacE delta 1	core	STRESS	BIOCIDE	QUATERNARY AMMONIUM	QUATERNARY AMMONIUM	ALLELEX	115	115	100.00	100.00	115	WP_000679427.1	quaternary ammonium compound efflux SMR transporter QacE delta 1	NA	NA
GCF_049315055.1	NA	NZ_CP186050.1	33509	34345	+	sul1	sulfonamide-resistant dihydropteroate synthase Sul1	core	AMR	AMR	SULFONAMIDE	SULFONAMIDE	EXACTX	279	279	100.00	100.00	279	WP_000259031.1	sulfonamide-resistant dihydropteroate synthase Sul1	NA	NA
GCF_049315055.1	NA	NZ_CP186050.1	39519	39803	+	qacE	quaternary ammonium compound efflux SMR transporter QacE	core	STRESS	BIOCIDE	QUATERNARY AMMONIUM	QUATERNARY AMMONIUM	PARTIALX	95	115	82.61	95.79	95	WP_000679427.1	quaternary ammonium compound efflux SMR transporter QacE delta 1	NA	NA
GCF_049315055.1	NA	NZ_CP186050.1	39800	40636	+	sul1	sulfonamide-resistant dihydropteroate synthase Sul1	core	AMR	AMR	SULFONAMIDE	SULFONAMIDE	EXACTX	279	279	100.00	100.00	279	WP_000259031.1	sulfonamide-resistant dihydropteroate synthase Sul1	NA	NA
GCF_049315055.1	NA	NZ_CP186050.1	43984	44754	+	armA	16S rRNA (guanine(1405)-N(7))-methyltransferase ArmA	core	AMR	AMR	AMINOGLYCOSIDE	GENTAMICIN	EXACTX	257	257	100.00	100.00	257	WP_000359986.1	16S rRNA (guanine(1405)-N(7))-methyltransferase ArmA	NA	NA
GCF_049485185.1	NA	NZ_CP128207.1	1922909	1925542	-	gyrA_T83I	Citrobacter freundii quinolone resistant GyrA	core	AMR	POINT	QUINOLONE	QUINOLONE	POINTX	878	878	100.00	99.89	878	WP_003027598.1	DNA gyrase subunit A GyrA	NA	NA
GCF_049485185.1	NA	NZ_CP128207.1	3618034	3618504	+	dfrA1	trimethoprim-resistant dihydrofolate reductase DfrA1	core	AMR	AMR	TRIMETHOPRIM	TRIMETHOPRIM	EXACTX	157	157	100.00	100.00	157	WP_000777554.1	trimethoprim-resistant dihydrofolate reductase DfrA1	NA	NA
GCF_049485185.1	NA	NZ_CP128207.1	3618602	3619123	+	sat2	streptothricin N-acetyltransferase Sat2	core	AMR	AMR	STREPTOTHRICIN	STREPTOTHRICIN	EXACTX	174	174	100.00	100.00	174	WP_000704156.1	streptothricin N-acetyltransferase Sat2	NA	NA
GCF_049485185.1	NA	NZ_CP128207.1	3619184	3619969	+	aadA1	ANT(3'')-Ia family aminoglycoside nucleotidyltransferase AadA1	core	AMR	AMR	AMINOGLYCOSIDE	STREPTOMYCIN	EXACTX	262	262	100.00	100.00	262	WP_001206315.1	ANT(3'')-Ia family aminoglycoside nucleotidyltransferase AadA1	NA	NA
GCF_049485185.1	NA	NZ_CP128207.1	4107427	4108569	-	blaCMY	CMY-2 family class C beta-lactamase	core	AMR	AMR	BETA-LACTAM	CEPHALOSPORIN	BLASTX	381	381	100.00	99.74	381	WP_044699195.1	class C beta-lactamase CMY-48	NA	NA
GCF_049485185.1	NA	NZ_CP128207.1	5022682	5023338	+	catA1	type A-1 chloramphenicol O-acetyltransferase	core	AMR	AMR	PHENICOL	CHLORAMPHENICOL	EXACTX	219	219	100.00	100.00	219	WP_000412211.1	type A-1 chloramphenicol O-acetyltransferase	NA	NA
GCF_049485185.1	NA	NZ_CP128207.1	5028669	5029322	-	qnrS1	quinolone resistance pentapeptide repeat protein QnrS1	core	AMR	AMR	QUINOLONE	QUINOLONE	ALLELEX	218	218	100.00	100.00	218	WP_001516695.1	quinolone resistance pentapeptide repeat protein QnrS1	NA	NA
GCF_049485185.1	NA	NZ_CP128207.1	5035503	5036054	+	aac(6')-Ib3	aminoglycoside N-acetyltransferase AAC(6')-Ib3	core	AMR	AMR	AMINOGLYCOSIDE	AMIKACIN/KANAMYCIN/TOBRAMYCIN	ALLELEX	184	184	100.00	100.00	184	WP_032488579.1	aminoglycoside N-acetyltransferase AAC(6')-Ib3	NA	NA
GCF_049485185.1	NA	NZ_CP128207.1	5036154	5036603	+	arr-3	NAD(+)--rifampin ADP-ribosyltransferase Arr-3	core	AMR	AMR	RIFAMYCIN	RIFAMYCIN	EXACTX	150	150	100.00	100.00	150	WP_001749986.1	NAD(+)--rifampin ADP-ribosyltransferase Arr-3	NA	NA
GCF_049485185.1	NA	NZ_CP128209.1	26118	26531	-	fosA3	fosfomycin resistance glutathione transferase FosA3	core	AMR	AMR	FOSFOMYCIN	FOSFOMYCIN	ALLELEX	138	138	100.00	100.00	138	WP_014839980.1	fosfomycin resistance glutathione transferase FosA3	NA	NA
GCF_049485185.1	NA	NZ_CP128209.1	28085	28738	-	qnrS1	quinolone resistance pentapeptide repeat protein QnrS1	core	AMR	AMR	QUINOLONE	QUINOLONE	ALLELEX	218	218	100.00	100.00	218	WP_001516695.1	quinolone resistance pentapeptide repeat protein QnrS1	NA	NA
GCF_049485185.1	NA	NZ_CP128209.1	31719	32372	-	qnrS1	quinolone resistance pentapeptide repeat protein QnrS1	core	AMR	AMR	QUINOLONE	QUINOLONE	ALLELEX	218	218	100.00	100.00	218	WP_001516695.1	quinolone resistance pentapeptide repeat protein QnrS1	NA	NA
GCF_049485185.1	NA	NZ_CP128210.1	66994	67356	-	ble	bleomycin binding protein Ble-MBL	core	AMR	AMR	BLEOMYCIN	BLEOMYCIN	EXACTX	121	121	100.00	100.00	121	WP_004201167.1	bleomycin binding protein Ble-MBL	NA	NA
GCF_049485185.1	NA	NZ_CP128210.1	67363	68172	-	blaNDM-1	subclass B1 metallo-beta-lactamase NDM-1	core	AMR	AMR	BETA-LACTAM	CARBAPENEM	ALLELEX	270	270	100.00	100.00	270	WP_004201164.1	subclass B1 metallo-beta-lactamase NDM-1	NA	NA
GCF_049485185.1	NA	NZ_CP128210.1	68733	69575	-	rmtC	RmtC family 16S rRNA (guanine(1405)-N(7))-methyltransferase	core	AMR	AMR	AMINOGLYCOSIDE	AMINOGLYCOSIDE	EXACTX	281	281	100.00	100.00	281	WP_000855769.1	RmtC family 16S rRNA (guanine(1405)-N(7))-methyltransferase	NA	NA
GCF_049485185.1	NA	NZ_CP128210.1	75900	76736	+	sul1	sulfonamide-resistant dihydropteroate synthase Sul1	core	AMR	AMR	SULFONAMIDE	SULFONAMIDE	BLASTX	279	279	100.00	99.64	279	WP_000259018.1	sulfonamide-resistant dihydropteroate synthase Sul1	NA	NA
GCF_049485185.1	NA	NZ_CP128211.1	24382	24852	+	dfrA14	trimethoprim-resistant dihydrofolate reductase DfrA14	core	AMR	AMR	TRIMETHOPRIM	TRIMETHOPRIM	EXACTX	157	157	100.00	100.00	157	WP_004201280.1	trimethoprim-resistant dihydrofolate reductase DfrA14	NA	NA
GCF_049485185.1	NA	NZ_CP128211.1	26355	27233	-	blaKPC-2	carbapenem-hydrolyzing class A beta-lactamase KPC-2	core	AMR	AMR	BETA-LACTAM	CARBAPENEM	ALLELEX	293	293	100.00	100.00	293	WP_004199234.1	carbapenem-hydrolyzing class A beta-lactamase KPC-2	NA	NA
GCF_049485185.1	NA	NZ_CP128211.1	53340	53993	+	qnrS1	quinolone resistance pentapeptide repeat protein QnrS1	core	AMR	AMR	QUINOLONE	QUINOLONE	ALLELEX	218	218	100.00	100.00	218	WP_001516695.1	quinolone resistance pentapeptide repeat protein QnrS1	NA	NA
GCF_049485185.1	NA	NZ_CP128211.1	56974	57627	+	qnrS1	quinolone resistance pentapeptide repeat protein QnrS1	core	AMR	AMR	QUINOLONE	QUINOLONE	ALLELEX	218	218	100.00	100.00	218	WP_001516695.1	quinolone resistance pentapeptide repeat protein QnrS1	NA	NA
GCF_049485185.1	NA	NZ_CP128211.1	60608	61261	+	qnrS1	quinolone resistance pentapeptide repeat protein QnrS1	core	AMR	AMR	QUINOLONE	QUINOLONE	ALLELEX	218	218	100.00	100.00	218	WP_001516695.1	quinolone resistance pentapeptide repeat protein QnrS1	NA	NA
GCF_049485185.1	NA	NZ_CP128211.1	64242	64895	+	qnrS1	quinolone resistance pentapeptide repeat protein QnrS1	core	AMR	AMR	QUINOLONE	QUINOLONE	ALLELEX	218	218	100.00	100.00	218	WP_001516695.1	quinolone resistance pentapeptide repeat protein QnrS1	NA	NA
GCF_050157225.1	NA	NZ_CP181957.1	2366225	2366866	-	qnrB38	quinolone resistance pentapeptide repeat protein QnrB38	core	AMR	AMR	QUINOLONE	QUINOLONE	ALLELEX	214	214	100.00	100.00	214	WP_003020537.1	quinolone resistance pentapeptide repeat protein QnrB38	NA	NA
GCF_050157225.1	NA	NZ_CP181957.1	4692253	4693395	+	blaCMY-109	class C beta-lactamase CMY-109	core	AMR	AMR	BETA-LACTAM	CEPHALOSPORIN	ALLELEX	381	381	100.00	100.00	381	WP_032948363.1	class C beta-lactamase CMY-109	NA	NA
GCF_050187865.1	NA	NZ_CP181672.1	489316	490458	-	blaCMY	CMY-2 family class C beta-lactamase	core	AMR	AMR	BETA-LACTAM	CEPHALOSPORIN	INTERNAL_STOP	381	381	100.00	99.74	381	WP_008321445.1	class C beta-lactamase CMY-65	NA	NA
GCF_050187865.1	NA	NZ_CP181672.1	2202768	2203409	-	qnrB38	quinolone resistance pentapeptide repeat protein QnrB38	core	AMR	AMR	QUINOLONE	QUINOLONE	ALLELEX	214	214	100.00	100.00	214	WP_003020537.1	quinolone resistance pentapeptide repeat protein QnrB38	NA	NA
GCF_050187865.1	NA	NZ_CP181674.1	78155	78952	+	blaVIM-1	subclass B1 metallo-beta-lactamase VIM-1	core	AMR	AMR	BETA-LACTAM	CARBAPENEM	ALLELEX	266	266	100.00	100.00	266	WP_013263789.1	subclass B1 metallo-beta-lactamase VIM-1	NA	NA
GCF_050187865.1	NA	NZ_CP181674.1	79063	79614	+	aac(6')-Ib4	aminoglycoside N-acetyltransferase AAC(6')-Ib4	core	AMR	AMR	AMINOGLYCOSIDE	GENTAMICIN	ALLELEX	184	184	100.00	100.00	184	WP_003159191.1	aminoglycoside N-acetyltransferase AAC(6')-Ib4	NA	NA
GCF_050187865.1	NA	NZ_CP181674.1	79687	80475	+	aadA1	ANT(3'')-Ia family aminoglycoside nucleotidyltransferase AadA1	core	AMR	AMR	AMINOGLYCOSIDE	STREPTOMYCIN	EXACTX	263	263	100.00	100.00	263	WP_001206317.1	ANT(3'')-Ia family aminoglycoside nucleotidyltransferase AadA1	NA	NA
GCF_050881555.1	NA	NZ_CP194345.1	4272686	4272958	-	fosA7	FosA7 family fosfomycin resistance glutathione transferase	core	AMR	AMR	FOSFOMYCIN	FOSFOMYCIN	PARTIALX	91	140	65.00	97.80	91	WP_023216493.1	fosfomycin resistance glutathione transferase FosA7.4	NA	NA
GCF_050881555.1	NA	NZ_CP194345.1	4434725	4435867	+	blaCMY-68	class C beta-lactamase CMY-68	core	AMR	AMR	BETA-LACTAM	CEPHALOSPORIN	ALLELEX	381	381	100.00	100.00	381	WP_063859860.1	class C beta-lactamase CMY-68	NA	NA
GCF_051027625.1	NA	NZ_CP194919.1	1736287	1738920	+	gyrA_T83I	Citrobacter freundii quinolone resistant GyrA	core	AMR	POINT	QUINOLONE	QUINOLONE	POINTX	878	878	100.00	99.89	878	WP_003027598.1	DNA gyrase subunit A GyrA	NA	NA
GCF_051027625.1	NA	NZ_CP194919.1	2382946	2383587	-	qnrB	QnrB family quinolone resistance pentapeptide repeat protein	core	AMR	AMR	QUINOLONE	QUINOLONE	BLASTX	214	214	100.00	99.53	214	WP_003020537.1	quinolone resistance pentapeptide repeat protein QnrB38	NA	NA
GCF_051027625.1	NA	NZ_CP194919.1	4482705	4483847	-	blaCMY-181	class C beta-lactamase CMY-181	core	AMR	AMR	BETA-LACTAM	CEPHALOSPORIN	ALLELEX	381	381	100.00	100.00	381	WP_134216345.1	class C beta-lactamase CMY-181	NA	NA
GCF_051027625.1	NA	NZ_CP194920.1	19825	21060	-	mrx(A)	phosphorylated macrolide efflux MFS transporter Mrx(A)	core	AMR	AMR	MACROLIDE	AZITHROMYCIN/ERYTHROMYCIN/SPIRAMYCIN/TELITHROMYCIN	EXACTX	412	412	100.00	100.00	412	WP_000004159.1	phosphorylated macrolide efflux MFS transporter Mrx(A)	NA	NA
GCF_051027625.1	NA	NZ_CP194920.1	21060	21962	-	mph(A)	Mph(A) family macrolide 2'-phosphotransferase	core	AMR	AMR	MACROLIDE	AZITHROMYCIN/ERYTHROMYCIN/SPIRAMYCIN/TELITHROMYCIN	EXACTX	301	301	100.00	100.00	301	WP_000219391.1	Mph(A) family macrolide 2'-phosphotransferase	NA	NA
GCF_051027625.1	NA	NZ_CP194920.1	30521	31378	+	aac(3)-IIe	aminoglycoside N-acetyltransferase AAC(3)-IIe	core	AMR	AMR	AMINOGLYCOSIDE	GENTAMICIN	EXACTX	286	286	100.00	100.00	286	WP_000557452.1	aminoglycoside N-acetyltransferase AAC(3)-IIe	NA	NA
GCF_051027625.1	NA	NZ_CP194920.1	34220	34633	+	fosA3	fosfomycin resistance glutathione transferase FosA3	core	AMR	AMR	FOSFOMYCIN	FOSFOMYCIN	ALLELEX	138	138	100.00	100.00	138	WP_014839980.1	fosfomycin resistance glutathione transferase FosA3	NA	NA
GCF_051027625.1	NA	NZ_CP194920.1	47837	48388	+	aac(6')-Ib-cr5	fluoroquinolone-acetylating aminoglycoside 6'-N-acetyltransferase AAC(6')-Ib-cr5	core	AMR	AMR	AMINOGLYCOSIDE/QUINOLONE	AMIKACIN/KANAMYCIN/QUINOLONE/TOBRAMYCIN	ALLELEX	184	184	100.00	100.00	184	WP_063840321.1	fluoroquinolone-acetylating aminoglycoside 6'-N-acetyltransferase AAC(6')-Ib-cr5	NA	NA
GCF_051027625.1	NA	NZ_CP194920.1	48522	49349	+	blaOXA-1	oxacillin-hydrolyzing class D beta-lactamase OXA-1	core	AMR	AMR	BETA-LACTAM	CEPHALOSPORIN	ALLELEX	276	276	100.00	100.00	276	WP_001334766.1	oxacillin-hydrolyzing class D beta-lactamase OXA-1	NA	NA
GCF_051027625.1	NA	NZ_CP194920.1	49490	50119	+	catB3	type B-3 chloramphenicol O-acetyltransferase CatB3	core	AMR	AMR	PHENICOL	CHLORAMPHENICOL	EXACTX	210	210	100.00	100.00	210	WP_000186237.1	type B-3 chloramphenicol O-acetyltransferase CatB3	NA	NA
GCF_051027625.1	NA	NZ_CP194920.1	50207	50656	+	arr-3	NAD(+)--rifampin ADP-ribosyltransferase Arr-3	core	AMR	AMR	RIFAMYCIN	RIFAMYCIN	EXACTX	150	150	100.00	100.00	150	WP_001749986.1	NAD(+)--rifampin ADP-ribosyltransferase Arr-3	NA	NA
GCF_051027625.1	NA	NZ_CP194920.1	50882	51226	+	qacEdelta1	quaternary ammonium compound efflux SMR transporter QacE delta 1	core	STRESS	BIOCIDE	QUATERNARY AMMONIUM	QUATERNARY AMMONIUM	ALLELEX	115	115	100.00	100.00	115	WP_000679427.1	quaternary ammonium compound efflux SMR transporter QacE delta 1	NA	NA
GCF_051027625.1	NA	NZ_CP194920.1	51223	52059	+	sul1	sulfonamide-resistant dihydropteroate synthase Sul1	core	AMR	AMR	SULFONAMIDE	SULFONAMIDE	EXACTX	279	279	100.00	100.00	279	WP_000259031.1	sulfonamide-resistant dihydropteroate synthase Sul1	NA	NA
GCF_051027625.1	NA	NZ_CP194921.1	27344	28156	+	sul2	sulfonamide-resistant dihydropteroate synthase Sul2	core	AMR	AMR	SULFONAMIDE	SULFONAMIDE	EXACTX	271	271	100.00	100.00	271	WP_001043260.1	sulfonamide-resistant dihydropteroate synthase Sul2	NA	NA
GCF_051027625.1	NA	NZ_CP194921.1	33486	34667	+	tet(D)	tetracycline efflux MFS transporter Tet(D)	core	AMR	AMR	TETRACYCLINE	TETRACYCLINE	EXACTX	394	394	100.00	100.00	394	WP_001039466.1	tetracycline efflux MFS transporter Tet(D)	NA	NA
GCF_051027625.1	NA	NZ_CP194921.1	43409	44266	-	blaTEM-1	broad-spectrum class A beta-lactamase TEM-1	core	AMR	AMR	BETA-LACTAM	BETA-LACTAM	ALLELEX	286	286	100.00	100.00	286	WP_000027057.1	broad-spectrum class A beta-lactamase TEM-1	NA	NA
GCF_051027625.1	NA	NZ_CP194921.1	49241	50098	-	aac(3)-IId	aminoglycoside N-acetyltransferase AAC(3)-IId	core	AMR	AMR	AMINOGLYCOSIDE	GENTAMICIN	EXACTX	286	286	100.00	100.00	286	WP_000557454.1	aminoglycoside N-acetyltransferase AAC(3)-IId	NA	NA
GCF_051027625.1	NA	NZ_CP194921.1	51157	52059	+	mph(A)	Mph(A) family macrolide 2'-phosphotransferase	core	AMR	AMR	MACROLIDE	AZITHROMYCIN/ERYTHROMYCIN/SPIRAMYCIN/TELITHROMYCIN	EXACTX	301	301	100.00	100.00	301	WP_000219391.1	Mph(A) family macrolide 2'-phosphotransferase	NA	NA
GCF_051027625.1	NA	NZ_CP194921.1	52059	53294	+	mrx(A)	phosphorylated macrolide efflux MFS transporter Mrx(A)	core	AMR	AMR	MACROLIDE	AZITHROMYCIN/ERYTHROMYCIN/SPIRAMYCIN/TELITHROMYCIN	EXACTX	412	412	100.00	100.00	412	WP_000004159.1	phosphorylated macrolide efflux MFS transporter Mrx(A)	NA	NA
GCF_051027625.1	NA	NZ_CP194921.1	56276	57112	-	sul1	sulfonamide-resistant dihydropteroate synthase Sul1	core	AMR	AMR	SULFONAMIDE	SULFONAMIDE	EXACTX	279	279	100.00	100.00	279	WP_000259031.1	sulfonamide-resistant dihydropteroate synthase Sul1	NA	NA
GCF_051027625.1	NA	NZ_CP194921.1	57109	57453	-	qacEdelta1	quaternary ammonium compound efflux SMR transporter QacE delta 1	core	STRESS	BIOCIDE	QUATERNARY AMMONIUM	QUATERNARY AMMONIUM	ALLELEX	115	115	100.00	100.00	115	WP_000679427.1	quaternary ammonium compound efflux SMR transporter QacE delta 1	NA	NA
GCF_051027625.1	NA	NZ_CP194921.1	57684	58325	+	qnrB6	quinolone resistance pentapeptide repeat protein QnrB6	core	AMR	AMR	QUINOLONE	QUINOLONE	ALLELEX	214	214	100.00	100.00	214	WP_001749994.1	quinolone resistance pentapeptide repeat protein QnrB6	NA	NA
GCF_051027625.1	NA	NZ_CP194921.1	61742	62578	-	sul1	sulfonamide-resistant dihydropteroate synthase Sul1	core	AMR	AMR	SULFONAMIDE	SULFONAMIDE	EXACTX	279	279	100.00	100.00	279	WP_000259031.1	sulfonamide-resistant dihydropteroate synthase Sul1	NA	NA
GCF_051027625.1	NA	NZ_CP194921.1	62575	62919	-	qacEdelta1	quaternary ammonium compound efflux SMR transporter QacE delta 1	core	STRESS	BIOCIDE	QUATERNARY AMMONIUM	QUATERNARY AMMONIUM	ALLELEX	115	115	100.00	100.00	115	WP_000679427.1	quaternary ammonium compound efflux SMR transporter QacE delta 1	NA	NA
GCF_051027625.1	NA	NZ_CP194921.1	63039	63881	-	aadA16	ANT(3'')-Ia family aminoglycoside nucleotidyltransferase AadA16	core	AMR	AMR	AMINOGLYCOSIDE	STREPTOMYCIN	EXACTX	281	281	100.00	100.00	281	WP_001749984.1	ANT(3'')-Ia family aminoglycoside nucleotidyltransferase AadA16	NA	NA
GCF_051027625.1	NA	NZ_CP194921.1	64065	64535	-	dfrA27	trimethoprim-resistant dihydrofolate reductase DfrA27	core	AMR	AMR	TRIMETHOPRIM	TRIMETHOPRIM	EXACTX	157	157	100.00	100.00	157	WP_001749985.1	trimethoprim-resistant dihydrofolate reductase DfrA27	NA	NA
GCF_051027625.1	NA	NZ_CP194921.1	64671	65120	-	arr-3	NAD(+)--rifampin ADP-ribosyltransferase Arr-3	core	AMR	AMR	RIFAMYCIN	RIFAMYCIN	EXACTX	150	150	100.00	100.00	150	WP_001749986.1	NAD(+)--rifampin ADP-ribosyltransferase Arr-3	NA	NA
GCF_051027625.1	NA	NZ_CP194921.1	65220	65771	-	aac(6')-Ib-cr5	fluoroquinolone-acetylating aminoglycoside 6'-N-acetyltransferase AAC(6')-Ib-cr5	core	AMR	AMR	AMINOGLYCOSIDE/QUINOLONE	AMIKACIN/KANAMYCIN/QUINOLONE/TOBRAMYCIN	ALLELEX	184	184	100.00	100.00	184	WP_063840321.1	fluoroquinolone-acetylating aminoglycoside 6'-N-acetyltransferase AAC(6')-Ib-cr5	NA	NA
GCF_051027625.1	NA	NZ_CP194923.1	6110	6688	+	aac(6')-IIc	aminoglycoside N-acetyltransferase AAC(6')-IIc	core	AMR	AMR	AMINOGLYCOSIDE	GENTAMICIN/KANAMYCIN/TOBRAMYCIN	EXACTX	193	193	100.00	100.00	193	WP_012695484.1	aminoglycoside N-acetyltransferase AAC(6')-IIc	NA	NA
GCF_051027625.1	NA	NZ_CP194923.1	8776	9582	+	aac(3)-IIg	aminoglycoside N-acetyltransferase AAC(3)-IIg	core	AMR	AMR	AMINOGLYCOSIDE	GENTAMICIN	EXACTX	269	269	100.00	100.00	269	WP_012695485.1	aminoglycoside N-acetyltransferase AAC(3)-IIg	NA	NA
GCF_051027625.1	NA	NZ_CP194923.1	9713	10123	+	arr	NAD(+)--rifampin ADP-ribosyltransferase	core	AMR	AMR	RIFAMYCIN	RIFAMYCIN	EXACTX	137	137	100.00	100.00	137	WP_012695486.1	NAD(+)--rifampin ADP-ribosyltransferase	NA	NA
GCF_051027625.1	NA	NZ_CP194923.1	11007	12044	+	ere(A)	EreA family erythromycin esterase	core	AMR	AMR	MACROLIDE	ERYTHROMYCIN	PARTIALX	346	408	84.80	100.00	346	WP_021566672.1	EreA family erythromycin esterase	NA	NA
GCF_051027625.1	NA	NZ_CP194923.1	12230	12574	+	qacEdelta1	quaternary ammonium compound efflux SMR transporter QacE delta 1	core	STRESS	BIOCIDE	QUATERNARY AMMONIUM	QUATERNARY AMMONIUM	ALLELEX	115	115	100.00	100.00	115	WP_000679427.1	quaternary ammonium compound efflux SMR transporter QacE delta 1	NA	NA
GCF_051027625.1	NA	NZ_CP194923.1	12571	13407	+	sul1	sulfonamide-resistant dihydropteroate synthase Sul1	core	AMR	AMR	SULFONAMIDE	SULFONAMIDE	EXACTX	279	279	100.00	100.00	279	WP_000259031.1	sulfonamide-resistant dihydropteroate synthase Sul1	NA	NA
GCF_051027625.1	NA	NZ_CP194923.1	17489	18724	-	mrx(A)	phosphorylated macrolide efflux MFS transporter Mrx(A)	core	AMR	AMR	MACROLIDE	AZITHROMYCIN/ERYTHROMYCIN/SPIRAMYCIN/TELITHROMYCIN	EXACTX	412	412	100.00	100.00	412	WP_000004159.1	phosphorylated macrolide efflux MFS transporter Mrx(A)	NA	NA
GCF_051027625.1	NA	NZ_CP194923.1	18724	19626	-	mph(A)	Mph(A) family macrolide 2'-phosphotransferase	core	AMR	AMR	MACROLIDE	AZITHROMYCIN/ERYTHROMYCIN/SPIRAMYCIN/TELITHROMYCIN	EXACTX	301	301	100.00	100.00	301	WP_000219391.1	Mph(A) family macrolide 2'-phosphotransferase	NA	NA
GCF_051027625.1	NA	NZ_CP194923.1	20838	21251	+	fosA3	fosfomycin resistance glutathione transferase FosA3	core	AMR	AMR	FOSFOMYCIN	FOSFOMYCIN	ALLELEX	138	138	100.00	100.00	138	WP_014839980.1	fosfomycin resistance glutathione transferase FosA3	NA	NA
GCF_051027625.1	NA	NZ_CP194923.1	26383	27255	-	blaCTX-M-14	extended-spectrum class A beta-lactamase CTX-M-14	core	AMR	AMR	BETA-LACTAM	CEPHALOSPORIN	ALLELEX	291	291	100.00	100.00	291	WP_001617865.1	extended-spectrum class A beta-lactamase CTX-M-14	NA	NA
GCF_051027625.1	NA	NZ_CP194925.1	12960	13769	+	blaNDM-1	subclass B1 metallo-beta-lactamase NDM-1	core	AMR	AMR	BETA-LACTAM	CARBAPENEM	ALLELEX	270	270	100.00	100.00	270	WP_004201164.1	subclass B1 metallo-beta-lactamase NDM-1	NA	NA
GCF_051027625.1	NA	NZ_CP194925.1	13776	14138	+	ble	bleomycin binding protein Ble-MBL	core	AMR	AMR	BLEOMYCIN	BLEOMYCIN	EXACTX	121	121	100.00	100.00	121	WP_004201167.1	bleomycin binding protein Ble-MBL	NA	NA
GCF_051027625.1	NA	NZ_CP194925.1	21415	22272	+	blaSHV-12	extended-spectrum class A beta-lactamase SHV-12	core	AMR	AMR	BETA-LACTAM	CEFIDEROCOL/CEPHALOSPORIN	ALLELEX	286	286	100.00	100.00	286	WP_002904004.1	extended-spectrum class A beta-lactamase SHV-12	NA	NA
GCF_052148555.1	NA	NZ_CP197381.1	915051	915692	+	qnrB38	quinolone resistance pentapeptide repeat protein QnrB38	core	AMR	AMR	QUINOLONE	QUINOLONE	ALLELEX	214	214	100.00	100.00	214	WP_003020537.1	quinolone resistance pentapeptide repeat protein QnrB38	NA	NA
GCF_052148555.1	NA	NZ_CP197381.1	4041628	4042770	-	blaCMY	CMY-2 family class C beta-lactamase	core	AMR	AMR	BETA-LACTAM	CEPHALOSPORIN	BLASTX	381	381	100.00	99.48	381	WP_063859858.1	class C beta-lactamase CMY-66	NA	NA
GCF_052655375.1	NA	NZ_CP199779.1	244426	245067	-	qnrB38	quinolone resistance pentapeptide repeat protein QnrB38	core	AMR	AMR	QUINOLONE	QUINOLONE	ALLELEX	214	214	100.00	100.00	214	WP_003020537.1	quinolone resistance pentapeptide repeat protein QnrB38	NA	NA
GCF_052655375.1	NA	NZ_CP199779.1	2269670	2270812	+	blaCMY	CMY-2 family class C beta-lactamase	core	AMR	AMR	BETA-LACTAM	CEPHALOSPORIN	BLASTX	381	381	100.00	99.48	381	WP_063859858.1	class C beta-lactamase CMY-66	NA	NA
GCF_052656865.1	NA	NZ_CP199763.1	1051152	1051793	-	qnrB38	quinolone resistance pentapeptide repeat protein QnrB38	core	AMR	AMR	QUINOLONE	QUINOLONE	ALLELEX	214	214	100.00	100.00	214	WP_003020537.1	quinolone resistance pentapeptide repeat protein QnrB38	NA	NA
GCF_052656865.1	NA	NZ_CP199763.1	3076396	3077538	+	blaCMY	CMY-2 family class C beta-lactamase	core	AMR	AMR	BETA-LACTAM	CEPHALOSPORIN	BLASTX	381	381	100.00	99.48	381	WP_063859858.1	class C beta-lactamase CMY-66	NA	NA
GCF_052657505.1	NA	NZ_CP199762.1	1467806	1468447	-	qnrB38	quinolone resistance pentapeptide repeat protein QnrB38	core	AMR	AMR	QUINOLONE	QUINOLONE	ALLELEX	214	214	100.00	100.00	214	WP_003020537.1	quinolone resistance pentapeptide repeat protein QnrB38	NA	NA
GCF_052657505.1	NA	NZ_CP199762.1	3493050	3494192	+	blaCMY	CMY-2 family class C beta-lactamase	core	AMR	AMR	BETA-LACTAM	CEPHALOSPORIN	BLASTX	381	381	100.00	99.48	381	WP_063859858.1	class C beta-lactamase CMY-66	NA	NA
GCF_052952455.1	NA	NZ_CM129628.1	1647493	1650126	+	gyrA_T83I	Citrobacter freundii quinolone resistant GyrA	core	AMR	POINT	QUINOLONE	QUINOLONE	POINTX	878	878	100.00	99.89	878	WP_003027598.1	DNA gyrase subunit A GyrA	NA	NA
GCF_052952455.1	NA	NZ_CM129628.1	2389346	2389987	-	qnrB38	quinolone resistance pentapeptide repeat protein QnrB38	core	AMR	AMR	QUINOLONE	QUINOLONE	ALLELEX	214	214	100.00	100.00	214	WP_003020537.1	quinolone resistance pentapeptide repeat protein QnrB38	NA	NA
GCF_052952455.1	NA	NZ_CM129628.1	3090794	3091240	+	aac(6')-If	aminoglycoside N-acetyltransferase AAC(6')-If	core	AMR	AMR	AMINOGLYCOSIDE	AMIKACIN/KANAMYCIN/TOBRAMYCIN	EXACTX	149	149	100.00	100.00	149	WP_048233550.1	aminoglycoside N-acetyltransferase AAC(6')-If	NA	NA
GCF_052952455.1	NA	NZ_CM129628.1	4670528	4671670	+	blaCMY	CMY-2 family class C beta-lactamase	core	AMR	AMR	BETA-LACTAM	CEPHALOSPORIN	BLASTX	381	381	100.00	99.74	381	WP_008321445.1	class C beta-lactamase CMY-65	NA	NA
GCF_052952515.1	NA	NZ_CM129629.1	1647492	1650125	+	gyrA_T83I	Citrobacter freundii quinolone resistant GyrA	core	AMR	POINT	QUINOLONE	QUINOLONE	POINTX	878	878	100.00	99.89	878	WP_003027598.1	DNA gyrase subunit A GyrA	NA	NA
GCF_052952515.1	NA	NZ_CM129629.1	2424205	2424846	-	qnrB38	quinolone resistance pentapeptide repeat protein QnrB38	core	AMR	AMR	QUINOLONE	QUINOLONE	ALLELEX	214	214	100.00	100.00	214	WP_003020537.1	quinolone resistance pentapeptide repeat protein QnrB38	NA	NA
GCF_052952515.1	NA	NZ_CM129629.1	3123524	3123970	+	aac(6')-If	aminoglycoside N-acetyltransferase AAC(6')-If	core	AMR	AMR	AMINOGLYCOSIDE	AMIKACIN/KANAMYCIN/TOBRAMYCIN	EXACTX	149	149	100.00	100.00	149	WP_048233550.1	aminoglycoside N-acetyltransferase AAC(6')-If	NA	NA
GCF_052952515.1	NA	NZ_CM129629.1	4669173	4670315	+	blaCMY	CMY-2 family class C beta-lactamase	core	AMR	AMR	BETA-LACTAM	CEPHALOSPORIN	BLASTX	381	381	100.00	99.74	381	WP_008321445.1	class C beta-lactamase CMY-65	NA	NA
GCF_052952555.1	NA	NZ_CM129630.1	1647493	1650126	+	gyrA_T83I	Citrobacter freundii quinolone resistant GyrA	core	AMR	POINT	QUINOLONE	QUINOLONE	POINTX	878	878	100.00	99.89	878	WP_003027598.1	DNA gyrase subunit A GyrA	NA	NA
GCF_052952555.1	NA	NZ_CM129630.1	2389346	2389987	-	qnrB38	quinolone resistance pentapeptide repeat protein QnrB38	core	AMR	AMR	QUINOLONE	QUINOLONE	ALLELEX	214	214	100.00	100.00	214	WP_003020537.1	quinolone resistance pentapeptide repeat protein QnrB38	NA	NA
GCF_052952555.1	NA	NZ_CM129630.1	3089639	3090085	+	aac(6')-If	aminoglycoside N-acetyltransferase AAC(6')-If	core	AMR	AMR	AMINOGLYCOSIDE	AMIKACIN/KANAMYCIN/TOBRAMYCIN	EXACTX	149	149	100.00	100.00	149	WP_048233550.1	aminoglycoside N-acetyltransferase AAC(6')-If	NA	NA
GCF_052952555.1	NA	NZ_CM129630.1	4669373	4670515	+	blaCMY	CMY-2 family class C beta-lactamase	core	AMR	AMR	BETA-LACTAM	CEPHALOSPORIN	BLASTX	381	381	100.00	99.74	381	WP_008321445.1	class C beta-lactamase CMY-65	NA	NA
GCF_052952635.1	NA	NZ_CM129631.1	1647493	1650126	+	gyrA_T83I	Citrobacter freundii quinolone resistant GyrA	core	AMR	POINT	QUINOLONE	QUINOLONE	POINTX	878	878	100.00	99.89	878	WP_003027598.1	DNA gyrase subunit A GyrA	NA	NA
GCF_052952635.1	NA	NZ_CM129631.1	2424206	2424847	-	qnrB38	quinolone resistance pentapeptide repeat protein QnrB38	core	AMR	AMR	QUINOLONE	QUINOLONE	ALLELEX	214	214	100.00	100.00	214	WP_003020537.1	quinolone resistance pentapeptide repeat protein QnrB38	NA	NA
GCF_052952635.1	NA	NZ_CM129631.1	3123525	3123971	+	aac(6')-If	aminoglycoside N-acetyltransferase AAC(6')-If	core	AMR	AMR	AMINOGLYCOSIDE	AMIKACIN/KANAMYCIN/TOBRAMYCIN	EXACTX	149	149	100.00	100.00	149	WP_048233550.1	aminoglycoside N-acetyltransferase AAC(6')-If	NA	NA
GCF_052952635.1	NA	NZ_CM129631.1	4669174	4670316	+	blaCMY	CMY-2 family class C beta-lactamase	core	AMR	AMR	BETA-LACTAM	CEPHALOSPORIN	BLASTX	381	381	100.00	99.74	381	WP_008321445.1	class C beta-lactamase CMY-65	NA	NA
GCF_053361115.1	NA	NZ_CM130063.1	1635299	1637932	+	gyrA_T83I	Citrobacter freundii quinolone resistant GyrA	core	AMR	POINT	QUINOLONE	QUINOLONE	POINTX	878	878	100.00	99.89	878	WP_003027598.1	DNA gyrase subunit A GyrA	NA	NA
GCF_053361115.1	NA	NZ_CM130063.1	2345146	2345787	-	qnrB38	quinolone resistance pentapeptide repeat protein QnrB38	core	AMR	AMR	QUINOLONE	QUINOLONE	ALLELEX	214	214	100.00	100.00	214	WP_003020537.1	quinolone resistance pentapeptide repeat protein QnrB38	NA	NA
GCF_053361115.1	NA	NZ_CM130063.1	2962894	2963340	+	aac(6')-If	aminoglycoside N-acetyltransferase AAC(6')-If	core	AMR	AMR	AMINOGLYCOSIDE	AMIKACIN/KANAMYCIN/TOBRAMYCIN	EXACTX	149	149	100.00	100.00	149	WP_048233550.1	aminoglycoside N-acetyltransferase AAC(6')-If	NA	NA
GCF_053361115.1	NA	NZ_CM130063.1	4492435	4493577	+	blaCMY	CMY-2 family class C beta-lactamase	core	AMR	AMR	BETA-LACTAM	CEPHALOSPORIN	BLASTX	381	381	100.00	99.74	381	WP_008321445.1	class C beta-lactamase CMY-65	NA	NA
GCF_053361115.1	NA	NZ_JBRYYE010000004.1	43098	43976	+	blaKPC-2	carbapenem-hydrolyzing class A beta-lactamase KPC-2	core	AMR	AMR	BETA-LACTAM	CARBAPENEM	ALLELEX	293	293	100.00	100.00	293	WP_004199234.1	carbapenem-hydrolyzing class A beta-lactamase KPC-2	NA	NA
GCF_053699675.1	NA	NZ_CM132284.1	4520097	4521239	+	blaCMY-51	class C beta-lactamase CMY-51	core	AMR	AMR	BETA-LACTAM	CEPHALOSPORIN	ALLELEX	381	381	100.00	100.00	381	WP_063859847.1	class C beta-lactamase CMY-51	NA	NA
GCF_053699675.1	NA	NZ_JBRAWB010000002.1	111123	111653	+	ant(2'')-Ia	aminoglycoside nucleotidyltransferase ANT(2'')-Ia	core	AMR	AMR	AMINOGLYCOSIDE	GENTAMICIN/KANAMYCIN/TOBRAMYCIN	EXACTX	177	177	100.00	100.00	177	WP_000381802.1	aminoglycoside nucleotidyltransferase ANT(2'')-Ia	NA	NA
GCF_053699675.1	NA	NZ_JBRAWB010000002.1	111714	112502	+	aadA2	ANT(3'')-Ia family aminoglycoside nucleotidyltransferase AadA2	core	AMR	AMR	AMINOGLYCOSIDE	STREPTOMYCIN	EXACTX	263	263	100.00	100.00	263	WP_001261740.1	ANT(3'')-Ia family aminoglycoside nucleotidyltransferase AadA2	NA	NA
GCF_053699675.1	NA	NZ_JBRAWB010000002.1	112669	113013	+	qacEdelta1	quaternary ammonium compound efflux SMR transporter QacE delta 1	core	STRESS	BIOCIDE	QUATERNARY AMMONIUM	QUATERNARY AMMONIUM	ALLELEX	115	115	100.00	100.00	115	WP_000679427.1	quaternary ammonium compound efflux SMR transporter QacE delta 1	NA	NA
GCF_053699675.1	NA	NZ_JBRAWB010000002.1	113010	113846	+	sul1	sulfonamide-resistant dihydropteroate synthase Sul1	core	AMR	AMR	SULFONAMIDE	SULFONAMIDE	EXACTX	279	279	100.00	100.00	279	WP_000259031.1	sulfonamide-resistant dihydropteroate synthase Sul1	NA	NA
GCF_053699675.1	NA	NZ_JBRAWB010000002.1	130465	131661	+	tet(A)	tetracycline efflux MFS transporter Tet(A)	core	AMR	AMR	TETRACYCLINE	TETRACYCLINE	EXACTX	399	399	100.00	100.00	399	WP_031942321.1	tetracycline efflux MFS transporter Tet(A)	NA	NA
GCF_053699675.1	NA	NZ_JBRAWB010000002.1	135887	136438	+	aac(6')-Ib3	aminoglycoside N-acetyltransferase AAC(6')-Ib3	core	AMR	AMR	AMINOGLYCOSIDE	AMIKACIN/KANAMYCIN/TOBRAMYCIN	ALLELEX	184	184	100.00	100.00	184	WP_032488579.1	aminoglycoside N-acetyltransferase AAC(6')-Ib3	NA	NA
GCF_053699675.1	NA	NZ_JBRAWB010000002.1	145550	146407	+	blaSHV-12	extended-spectrum class A beta-lactamase SHV-12	core	AMR	AMR	BETA-LACTAM	CEFIDEROCOL/CEPHALOSPORIN	ALLELEX	286	286	100.00	100.00	286	WP_002904004.1	extended-spectrum class A beta-lactamase SHV-12	NA	NA
GCF_053699675.1	NA	NZ_JBRAWB010000002.1	152229	152885	+	catA1	type A-1 chloramphenicol O-acetyltransferase	core	AMR	AMR	PHENICOL	CHLORAMPHENICOL	EXACTX	219	219	100.00	100.00	219	WP_011152976.1	type A-1 chloramphenicol O-acetyltransferase	NA	NA
GCF_053699675.1	NA	NZ_JBRAWB010000002.1	154775	155245	+	dfrA16	trimethoprim-resistant dihydrofolate reductase DfrA16	core	AMR	AMR	TRIMETHOPRIM	TRIMETHOPRIM	EXACTX	157	157	100.00	100.00	157	WP_032490158.1	trimethoprim-resistant dihydrofolate reductase DfrA16	NA	NA
GCF_053699675.1	NA	NZ_JBRAWB010000002.1	155353	156141	+	aadA2	ANT(3'')-Ia family aminoglycoside nucleotidyltransferase AadA2	core	AMR	AMR	AMINOGLYCOSIDE	STREPTOMYCIN	EXACTX	263	263	100.00	100.00	263	WP_001261740.1	ANT(3'')-Ia family aminoglycoside nucleotidyltransferase AadA2	NA	NA
GCF_053699675.1	NA	NZ_JBRAWB010000002.1	156308	156652	+	qacEdelta1	quaternary ammonium compound efflux SMR transporter QacE delta 1	core	STRESS	BIOCIDE	QUATERNARY AMMONIUM	QUATERNARY AMMONIUM	ALLELEX	115	115	100.00	100.00	115	WP_000679427.1	quaternary ammonium compound efflux SMR transporter QacE delta 1	NA	NA
GCF_053699675.1	NA	NZ_JBRAWB010000002.1	156649	157485	+	sul1	sulfonamide-resistant dihydropteroate synthase Sul1	core	AMR	AMR	SULFONAMIDE	SULFONAMIDE	EXACTX	279	279	100.00	100.00	279	WP_000259031.1	sulfonamide-resistant dihydropteroate synthase Sul1	NA	NA
GCF_053699675.1	NA	NZ_JBRAWB010000002.1	159761	160633	+	blaCTX-M-9	extended-spectrum class A beta-lactamase CTX-M-9	core	AMR	AMR	BETA-LACTAM	CEPHALOSPORIN	ALLELEX	291	291	100.00	100.00	291	WP_032489926.1	extended-spectrum class A beta-lactamase CTX-M-9	NA	NA
GCF_054054585.1	NA	NZ_CM133240.1	4450788	4451930	+	blaCMY-65	class C beta-lactamase CMY-65	core	AMR	AMR	BETA-LACTAM	CEPHALOSPORIN	ALLELEX	381	381	100.00	100.00	381	WP_008321445.1	class C beta-lactamase CMY-65	NA	NA
GCF_055900515.1	NA	NZ_CM148321.1	1694266	1696899	+	gyrA_T83I	Citrobacter freundii quinolone resistant GyrA	core	AMR	POINT	QUINOLONE	QUINOLONE	POINTX	878	878	100.00	99.89	878	WP_003027598.1	DNA gyrase subunit A GyrA	NA	NA
GCF_055900515.1	NA	NZ_CM148321.1	3383195	3383989	-	blaOXA-204	OXA-48 family carbapenem-hydrolyzing class D beta-lactamase OXA-204	core	AMR	AMR	BETA-LACTAM	CARBAPENEM	ALLELEX	265	265	100.00	100.00	265	WP_032495449.1	OXA-48 family carbapenem-hydrolyzing class D beta-lactamase OXA-204	NA	NA
GCF_055900515.1	NA	NZ_CM148321.1	4761183	4762325	+	blaCMY-48	class C beta-lactamase CMY-48	core	AMR	AMR	BETA-LACTAM	CEPHALOSPORIN	ALLELEX	381	381	100.00	100.00	381	WP_044699195.1	class C beta-lactamase CMY-48	NA	NA
GCF_055900515.1	NA	NZ_CM148321.1	5252376	5253161	-	aadA1	ANT(3'')-Ia family aminoglycoside nucleotidyltransferase AadA1	core	AMR	AMR	AMINOGLYCOSIDE	STREPTOMYCIN	EXACTX	262	262	100.00	100.00	262	WP_001206315.1	ANT(3'')-Ia family aminoglycoside nucleotidyltransferase AadA1	NA	NA
GCF_055900515.1	NA	NZ_CM148321.1	5253222	5253743	-	sat2	streptothricin N-acetyltransferase Sat2	core	AMR	AMR	STREPTOTHRICIN	STREPTOTHRICIN	EXACTX	174	174	100.00	100.00	174	WP_000704156.1	streptothricin N-acetyltransferase Sat2	NA	NA
GCF_055900515.1	NA	NZ_CM148321.1	5253841	5254311	-	dfrA1	trimethoprim-resistant dihydrofolate reductase DfrA1	core	AMR	AMR	TRIMETHOPRIM	TRIMETHOPRIM	EXACTX	157	157	100.00	100.00	157	WP_000777554.1	trimethoprim-resistant dihydrofolate reductase DfrA1	NA	NA
GCF_055900535.1	NA	NZ_CM148322.1	1726813	1729446	+	gyrA_T83I	Citrobacter freundii quinolone resistant GyrA	core	AMR	POINT	QUINOLONE	QUINOLONE	POINTX	878	878	100.00	99.89	878	WP_003027598.1	DNA gyrase subunit A GyrA	NA	NA
GCF_055900535.1	NA	NZ_CM148322.1	3349069	3349863	-	blaOXA-204	OXA-48 family carbapenem-hydrolyzing class D beta-lactamase OXA-204	core	AMR	AMR	BETA-LACTAM	CARBAPENEM	ALLELEX	265	265	100.00	100.00	265	WP_032495449.1	OXA-48 family carbapenem-hydrolyzing class D beta-lactamase OXA-204	NA	NA
GCF_055900535.1	NA	NZ_CM148322.1	4757911	4759053	+	blaCMY-48	class C beta-lactamase CMY-48	core	AMR	AMR	BETA-LACTAM	CEPHALOSPORIN	ALLELEX	381	381	100.00	100.00	381	WP_044699195.1	class C beta-lactamase CMY-48	NA	NA
GCF_055900535.1	NA	NZ_CM148322.1	5281012	5281797	-	aadA1	ANT(3'')-Ia family aminoglycoside nucleotidyltransferase AadA1	core	AMR	AMR	AMINOGLYCOSIDE	STREPTOMYCIN	EXACTX	262	262	100.00	100.00	262	WP_001206315.1	ANT(3'')-Ia family aminoglycoside nucleotidyltransferase AadA1	NA	NA
GCF_055900535.1	NA	NZ_CM148322.1	5281858	5282379	-	sat2	streptothricin N-acetyltransferase Sat2	core	AMR	AMR	STREPTOTHRICIN	STREPTOTHRICIN	EXACTX	174	174	100.00	100.00	174	WP_000704156.1	streptothricin N-acetyltransferase Sat2	NA	NA
GCF_055900535.1	NA	NZ_CM148322.1	5282477	5282947	-	dfrA1	trimethoprim-resistant dihydrofolate reductase DfrA1	core	AMR	AMR	TRIMETHOPRIM	TRIMETHOPRIM	EXACTX	157	157	100.00	100.00	157	WP_000777554.1	trimethoprim-resistant dihydrofolate reductase DfrA1	NA	NA
GCF_055900535.1	NA	NZ_JBVWEP010000002.1	292588	293790	-	tet(B)	tetracycline efflux MFS transporter Tet(B)	core	AMR	AMR	TETRACYCLINE	TETRACYCLINE	EXACTX	401	401	100.00	100.00	401	WP_001089072.1	tetracycline efflux MFS transporter Tet(B)	NA	NA
GCF_055900735.1	NA	NZ_CM148332.1	2255218	2255859	-	qnrB	QnrB family quinolone resistance pentapeptide repeat protein	core	AMR	AMR	QUINOLONE	QUINOLONE	BLASTX	214	214	100.00	99.07	214	WP_003020537.1	quinolone resistance pentapeptide repeat protein QnrB38	NA	NA
GCF_055900735.1	NA	NZ_CM148332.1	4402923	4404065	+	blaCMY-181	class C beta-lactamase CMY-181	core	AMR	AMR	BETA-LACTAM	CEPHALOSPORIN	ALLELEX	381	381	100.00	100.00	381	WP_134216345.1	class C beta-lactamase CMY-181	NA	NA
GCF_055901255.1	NA	NZ_CM148355.1	4511853	4512995	+	blaCMY	CMY-2 family class C beta-lactamase	core	AMR	AMR	BETA-LACTAM	CEPHALOSPORIN	BLASTX	381	381	100.00	99.74	381	WP_008321445.1	class C beta-lactamase CMY-65	NA	NA
GCF_055901395.1	NA	NZ_CM148363.1	238853	240049	-	tet(A)	tetracycline efflux MFS transporter Tet(A)	core	AMR	AMR	TETRACYCLINE	TETRACYCLINE	EXACTX	399	399	100.00	100.00	399	WP_000804064.1	tetracycline efflux MFS transporter Tet(A)	NA	NA
GCF_055901395.1	NA	NZ_CM148363.1	250805	251641	-	sul1	sulfonamide-resistant dihydropteroate synthase Sul1	core	AMR	AMR	SULFONAMIDE	SULFONAMIDE	EXACTX	279	279	100.00	100.00	279	WP_000259032.1	sulfonamide-resistant dihydropteroate synthase Sul1	NA	NA
GCF_055901395.1	NA	NZ_CM148363.1	251638	251982	-	qacEdelta1	quaternary ammonium compound efflux SMR transporter QacE delta 1	core	STRESS	BIOCIDE	QUATERNARY AMMONIUM	QUATERNARY AMMONIUM	ALLELEX	115	115	100.00	100.00	115	WP_000679427.1	quaternary ammonium compound efflux SMR transporter QacE delta 1	NA	NA
GCF_055901395.1	NA	NZ_CM148363.1	252149	252937	-	aadA1	ANT(3'')-Ia family aminoglycoside nucleotidyltransferase AadA1	core	AMR	AMR	AMINOGLYCOSIDE	STREPTOMYCIN	EXACTX	263	263	100.00	100.00	263	WP_001206317.1	ANT(3'')-Ia family aminoglycoside nucleotidyltransferase AadA1	NA	NA
GCF_055901395.1	NA	NZ_CM148363.1	253033	253503	-	dfrA1	trimethoprim-resistant dihydrofolate reductase DfrA1	core	AMR	AMR	TRIMETHOPRIM	TRIMETHOPRIM	EXACTX	157	157	100.00	100.00	157	WP_000777555.1	trimethoprim-resistant dihydrofolate reductase DfrA1	NA	NA
GCF_055901395.1	NA	NZ_CM148363.1	1685773	1688406	+	gyrA_T83I	Citrobacter freundii quinolone resistant GyrA	core	AMR	POINT	QUINOLONE	QUINOLONE	POINTX	878	878	100.00	99.89	878	WP_003027598.1	DNA gyrase subunit A GyrA	NA	NA
GCF_055901395.1	NA	NZ_CM148363.1	4612832	4613974	+	blaCMY-48	class C beta-lactamase CMY-48	core	AMR	AMR	BETA-LACTAM	CEPHALOSPORIN	ALLELEX	381	381	100.00	100.00	381	WP_044699195.1	class C beta-lactamase CMY-48	NA	NA
GCF_055901395.1	NA	NZ_JBVWEK010000003.1	45973	46503	+	ant(2'')-Ia	aminoglycoside nucleotidyltransferase ANT(2'')-Ia	core	AMR	AMR	AMINOGLYCOSIDE	GENTAMICIN/KANAMYCIN/TOBRAMYCIN	EXACTX	177	177	100.00	100.00	177	WP_000381802.1	aminoglycoside nucleotidyltransferase ANT(2'')-Ia	NA	NA
GCF_055901395.1	NA	NZ_JBVWEK010000003.1	46657	46986	+	qacG2	quaternary ammonium compound efflux SMR transporter QacG2	core	STRESS	BIOCIDE	QUATERNARY AMMONIUM	QUATERNARY AMMONIUM	EXACTX	110	110	100.00	100.00	110	WP_003830719.1	quaternary ammonium compound efflux SMR transporter QacG2	NA	NA
GCF_055901395.1	NA	NZ_JBVWEK010000005.1	11120	11449	-	qacG2	quaternary ammonium compound efflux SMR transporter QacG2	core	STRESS	BIOCIDE	QUATERNARY AMMONIUM	QUATERNARY AMMONIUM	EXACTX	110	110	100.00	100.00	110	WP_003830719.1	quaternary ammonium compound efflux SMR transporter QacG2	NA	NA
GCF_055901395.1	NA	NZ_JBVWEK010000005.1	11603	12133	-	ant(2'')-Ia	aminoglycoside nucleotidyltransferase ANT(2'')-Ia	core	AMR	AMR	AMINOGLYCOSIDE	GENTAMICIN/KANAMYCIN/TOBRAMYCIN	EXACTX	177	177	100.00	100.00	177	WP_000381802.1	aminoglycoside nucleotidyltransferase ANT(2'')-Ia	NA	NA
GCF_055901455.1	NA	NZ_CM148366.1	1728401	1731034	+	gyrA_T83I	Citrobacter freundii quinolone resistant GyrA	core	AMR	POINT	QUINOLONE	QUINOLONE	POINTX	878	878	100.00	99.89	878	WP_003027598.1	DNA gyrase subunit A GyrA	NA	NA
GCF_055901455.1	NA	NZ_CM148366.1	3352940	3353734	-	blaOXA-204	OXA-48 family carbapenem-hydrolyzing class D beta-lactamase OXA-204	core	AMR	AMR	BETA-LACTAM	CARBAPENEM	ALLELEX	265	265	100.00	100.00	265	WP_032495449.1	OXA-48 family carbapenem-hydrolyzing class D beta-lactamase OXA-204	NA	NA
GCF_055901455.1	NA	NZ_CM148366.1	4762516	4763658	+	blaCMY-48	class C beta-lactamase CMY-48	core	AMR	AMR	BETA-LACTAM	CEPHALOSPORIN	ALLELEX	381	381	100.00	100.00	381	WP_044699195.1	class C beta-lactamase CMY-48	NA	NA
GCF_055901455.1	NA	NZ_CM148366.1	5285617	5286402	-	aadA1	ANT(3'')-Ia family aminoglycoside nucleotidyltransferase AadA1	core	AMR	AMR	AMINOGLYCOSIDE	STREPTOMYCIN	EXACTX	262	262	100.00	100.00	262	WP_001206315.1	ANT(3'')-Ia family aminoglycoside nucleotidyltransferase AadA1	NA	NA
GCF_055901455.1	NA	NZ_CM148366.1	5286463	5286984	-	sat2	streptothricin N-acetyltransferase Sat2	core	AMR	AMR	STREPTOTHRICIN	STREPTOTHRICIN	EXACTX	174	174	100.00	100.00	174	WP_000704156.1	streptothricin N-acetyltransferase Sat2	NA	NA
GCF_055901455.1	NA	NZ_CM148366.1	5287082	5287552	-	dfrA1	trimethoprim-resistant dihydrofolate reductase DfrA1	core	AMR	AMR	TRIMETHOPRIM	TRIMETHOPRIM	EXACTX	157	157	100.00	100.00	157	WP_000777554.1	trimethoprim-resistant dihydrofolate reductase DfrA1	NA	NA
GCF_055901455.1	NA	NZ_JBVWEN010000002.1	292588	293790	-	tet(B)	tetracycline efflux MFS transporter Tet(B)	core	AMR	AMR	TETRACYCLINE	TETRACYCLINE	EXACTX	401	401	100.00	100.00	401	WP_001089072.1	tetracycline efflux MFS transporter Tet(B)	NA	NA
GCF_055901475.1	NA	NZ_CM148367.1	1728401	1731034	+	gyrA_T83I	Citrobacter freundii quinolone resistant GyrA	core	AMR	POINT	QUINOLONE	QUINOLONE	POINTX	878	878	100.00	99.89	878	WP_003027598.1	DNA gyrase subunit A GyrA	NA	NA
GCF_055901475.1	NA	NZ_CM148367.1	3351434	3352228	-	blaOXA-204	OXA-48 family carbapenem-hydrolyzing class D beta-lactamase OXA-204	core	AMR	AMR	BETA-LACTAM	CARBAPENEM	ALLELEX	265	265	100.00	100.00	265	WP_032495449.1	OXA-48 family carbapenem-hydrolyzing class D beta-lactamase OXA-204	NA	NA
GCF_055901475.1	NA	NZ_CM148367.1	4759422	4760564	+	blaCMY-48	class C beta-lactamase CMY-48	core	AMR	AMR	BETA-LACTAM	CEPHALOSPORIN	ALLELEX	381	381	100.00	100.00	381	WP_044699195.1	class C beta-lactamase CMY-48	NA	NA
GCF_055901475.1	NA	NZ_CM148367.1	5282522	5283307	-	aadA1	ANT(3'')-Ia family aminoglycoside nucleotidyltransferase AadA1	core	AMR	AMR	AMINOGLYCOSIDE	STREPTOMYCIN	EXACTX	262	262	100.00	100.00	262	WP_001206315.1	ANT(3'')-Ia family aminoglycoside nucleotidyltransferase AadA1	NA	NA
GCF_055901475.1	NA	NZ_CM148367.1	5283368	5283889	-	sat2	streptothricin N-acetyltransferase Sat2	core	AMR	AMR	STREPTOTHRICIN	STREPTOTHRICIN	EXACTX	174	174	100.00	100.00	174	WP_000704156.1	streptothricin N-acetyltransferase Sat2	NA	NA
GCF_055901475.1	NA	NZ_CM148367.1	5283987	5284457	-	dfrA1	trimethoprim-resistant dihydrofolate reductase DfrA1	core	AMR	AMR	TRIMETHOPRIM	TRIMETHOPRIM	EXACTX	157	157	100.00	100.00	157	WP_000777554.1	trimethoprim-resistant dihydrofolate reductase DfrA1	NA	NA
GCF_055901495.1	NA	NZ_CM148368.1	1446495	1447331	-	sul1	sulfonamide-resistant dihydropteroate synthase Sul1	core	AMR	AMR	SULFONAMIDE	SULFONAMIDE	EXACTX	279	279	100.00	100.00	279	WP_000259031.1	sulfonamide-resistant dihydropteroate synthase Sul1	NA	NA
GCF_055901495.1	NA	NZ_CM148368.1	1447328	1447672	-	qacEdelta1	quaternary ammonium compound efflux SMR transporter QacE delta 1	core	STRESS	BIOCIDE	QUATERNARY AMMONIUM	QUATERNARY AMMONIUM	ALLELEX	115	115	100.00	100.00	115	WP_000679427.1	quaternary ammonium compound efflux SMR transporter QacE delta 1	NA	NA
GCF_055901495.1	NA	NZ_CM148368.1	1452760	1453572	-	sul2	sulfonamide-resistant dihydropteroate synthase Sul2	core	AMR	AMR	SULFONAMIDE	SULFONAMIDE	EXACTX	271	271	100.00	100.00	271	WP_001043260.1	sulfonamide-resistant dihydropteroate synthase Sul2	NA	NA
GCF_055901495.1	NA	NZ_CM148368.1	1690410	1693043	+	gyrA_T83I	Citrobacter freundii quinolone resistant GyrA	core	AMR	POINT	QUINOLONE	QUINOLONE	POINTX	878	878	100.00	99.89	878	WP_003027598.1	DNA gyrase subunit A GyrA	NA	NA
GCF_055901495.1	NA	NZ_CM148368.1	2923155	2923601	+	aac(6')-If	aminoglycoside N-acetyltransferase AAC(6')-If	core	AMR	AMR	AMINOGLYCOSIDE	AMIKACIN/KANAMYCIN/TOBRAMYCIN	EXACTX	149	149	100.00	100.00	149	WP_071593229.1	aminoglycoside N-acetyltransferase AAC(6')-If	NA	NA
GCF_055901495.1	NA	NZ_CM148368.1	4435955	4437097	+	blaCMY-189	class C beta-lactamase CMY-189	core	AMR	AMR	BETA-LACTAM	CEPHALOSPORIN	ALLELEX	381	381	100.00	100.00	381	WP_046670810.1	class C beta-lactamase CMY-189	NA	NA
GCF_055901495.1	NA	NZ_CM148368.1	4951198	4951983	-	aadA1	ANT(3'')-Ia family aminoglycoside nucleotidyltransferase AadA1	core	AMR	AMR	AMINOGLYCOSIDE	STREPTOMYCIN	EXACTX	262	262	100.00	100.00	262	WP_001206315.1	ANT(3'')-Ia family aminoglycoside nucleotidyltransferase AadA1	NA	NA
GCF_055901495.1	NA	NZ_CM148368.1	4952044	4952565	-	sat2	streptothricin N-acetyltransferase Sat2	core	AMR	AMR	STREPTOTHRICIN	STREPTOTHRICIN	EXACTX	174	174	100.00	100.00	174	WP_000704156.1	streptothricin N-acetyltransferase Sat2	NA	NA
GCF_055901495.1	NA	NZ_CM148368.1	4952663	4953133	-	dfrA1	trimethoprim-resistant dihydrofolate reductase DfrA1	core	AMR	AMR	TRIMETHOPRIM	TRIMETHOPRIM	EXACTX	157	157	100.00	100.00	157	WP_000777554.1	trimethoprim-resistant dihydrofolate reductase DfrA1	NA	NA
GCF_055901495.1	NA	NZ_JBVWET010000002.1	26723	27868	+	blaFOX-5	cephalosporin-hydrolyzing class C beta-lactamase FOX-5	core	AMR	AMR	BETA-LACTAM	CEPHALOSPORIN	ALLELEX	382	382	100.00	100.00	382	WP_016809943.1	cephalosporin-hydrolyzing class C beta-lactamase FOX-5	NA	NA
GCF_055901495.1	NA	NZ_JBVWET010000002.1	61178	62035	+	blaTEM-1	broad-spectrum class A beta-lactamase TEM-1	core	AMR	AMR	BETA-LACTAM	BETA-LACTAM	ALLELEX	286	286	100.00	100.00	286	WP_000027057.1	broad-spectrum class A beta-lactamase TEM-1	NA	NA
GCF_055901495.1	NA	NZ_JBVWET010000002.1	136008	137624	-	mcr-10.1	phosphoethanolamine--lipid A transferase MCR-10.1	core	AMR	AMR	COLISTIN	COLISTIN	ALLELEX	539	539	100.00	100.00	539	WP_023332837.1	phosphoethanolamine--lipid A transferase MCR-10.1	NA	NA
GCF_056113545.1	NA	NZ_CM148576.1	285824	288457	-	gyrA_T83I	Citrobacter freundii quinolone resistant GyrA	core	AMR	POINT	QUINOLONE	QUINOLONE	POINTX	878	878	100.00	99.89	878	WP_003027598.1	DNA gyrase subunit A GyrA	NA	NA
GCF_056113545.1	NA	NZ_CM148576.1	2504849	2505991	-	blaCMY-152	class C beta-lactamase CMY-152	core	AMR	AMR	BETA-LACTAM	CEPHALOSPORIN	ALLELEX	381	381	100.00	100.00	381	WP_032937778.1	class C beta-lactamase CMY-152	NA	NA
GCF_056113545.1	NA	NZ_JBVYOZ010000002.1	56827	57705	+	blaKPC-2	carbapenem-hydrolyzing class A beta-lactamase KPC-2	core	AMR	AMR	BETA-LACTAM	CARBAPENEM	ALLELEX	293	293	100.00	100.00	293	WP_004199234.1	carbapenem-hydrolyzing class A beta-lactamase KPC-2	NA	NA
GCF_056113545.1	NA	NZ_JBVYOZ010000003.1	21865	22416	+	aac(6')-Ib-cr5	fluoroquinolone-acetylating aminoglycoside 6'-N-acetyltransferase AAC(6')-Ib-cr5	core	AMR	AMR	AMINOGLYCOSIDE/QUINOLONE	AMIKACIN/KANAMYCIN/QUINOLONE/TOBRAMYCIN	ALLELEX	184	184	100.00	100.00	184	WP_063840321.1	fluoroquinolone-acetylating aminoglycoside 6'-N-acetyltransferase AAC(6')-Ib-cr5	NA	NA
GCF_056113545.1	NA	NZ_JBVYOZ010000003.1	22550	23377	+	blaOXA-1	oxacillin-hydrolyzing class D beta-lactamase OXA-1	core	AMR	AMR	BETA-LACTAM	CEPHALOSPORIN	ALLELEX	276	276	100.00	100.00	276	WP_001334766.1	oxacillin-hydrolyzing class D beta-lactamase OXA-1	NA	NA
GCF_056113545.1	NA	NZ_JBVYOZ010000003.1	23518	24147	+	catB3	type B-3 chloramphenicol O-acetyltransferase CatB3	core	AMR	AMR	PHENICOL	CHLORAMPHENICOL	EXACTX	210	210	100.00	100.00	210	WP_000186237.1	type B-3 chloramphenicol O-acetyltransferase CatB3	NA	NA
GCF_056113545.1	NA	NZ_JBVYOZ010000003.1	24235	24684	+	arr-3	NAD(+)--rifampin ADP-ribosyltransferase Arr-3	core	AMR	AMR	RIFAMYCIN	RIFAMYCIN	EXACTX	150	150	100.00	100.00	150	WP_001749986.1	NAD(+)--rifampin ADP-ribosyltransferase Arr-3	NA	NA
GCF_056113545.1	NA	NZ_JBVYOZ010000003.1	24910	25254	+	qacEdelta1	quaternary ammonium compound efflux SMR transporter QacE delta 1	core	STRESS	BIOCIDE	QUATERNARY AMMONIUM	QUATERNARY AMMONIUM	ALLELEX	115	115	100.00	100.00	115	WP_000679427.1	quaternary ammonium compound efflux SMR transporter QacE delta 1	NA	NA
GCF_056113545.1	NA	NZ_JBVYOZ010000003.1	25251	26087	+	sul1	sulfonamide-resistant dihydropteroate synthase Sul1	core	AMR	AMR	SULFONAMIDE	SULFONAMIDE	EXACTX	279	279	100.00	100.00	279	WP_000259031.1	sulfonamide-resistant dihydropteroate synthase Sul1	NA	NA
GCF_056113545.1	NA	NZ_JBVYOZ010000003.1	29280	29642	-	ble	bleomycin binding protein Ble-MBL	core	AMR	AMR	BLEOMYCIN	BLEOMYCIN	EXACTX	121	121	100.00	100.00	121	WP_004201167.1	bleomycin binding protein Ble-MBL	NA	NA
GCF_056113545.1	NA	NZ_JBVYOZ010000003.1	29649	30458	-	blaNDM-1	subclass B1 metallo-beta-lactamase NDM-1	core	AMR	AMR	BETA-LACTAM	CARBAPENEM	ALLELEX	270	270	100.00	100.00	270	WP_004201164.1	subclass B1 metallo-beta-lactamase NDM-1	NA	NA
GCF_056113545.1	NA	NZ_JBVYOZ010000003.1	30605	31372	+	blaOXA	OXA-10 family class D beta-lactamase	core	AMR	AMR	BETA-LACTAM	BETA-LACTAM	BLASTX	256	266	96.24	99.61	256	WP_000846390.1	oxacillin-hydrolyzing class D beta-lactamase OXA-10	NA	NA
GCF_056113545.1	NA	NZ_JBVYOZ010000003.1	31392	32180	+	aadA1	ANT(3'')-Ia family aminoglycoside nucleotidyltransferase AadA1	core	AMR	AMR	AMINOGLYCOSIDE	STREPTOMYCIN	EXACTX	263	263	100.00	100.00	263	WP_001209508.1	ANT(3'')-Ia family aminoglycoside nucleotidyltransferase AadA1	NA	NA
GCF_056113545.1	NA	NZ_JBVYOZ010000003.1	32307	32651	+	qacEdelta1	quaternary ammonium compound efflux SMR transporter QacE delta 1	core	STRESS	BIOCIDE	QUATERNARY AMMONIUM	QUATERNARY AMMONIUM	ALLELEX	115	115	100.00	100.00	115	WP_000679427.1	quaternary ammonium compound efflux SMR transporter QacE delta 1	NA	NA
GCF_056113545.1	NA	NZ_JBVYOZ010000003.1	32648	33484	+	sul1	sulfonamide-resistant dihydropteroate synthase Sul1	core	AMR	AMR	SULFONAMIDE	SULFONAMIDE	EXACTX	279	279	100.00	100.00	279	WP_000259031.1	sulfonamide-resistant dihydropteroate synthase Sul1	NA	NA
GCF_056113545.1	NA	NZ_JBVYOZ010000003.1	36466	37701	-	mrx(A)	phosphorylated macrolide efflux MFS transporter Mrx(A)	core	AMR	AMR	MACROLIDE	AZITHROMYCIN/ERYTHROMYCIN/SPIRAMYCIN/TELITHROMYCIN	EXACTX	412	412	100.00	100.00	412	WP_000004159.1	phosphorylated macrolide efflux MFS transporter Mrx(A)	NA	NA
GCF_056113545.1	NA	NZ_JBVYOZ010000003.1	37701	38603	-	mph(A)	Mph(A) family macrolide 2'-phosphotransferase	core	AMR	AMR	MACROLIDE	AZITHROMYCIN/ERYTHROMYCIN/SPIRAMYCIN/TELITHROMYCIN	EXACTX	301	301	100.00	100.00	301	WP_000219391.1	Mph(A) family macrolide 2'-phosphotransferase	NA	NA
GCF_056113545.1	NA	NZ_JBVYOZ010000006.1	148818	149675	+	blaTEM-1	broad-spectrum class A beta-lactamase TEM-1	core	AMR	AMR	BETA-LACTAM	BETA-LACTAM	ALLELEX	286	286	100.00	100.00	286	WP_000027057.1	broad-spectrum class A beta-lactamase TEM-1	NA	NA
GCF_056113545.1	NA	NZ_JBVYOZ010000006.1	149848	150600	+	rmtB1	16S rRNA (guanine(1405)-N(7))-methyltransferase RmtB1	core	AMR	AMR	AMINOGLYCOSIDE	AMINOGLYCOSIDE	ALLELEX	251	251	100.00	100.00	251	WP_012372818.1	16S rRNA (guanine(1405)-N(7))-methyltransferase RmtB1	NA	NA
GCF_056113545.1	NA	NZ_JBVYOZ010000006.1	155623	156795	-	tet(G)	tetracycline efflux MFS transporter Tet(G)	core	AMR	AMR	TETRACYCLINE	TETRACYCLINE	EXACTX	391	391	100.00	100.00	391	WP_001257840.1	tetracycline efflux MFS transporter Tet(G)	NA	NA
GCF_056113545.1	NA	NZ_JBVYOZ010000006.1	157735	158946	-	floR2	chloramphenicol/florfenicol efflux MFS transporter FloR2	core	AMR	AMR	PHENICOL	CHLORAMPHENICOL/FLORFENICOL	EXACTX	404	404	100.00	100.00	404	WP_000214125.1	chloramphenicol/florfenicol efflux MFS transporter FloR2	NA	NA
GCF_056113545.1	NA	NZ_JBVYOZ010000006.1	159607	160134	-	sul1	sulfonamide-resistant dihydropteroate synthase Sul1	core	AMR	AMR	SULFONAMIDE	SULFONAMIDE	PARTIALX	176	275	64.00	100.00	176	WP_063855066.1	sulfonamide-resistant dihydropteroate synthase Sul1	NA	NA
GCF_056113545.1	NA	NZ_JBVYOZ010000006.1	160131	160475	-	qacEdelta1	quaternary ammonium compound efflux SMR transporter QacE delta 1	core	STRESS	BIOCIDE	QUATERNARY AMMONIUM	QUATERNARY AMMONIUM	ALLELEX	115	115	100.00	100.00	115	WP_000679427.1	quaternary ammonium compound efflux SMR transporter QacE delta 1	NA	NA
GCF_056113545.1	NA	NZ_JBVYOZ010000006.1	160642	161430	-	aadA1	ANT(3'')-Ia family aminoglycoside nucleotidyltransferase AadA1	core	AMR	AMR	AMINOGLYCOSIDE	STREPTOMYCIN	EXACTX	263	263	100.00	100.00	263	WP_001209508.1	ANT(3'')-Ia family aminoglycoside nucleotidyltransferase AadA1	NA	NA
GCF_056113545.1	NA	NZ_JBVYOZ010000006.1	161450	162217	-	blaOXA	OXA-10 family class D beta-lactamase	core	AMR	AMR	BETA-LACTAM	BETA-LACTAM	BLASTX	256	266	96.24	99.61	256	WP_000846390.1	oxacillin-hydrolyzing class D beta-lactamase OXA-10	NA	NA
GCF_056113545.1	NA	NZ_JBVYOZ010000006.1	162364	163173	+	blaNDM-1	subclass B1 metallo-beta-lactamase NDM-1	core	AMR	AMR	BETA-LACTAM	CARBAPENEM	ALLELEX	270	270	100.00	100.00	270	WP_004201164.1	subclass B1 metallo-beta-lactamase NDM-1	NA	NA
GCF_056113545.1	NA	NZ_JBVYOZ010000006.1	163180	163542	+	ble	bleomycin binding protein Ble-MBL	core	AMR	AMR	BLEOMYCIN	BLEOMYCIN	EXACTX	121	121	100.00	100.00	121	WP_004201167.1	bleomycin binding protein Ble-MBL	NA	NA
GCF_056113545.1	NA	NZ_JBVYOZ010000006.1	166735	167571	-	sul1	sulfonamide-resistant dihydropteroate synthase Sul1	core	AMR	AMR	SULFONAMIDE	SULFONAMIDE	EXACTX	279	279	100.00	100.00	279	WP_000259031.1	sulfonamide-resistant dihydropteroate synthase Sul1	NA	NA
GCF_056113545.1	NA	NZ_JBVYOZ010000006.1	167568	167912	-	qacEdelta1	quaternary ammonium compound efflux SMR transporter QacE delta 1	core	STRESS	BIOCIDE	QUATERNARY AMMONIUM	QUATERNARY AMMONIUM	ALLELEX	115	115	100.00	100.00	115	WP_000679427.1	quaternary ammonium compound efflux SMR transporter QacE delta 1	NA	NA
GCF_056113545.1	NA	NZ_JBVYOZ010000006.1	168032	168874	-	aadA16	ANT(3'')-Ia family aminoglycoside nucleotidyltransferase AadA16	core	AMR	AMR	AMINOGLYCOSIDE	STREPTOMYCIN	EXACTX	281	281	100.00	100.00	281	WP_001749984.1	ANT(3'')-Ia family aminoglycoside nucleotidyltransferase AadA16	NA	NA
GCF_056113545.1	NA	NZ_JBVYOZ010000006.1	169058	169528	-	dfrA27	trimethoprim-resistant dihydrofolate reductase DfrA27	core	AMR	AMR	TRIMETHOPRIM	TRIMETHOPRIM	EXACTX	157	157	100.00	100.00	157	WP_001749985.1	trimethoprim-resistant dihydrofolate reductase DfrA27	NA	NA
GCF_056113545.1	NA	NZ_JBVYOZ010000006.1	169664	170113	-	arr-3	NAD(+)--rifampin ADP-ribosyltransferase Arr-3	core	AMR	AMR	RIFAMYCIN	RIFAMYCIN	EXACTX	150	150	100.00	100.00	150	WP_001749986.1	NAD(+)--rifampin ADP-ribosyltransferase Arr-3	NA	NA
GCF_056113545.1	NA	NZ_JBVYOZ010000006.1	170213	170764	-	aac(6')-Ib-cr5	fluoroquinolone-acetylating aminoglycoside 6'-N-acetyltransferase AAC(6')-Ib-cr5	core	AMR	AMR	AMINOGLYCOSIDE/QUINOLONE	AMIKACIN/KANAMYCIN/QUINOLONE/TOBRAMYCIN	ALLELEX	184	184	100.00	100.00	184	WP_063840321.1	fluoroquinolone-acetylating aminoglycoside 6'-N-acetyltransferase AAC(6')-Ib-cr5	NA	NA
GCF_057470485.1	NA	NZ_CM172028.1	1611872	1614505	+	gyrA_T83I	Citrobacter freundii quinolone resistant GyrA	core	AMR	POINT	QUINOLONE	QUINOLONE	POINTX	878	878	100.00	99.89	878	WP_003027598.1	DNA gyrase subunit A GyrA	NA	NA
GCF_057470485.1	NA	NZ_CM172028.1	4488474	4489259	-	aadA5	ANT(3'')-Ia family aminoglycoside nucleotidyltransferase AadA5	core	AMR	AMR	AMINOGLYCOSIDE	STREPTOMYCIN	EXACTX	262	262	100.00	100.00	262	WP_000503573.1	ANT(3'')-Ia family aminoglycoside nucleotidyltransferase AadA5	NA	NA
GCF_057470485.1	NA	NZ_CM172028.1	4489393	4489863	-	dfrA17	trimethoprim-resistant dihydrofolate reductase DfrA17	core	AMR	AMR	TRIMETHOPRIM	TRIMETHOPRIM	EXACTX	157	157	100.00	100.00	157	WP_001389366.1	trimethoprim-resistant dihydrofolate reductase DfrA17	NA	NA
GCF_057470485.1	NA	NZ_CM172028.1	4588069	4589211	+	blaCMY	CMY-2 family class C beta-lactamase	core	AMR	AMR	BETA-LACTAM	CEPHALOSPORIN	BLASTX	381	381	100.00	99.74	381	WP_063859722.1	class C beta-lactamase CMY-117	NA	NA
GCF_057470485.1	NA	NZ_JBRWOW010000002.1	108177	108914	+	blaIMP	IMP family subclass B1 metallo-beta-lactamase	core	AMR	AMR	BETA-LACTAM	CARBAPENEM	BLASTX	246	246	100.00	99.59	246	WP_039819893.1	subclass B1 metallo-beta-lactamase IMP-14	NA	NA
GCF_057470485.1	NA	NZ_JBRWOW010000002.1	109063	109500	+	aacA34	aminoglycoside 6'-N-acetyltransferase AacA34	core	AMR	AMR	AMINOGLYCOSIDE	KANAMYCIN/TOBRAMYCIN	EXACTX	146	146	100.00	100.00	146	WP_052285801.1	aminoglycoside 6'-N-acetyltransferase AacA34	NA	NA
GCF_057470485.1	NA	NZ_JBRWOW010000002.1	111459	111803	+	qacEdelta1	quaternary ammonium compound efflux SMR transporter QacE delta 1	core	STRESS	BIOCIDE	QUATERNARY AMMONIUM	QUATERNARY AMMONIUM	ALLELEX	115	115	100.00	100.00	115	WP_000679427.1	quaternary ammonium compound efflux SMR transporter QacE delta 1	NA	NA
GCF_057470485.1	NA	NZ_JBRWOW010000002.1	111800	112636	+	sul1	sulfonamide-resistant dihydropteroate synthase Sul1	core	AMR	AMR	SULFONAMIDE	SULFONAMIDE	EXACTX	279	279	100.00	100.00	279	WP_000259031.1	sulfonamide-resistant dihydropteroate synthase Sul1	NA	NA
GCF_057470485.1	NA	NZ_JBRWOW010000002.1	133571	133900	+	qacL	quaternary ammonium compound efflux SMR transporter QacL	core	STRESS	BIOCIDE	QUATERNARY AMMONIUM	QUATERNARY AMMONIUM	EXACTX	110	110	100.00	100.00	110	WP_015059047.1	quaternary ammonium compound efflux SMR transporter QacL	NA	NA
GCF_057470485.1	NA	NZ_JBRWOW010000002.1	133977	134507	+	ant(2'')-Ia	aminoglycoside nucleotidyltransferase ANT(2'')-Ia	core	AMR	AMR	AMINOGLYCOSIDE	GENTAMICIN/KANAMYCIN/TOBRAMYCIN	EXACTX	177	177	100.00	100.00	177	WP_000381802.1	aminoglycoside nucleotidyltransferase ANT(2'')-Ia	NA	NA
GCF_057470485.1	NA	NZ_JBRWOW010000002.1	134595	135044	+	arr-2	NAD(+)--rifampin ADP-ribosyltransferase Arr-2	core	AMR	AMR	RIFAMYCIN	RIFAMYCIN	ALLELEX	150	150	100.00	100.00	150	WP_000237816.1	NAD(+)--rifampin ADP-ribosyltransferase Arr-2	NA	NA
GCF_057470485.1	NA	NZ_JBRWOW010000002.1	135368	136624	+	cmlA5	chloramphenicol efflux MFS transporter CmlA5	core	AMR	AMR	PHENICOL	CHLORAMPHENICOL	EXACTX	419	419	100.00	100.00	419	WP_012300772.1	chloramphenicol efflux MFS transporter CmlA5	NA	NA
GCF_057470485.1	NA	NZ_JBRWOW010000002.1	136892	137689	+	blaOXA-10	oxacillin-hydrolyzing class D beta-lactamase OXA-10	core	AMR	AMR	BETA-LACTAM	CEPHALOSPORIN	ALLELEX	266	266	100.00	100.00	266	WP_000846390.1	oxacillin-hydrolyzing class D beta-lactamase OXA-10	NA	NA
GCF_057470485.1	NA	NZ_JBRWOW010000002.1	137709	138497	+	aadA1	ANT(3'')-Ia family aminoglycoside nucleotidyltransferase AadA1	core	AMR	AMR	AMINOGLYCOSIDE	STREPTOMYCIN	EXACTX	263	263	100.00	100.00	263	WP_001209508.1	ANT(3'')-Ia family aminoglycoside nucleotidyltransferase AadA1	NA	NA
GCF_057470485.1	NA	NZ_JBRWOW010000002.1	140502	140846	+	qacEdelta1	quaternary ammonium compound efflux SMR transporter QacE delta 1	core	STRESS	BIOCIDE	QUATERNARY AMMONIUM	QUATERNARY AMMONIUM	ALLELEX	115	115	100.00	100.00	115	WP_000679427.1	quaternary ammonium compound efflux SMR transporter QacE delta 1	NA	NA
GCF_057470485.1	NA	NZ_JBRWOW010000002.1	140843	141679	+	sul1	sulfonamide-resistant dihydropteroate synthase Sul1	core	AMR	AMR	SULFONAMIDE	SULFONAMIDE	EXACTX	279	279	100.00	100.00	279	WP_000259031.1	sulfonamide-resistant dihydropteroate synthase Sul1	NA	NA
GCF_057470485.1	NA	NZ_JBRWOW010000002.1	144379	145017	+	catA2	type A-2 chloramphenicol O-acetyltransferase CatII	core	AMR	AMR	PHENICOL	CHLORAMPHENICOL	BLASTX	213	213	100.00	99.53	213	WP_012477888.1	type A-2 chloramphenicol O-acetyltransferase CatII	NA	NA
GCF_057470485.1	NA	NZ_JBRWOW010000002.1	145767	145970	+	qacE	quaternary ammonium compound efflux SMR transporter QacE	core	STRESS	BIOCIDE	QUATERNARY AMMONIUM	QUATERNARY AMMONIUM	PARTIALX	68	115	59.13	100.00	68	WP_000679427.1	quaternary ammonium compound efflux SMR transporter QacE delta 1	NA	NA
GCF_057470485.1	NA	NZ_JBRWOW010000002.1	145967	146803	+	sul1	sulfonamide-resistant dihydropteroate synthase Sul1	core	AMR	AMR	SULFONAMIDE	SULFONAMIDE	EXACTX	279	279	100.00	100.00	279	WP_000259031.1	sulfonamide-resistant dihydropteroate synthase Sul1	NA	NA
GCF_057470485.1	NA	NZ_JBRWOW010000004.1	3524	4381	+	blaTEM-1	broad-spectrum class A beta-lactamase TEM-1	core	AMR	AMR	BETA-LACTAM	BETA-LACTAM	ALLELEX	286	286	100.00	100.00	286	WP_000027057.1	broad-spectrum class A beta-lactamase TEM-1	NA	NA
GCF_057470485.1	NA	NZ_JBRWOW010000004.1	4554	5306	+	rmtB1	16S rRNA (guanine(1405)-N(7))-methyltransferase RmtB1	core	AMR	AMR	AMINOGLYCOSIDE	AMINOGLYCOSIDE	ALLELEX	251	251	100.00	100.00	251	WP_012372818.1	16S rRNA (guanine(1405)-N(7))-methyltransferase RmtB1	NA	NA
GCF_057470485.1	NA	NZ_JBRWOW010000004.1	7851	8687	-	sul1	sulfonamide-resistant dihydropteroate synthase Sul1	core	AMR	AMR	SULFONAMIDE	SULFONAMIDE	EXACTX	279	279	100.00	100.00	279	WP_000259031.1	sulfonamide-resistant dihydropteroate synthase Sul1	NA	NA
GCF_057470485.1	NA	NZ_JBRWOW010000004.1	8684	9028	-	qacEdelta1	quaternary ammonium compound efflux SMR transporter QacE delta 1	core	STRESS	BIOCIDE	QUATERNARY AMMONIUM	QUATERNARY AMMONIUM	ALLELEX	115	115	100.00	100.00	115	WP_000679427.1	quaternary ammonium compound efflux SMR transporter QacE delta 1	NA	NA
GCF_057470485.1	NA	NZ_JBRWOW010000004.1	9254	9703	-	arr-3	NAD(+)--rifampin ADP-ribosyltransferase Arr-3	core	AMR	AMR	RIFAMYCIN	RIFAMYCIN	EXACTX	150	150	100.00	100.00	150	WP_001749986.1	NAD(+)--rifampin ADP-ribosyltransferase Arr-3	NA	NA
GCF_057470485.1	NA	NZ_JBRWOW010000004.1	9791	10420	-	catB3	type B-3 chloramphenicol O-acetyltransferase CatB3	core	AMR	AMR	PHENICOL	CHLORAMPHENICOL	EXACTX	210	210	100.00	100.00	210	WP_000186237.1	type B-3 chloramphenicol O-acetyltransferase CatB3	NA	NA
GCF_057470485.1	NA	NZ_JBRWOW010000004.1	10561	11388	-	blaOXA-1	oxacillin-hydrolyzing class D beta-lactamase OXA-1	core	AMR	AMR	BETA-LACTAM	CEPHALOSPORIN	ALLELEX	276	276	100.00	100.00	276	WP_001334766.1	oxacillin-hydrolyzing class D beta-lactamase OXA-1	NA	NA
GCF_057470485.1	NA	NZ_JBRWOW010000004.1	11522	12073	-	aac(6')-Ib-cr5	fluoroquinolone-acetylating aminoglycoside 6'-N-acetyltransferase AAC(6')-Ib-cr5	core	AMR	AMR	AMINOGLYCOSIDE/QUINOLONE	AMIKACIN/KANAMYCIN/QUINOLONE/TOBRAMYCIN	ALLELEX	184	184	100.00	100.00	184	WP_063840321.1	fluoroquinolone-acetylating aminoglycoside 6'-N-acetyltransferase AAC(6')-Ib-cr5	NA	NA
GCF_057470485.1	NA	NZ_JBRWOW010000004.1	16055	17251	+	tet(A)	tetracycline efflux MFS transporter Tet(A)	core	AMR	AMR	TETRACYCLINE	TETRACYCLINE	EXACTX	399	399	100.00	100.00	399	WP_000804064.1	tetracycline efflux MFS transporter Tet(A)	NA	NA
GCF_057812875.1	NA	NZ_CM173853.1	454151	455293	-	blaCMY	CMY-2 family class C beta-lactamase	core	AMR	AMR	BETA-LACTAM	CEPHALOSPORIN	BLASTX	381	381	100.00	99.74	381	WP_046670810.1	class C beta-lactamase CMY-189	NA	NA
GCF_057812875.1	NA	NZ_CM173853.1	3355269	3357902	-	gyrA_T83I	Citrobacter freundii quinolone resistant GyrA	core	AMR	POINT	QUINOLONE	QUINOLONE	POINTX	878	878	100.00	99.89	878	WP_003027598.1	DNA gyrase subunit A GyrA	NA	NA
GCF_057812875.1	NA	NZ_JBTLGU010000002.1	37932	38741	+	blaNDM-4	subclass B1 metallo-beta-lactamase NDM-4	core	AMR	AMR	BETA-LACTAM	CARBAPENEM	ALLELEX	270	270	100.00	100.00	270	WP_063860861.1	subclass B1 metallo-beta-lactamase NDM-4	NA	NA
GCF_057812875.1	NA	NZ_JBTLGU010000002.1	38748	39110	+	ble	bleomycin binding protein Ble-MBL	core	AMR	AMR	BLEOMYCIN	BLEOMYCIN	EXACTX	121	121	100.00	100.00	121	WP_004201167.1	bleomycin binding protein Ble-MBL	NA	NA
GCF_057812875.1	NA	NZ_JBTLGU010000004.1	55338	55889	+	aac(6')-Ib-cr5	fluoroquinolone-acetylating aminoglycoside 6'-N-acetyltransferase AAC(6')-Ib-cr5	core	AMR	AMR	AMINOGLYCOSIDE/QUINOLONE	AMIKACIN/KANAMYCIN/QUINOLONE/TOBRAMYCIN	ALLELEX	184	184	100.00	100.00	184	WP_063840321.1	fluoroquinolone-acetylating aminoglycoside 6'-N-acetyltransferase AAC(6')-Ib-cr5	NA	NA
GCF_057812875.1	NA	NZ_JBTLGU010000004.1	56023	56850	+	blaOXA-1	oxacillin-hydrolyzing class D beta-lactamase OXA-1	core	AMR	AMR	BETA-LACTAM	CEPHALOSPORIN	ALLELEX	276	276	100.00	100.00	276	WP_001334766.1	oxacillin-hydrolyzing class D beta-lactamase OXA-1	NA	NA
GCF_057812875.1	NA	NZ_JBTLGU010000004.1	56991	57431	+	catB3	type B-3 chloramphenicol O-acetyltransferase CatB3	core	AMR	AMR	PHENICOL	CHLORAMPHENICOL	PARTIALX	147	210	70.00	100.00	147	WP_000186237.1	type B-3 chloramphenicol O-acetyltransferase CatB3	NA	NA
GCF_057812875.1	NA	NZ_JBTLGU010000004.1	58296	59153	+	aac(3)-IIe	aminoglycoside N-acetyltransferase AAC(3)-IIe	core	AMR	AMR	AMINOGLYCOSIDE	GENTAMICIN	EXACTX	286	286	100.00	100.00	286	WP_000557452.1	aminoglycoside N-acetyltransferase AAC(3)-IIe	NA	NA
GCF_057812875.1	NA	NZ_JBTLGU010000004.1	65030	65887	+	blaTEM-1	broad-spectrum class A beta-lactamase TEM-1	core	AMR	AMR	BETA-LACTAM	BETA-LACTAM	ALLELEX	286	286	100.00	100.00	286	WP_000027057.1	broad-spectrum class A beta-lactamase TEM-1	NA	NA
GCF_057812875.1	NA	NZ_JBTLGU010000004.1	66032	66502	-	aadA11	ANT(3'')-Ia family aminoglycoside nucleotidyltransferase AadA11	core	AMR	AMR	AMINOGLYCOSIDE	STREPTOMYCIN	PARTIALX	157	281	55.87	99.36	157	WP_048608579.1	ANT(3'')-Ia family aminoglycoside nucleotidyltransferase AadA11	NA	NA
GCF_057812875.1	NA	NZ_JBTLGU010000004.1	66575	67126	-	aac(6')-Ib4	aminoglycoside N-acetyltransferase AAC(6')-Ib4	core	AMR	AMR	AMINOGLYCOSIDE	GENTAMICIN	ALLELEX	184	184	100.00	100.00	184	WP_003159191.1	aminoglycoside N-acetyltransferase AAC(6')-Ib4	NA	NA
GCF_057813005.1	NA	NZ_CM173860.1	2767974	2768420	+	aac(6')-If	aminoglycoside N-acetyltransferase AAC(6')-If	core	AMR	AMR	AMINOGLYCOSIDE	AMIKACIN/KANAMYCIN/TOBRAMYCIN	EXACTX	149	149	100.00	100.00	149	WP_048233550.1	aminoglycoside N-acetyltransferase AAC(6')-If	NA	NA
GCF_057813005.1	NA	NZ_CM173860.1	4333926	4335068	+	blaCMY-48	class C beta-lactamase CMY-48	core	AMR	AMR	BETA-LACTAM	CEPHALOSPORIN	ALLELEX	381	381	100.00	100.00	381	WP_044699195.1	class C beta-lactamase CMY-48	NA	NA
GCF_057813005.1	NA	NZ_JBTLGO010000002.1	4003	4656	+	qnrS1	quinolone resistance pentapeptide repeat protein QnrS1	core	AMR	AMR	QUINOLONE	QUINOLONE	ALLELEX	218	218	100.00	100.00	218	WP_001516695.1	quinolone resistance pentapeptide repeat protein QnrS1	NA	NA
GCF_057813005.1	NA	NZ_JBTLGO010000002.1	8022	8798	+	aph(3')-VI	APH(3')-VI family aminoglycoside O-phosphotransferase	core	AMR	AMR	AMINOGLYCOSIDE	AMIKACIN/KANAMYCIN	EXACTX	259	259	100.00	100.00	259	WP_014386410.1	APH(3')-VI family aminoglycoside O-phosphotransferase	NA	NA
GCF_057813005.1	NA	NZ_JBTLGO010000002.1	11234	12043	+	blaNDM-1	subclass B1 metallo-beta-lactamase NDM-1	core	AMR	AMR	BETA-LACTAM	CARBAPENEM	ALLELEX	270	270	100.00	100.00	270	WP_004201164.1	subclass B1 metallo-beta-lactamase NDM-1	NA	NA
GCF_057813005.1	NA	NZ_JBTLGO010000002.1	12050	12412	+	ble	bleomycin binding protein Ble-MBL	core	AMR	AMR	BLEOMYCIN	BLEOMYCIN	EXACTX	121	121	100.00	100.00	121	WP_004201167.1	bleomycin binding protein Ble-MBL	NA	NA
GCF_057813005.1	NA	NZ_JBTLGO010000002.1	109310	110167	-	blaTEM-1	broad-spectrum class A beta-lactamase TEM-1	core	AMR	AMR	BETA-LACTAM	BETA-LACTAM	ALLELEX	286	286	100.00	100.00	286	WP_000027057.1	broad-spectrum class A beta-lactamase TEM-1	NA	NA
GCF_057813005.1	NA	NZ_JBTLGO010000002.1	110870	111691	-	blaOXA-9	oxacillin-hydrolyzing class D beta-lactamase OXA-9	core	AMR	AMR	BETA-LACTAM	BETA-LACTAM	ALLELEX	274	274	100.00	100.00	274	WP_000722315.1	oxacillin-hydrolyzing class D beta-lactamase OXA-9	NA	NA
GCF_057813005.1	NA	NZ_JBTLGO010000002.1	111754	112539	-	aadA1	ANT(3'')-Ia family aminoglycoside nucleotidyltransferase AadA1	core	AMR	AMR	AMINOGLYCOSIDE	STREPTOMYCIN	EXACTX	262	262	100.00	100.00	262	WP_001206315.1	ANT(3'')-Ia family aminoglycoside nucleotidyltransferase AadA1	NA	NA
GCF_057813005.1	NA	NZ_JBTLGO010000002.1	112612	113163	-	aac(6')-Ib	AAC(6')-Ib family aminoglycoside 6'-N-acetyltransferase	core	AMR	AMR	AMINOGLYCOSIDE	AMIKACIN/KANAMYCIN/TOBRAMYCIN	EXACTX	184	184	100.00	100.00	184	WP_063840280.1	AAC(6')-Ib family aminoglycoside 6'-N-acetyltransferase	NA	NA
GCF_057813005.1	NA	NZ_JBTLGO010000002.1	116036	116908	+	blaCTX-M-15	extended-spectrum class A beta-lactamase CTX-M-15	core	AMR	AMR	BETA-LACTAM	CEPHALOSPORIN	ALLELEX	291	291	100.00	100.00	291	WP_000239590.1	extended-spectrum class A beta-lactamase CTX-M-15	NA	NA
GCF_059230765.1	NA	NZ_CP114229.1	1693777	1696410	+	gyrA_T83I	Citrobacter freundii quinolone resistant GyrA	core	AMR	POINT	QUINOLONE	QUINOLONE	POINTX	878	878	100.00	99.89	878	WP_003027598.1	DNA gyrase subunit A GyrA	NA	NA
GCF_059230765.1	NA	NZ_CP114229.1	4528557	4529699	+	blaCMY-152	class C beta-lactamase CMY-152	core	AMR	AMR	BETA-LACTAM	CEPHALOSPORIN	ALLELEX	381	381	100.00	100.00	381	WP_032937778.1	class C beta-lactamase CMY-152	NA	NA
GCF_059230765.1	NA	NZ_CP114230.1	139188	140051	+	blaCARB-2	PSE family carbenicillin-hydrolyzing class A beta-lactamase CARB-2	core	AMR	AMR	BETA-LACTAM	BETA-LACTAM	ALLELEX	288	288	100.00	100.00	288	WP_001931474.1	PSE family carbenicillin-hydrolyzing class A beta-lactamase CARB-2	NA	NA
GCF_059230765.1	NA	NZ_CP114230.1	140172	140960	+	aadA2	ANT(3'')-Ia family aminoglycoside nucleotidyltransferase AadA2	core	AMR	AMR	AMINOGLYCOSIDE	STREPTOMYCIN	EXACTX	263	263	100.00	100.00	263	WP_001261740.1	ANT(3'')-Ia family aminoglycoside nucleotidyltransferase AadA2	NA	NA
GCF_059230765.1	NA	NZ_CP114230.1	141225	142481	+	cmlA	CmlA family chloramphenicol efflux MFS transporter	core	AMR	AMR	PHENICOL	CHLORAMPHENICOL	BLASTX	419	419	100.00	99.76	419	WP_001256773.1	chloramphenicol efflux MFS transporter CmlA6	NA	NA
GCF_059230765.1	NA	NZ_CP114230.1	142609	143238	+	catB11	type B-2 chloramphenicol O-acetyltransferase CatB11	core	AMR	AMR	PHENICOL	CHLORAMPHENICOL	ALLELEX	210	210	100.00	100.00	210	WP_000800689.1	type B-2 chloramphenicol O-acetyltransferase CatB11	NA	NA
GCF_059230765.1	NA	NZ_CP114230.1	143431	143775	+	qacEdelta1	quaternary ammonium compound efflux SMR transporter QacE delta 1	core	STRESS	BIOCIDE	QUATERNARY AMMONIUM	QUATERNARY AMMONIUM	ALLELEX	115	115	100.00	100.00	115	WP_000679427.1	quaternary ammonium compound efflux SMR transporter QacE delta 1	NA	NA
GCF_059230765.1	NA	NZ_CP114230.1	143772	144608	+	sul1	sulfonamide-resistant dihydropteroate synthase Sul1	core	AMR	AMR	SULFONAMIDE	SULFONAMIDE	EXACTX	279	279	100.00	100.00	279	WP_000259031.1	sulfonamide-resistant dihydropteroate synthase Sul1	NA	NA
GCF_059230765.1	NA	NZ_CP114230.1	147323	147889	+	dfrA19	trimethoprim-resistant dihydrofolate reductase DfrA19	core	AMR	AMR	TRIMETHOPRIM	TRIMETHOPRIM	EXACTX	189	189	100.00	100.00	189	WP_000019304.1	trimethoprim-resistant dihydrofolate reductase DfrA19	NA	NA
GCF_059230765.1	NA	NZ_CP114230.1	149654	150184	+	ant(2'')-Ia	aminoglycoside nucleotidyltransferase ANT(2'')-Ia	core	AMR	AMR	AMINOGLYCOSIDE	GENTAMICIN/KANAMYCIN/TOBRAMYCIN	EXACTX	177	177	100.00	100.00	177	WP_000381802.1	aminoglycoside nucleotidyltransferase ANT(2'')-Ia	NA	NA
GCF_059230765.1	NA	NZ_CP114230.1	150344	150688	+	qacEdelta1	quaternary ammonium compound efflux SMR transporter QacE delta 1	core	STRESS	BIOCIDE	QUATERNARY AMMONIUM	QUATERNARY AMMONIUM	ALLELEX	115	115	100.00	100.00	115	WP_000679427.1	quaternary ammonium compound efflux SMR transporter QacE delta 1	NA	NA
GCF_059230765.1	NA	NZ_CP114230.1	150685	151521	+	sul1	sulfonamide-resistant dihydropteroate synthase Sul1	core	AMR	AMR	SULFONAMIDE	SULFONAMIDE	EXACTX	279	279	100.00	100.00	279	WP_000259032.1	sulfonamide-resistant dihydropteroate synthase Sul1	NA	NA
GCF_059230765.1	NA	NZ_CP114230.1	153793	155265	+	msr(E)	ABC-F type ribosomal protection protein Msr(E)	core	AMR	AMR	MACROLIDE/STREPTOGRAMIN	AZITHROMYCIN/ERYTHROMYCIN/STREPTOGRAMIN	EXACTX	491	491	100.00	100.00	491	WP_000052512.1	ABC-F type ribosomal protection protein Msr(E)	NA	NA
GCF_059230765.1	NA	NZ_CP114236.1	8983	9861	-	blaKPC-2	carbapenem-hydrolyzing class A beta-lactamase KPC-2	core	AMR	AMR	BETA-LACTAM	CARBAPENEM	ALLELEX	293	293	100.00	100.00	293	WP_004199234.1	carbapenem-hydrolyzing class A beta-lactamase KPC-2	NA	NA
GCF_059234485.1	NA	NZ_CP115113.1	1762146	1764779	+	gyrA_T83I	Citrobacter freundii quinolone resistant GyrA	core	AMR	POINT	QUINOLONE	QUINOLONE	POINTX	878	878	100.00	99.77	878	WP_003027598.1	DNA gyrase subunit A GyrA	NA	NA
GCF_059234485.1	NA	NZ_CP115113.1	4708624	4709766	+	blaCMY	CMY-2 family class C beta-lactamase	core	AMR	AMR	BETA-LACTAM	CEPHALOSPORIN	BLASTX	381	381	100.00	99.74	381	WP_063859865.1	class C beta-lactamase CMY-75	NA	NA
GCF_059234485.1	NA	NZ_CP115114.1	103489	104040	+	aac(6')-Ib-cr5	fluoroquinolone-acetylating aminoglycoside 6'-N-acetyltransferase AAC(6')-Ib-cr5	core	AMR	AMR	AMINOGLYCOSIDE/QUINOLONE	AMIKACIN/KANAMYCIN/QUINOLONE/TOBRAMYCIN	ALLELEX	184	184	100.00	100.00	184	WP_063840321.1	fluoroquinolone-acetylating aminoglycoside 6'-N-acetyltransferase AAC(6')-Ib-cr5	NA	NA
GCF_059234485.1	NA	NZ_CP115114.1	104174	105001	+	blaOXA-1	oxacillin-hydrolyzing class D beta-lactamase OXA-1	core	AMR	AMR	BETA-LACTAM	CEPHALOSPORIN	ALLELEX	276	276	100.00	100.00	276	WP_001334766.1	oxacillin-hydrolyzing class D beta-lactamase OXA-1	NA	NA
GCF_059234485.1	NA	NZ_CP115114.1	105142	105771	+	catB3	type B-3 chloramphenicol O-acetyltransferase CatB3	core	AMR	AMR	PHENICOL	CHLORAMPHENICOL	EXACTX	210	210	100.00	100.00	210	WP_000186237.1	type B-3 chloramphenicol O-acetyltransferase CatB3	NA	NA
GCF_059234485.1	NA	NZ_CP115114.1	105859	106308	+	arr-3	NAD(+)--rifampin ADP-ribosyltransferase Arr-3	core	AMR	AMR	RIFAMYCIN	RIFAMYCIN	EXACTX	150	150	100.00	100.00	150	WP_001749986.1	NAD(+)--rifampin ADP-ribosyltransferase Arr-3	NA	NA
GCF_059234485.1	NA	NZ_CP115114.1	106534	106878	+	qacEdelta1	quaternary ammonium compound efflux SMR transporter QacE delta 1	core	STRESS	BIOCIDE	QUATERNARY AMMONIUM	QUATERNARY AMMONIUM	ALLELEX	115	115	100.00	100.00	115	WP_000679427.1	quaternary ammonium compound efflux SMR transporter QacE delta 1	NA	NA
GCF_059234485.1	NA	NZ_CP115114.1	106875	107711	+	sul1	sulfonamide-resistant dihydropteroate synthase Sul1	core	AMR	AMR	SULFONAMIDE	SULFONAMIDE	BLASTX	279	279	100.00	99.64	279	WP_000259031.1	sulfonamide-resistant dihydropteroate synthase Sul1	NA	NA
GCF_059234485.1	NA	NZ_CP115114.1	109924	110577	+	qnrA1	quinolone resistance pentapeptide repeat protein QnrA1	core	AMR	AMR	QUINOLONE	QUINOLONE	ALLELEX	218	218	100.00	100.00	218	WP_012579084.1	quinolone resistance pentapeptide repeat protein QnrA1	NA	NA
GCF_059234485.1	NA	NZ_CP115114.1	111951	112235	+	qacE	quaternary ammonium compound efflux SMR transporter QacE	core	STRESS	BIOCIDE	QUATERNARY AMMONIUM	QUATERNARY AMMONIUM	PARTIALX	95	115	82.61	95.79	95	WP_000679427.1	quaternary ammonium compound efflux SMR transporter QacE delta 1	NA	NA
GCF_059234485.1	NA	NZ_CP115114.1	112232	113068	+	sul1	sulfonamide-resistant dihydropteroate synthase Sul1	core	AMR	AMR	SULFONAMIDE	SULFONAMIDE	EXACTX	279	279	100.00	100.00	279	WP_000259031.1	sulfonamide-resistant dihydropteroate synthase Sul1	NA	NA
GCF_059234485.1	NA	NZ_CP115114.1	179494	180696	-	tet(B)	tetracycline efflux MFS transporter Tet(B)	core	AMR	AMR	TETRACYCLINE	TETRACYCLINE	EXACTX	401	401	100.00	100.00	401	WP_001089072.1	tetracycline efflux MFS transporter Tet(B)	NA	NA
GCF_059234485.1	NA	NZ_CP115115.1	32496	32990	+	dfrA12	trimethoprim-resistant dihydrofolate reductase DfrA12	core	AMR	AMR	TRIMETHOPRIM	TRIMETHOPRIM	EXACTX	165	165	100.00	100.00	165	WP_001083725.1	trimethoprim-resistant dihydrofolate reductase DfrA12	NA	NA
GCF_059234485.1	NA	NZ_CP115115.1	33401	34189	+	aadA2	ANT(3'')-Ia family aminoglycoside nucleotidyltransferase AadA2	core	AMR	AMR	AMINOGLYCOSIDE	STREPTOMYCIN	EXACTX	263	263	100.00	100.00	263	WP_001206356.1	ANT(3'')-Ia family aminoglycoside nucleotidyltransferase AadA2	NA	NA
GCF_059234485.1	NA	NZ_CP115115.1	34356	34700	+	qacEdelta1	quaternary ammonium compound efflux SMR transporter QacE delta 1	core	STRESS	BIOCIDE	QUATERNARY AMMONIUM	QUATERNARY AMMONIUM	ALLELEX	115	115	100.00	100.00	115	WP_000679427.1	quaternary ammonium compound efflux SMR transporter QacE delta 1	NA	NA
GCF_059234485.1	NA	NZ_CP115115.1	34697	35533	+	sul1	sulfonamide-resistant dihydropteroate synthase Sul1	core	AMR	AMR	SULFONAMIDE	SULFONAMIDE	EXACTX	279	279	100.00	100.00	279	WP_000259031.1	sulfonamide-resistant dihydropteroate synthase Sul1	NA	NA
GCF_059234485.1	NA	NZ_CP115115.1	40929	42164	-	mrx(A)	phosphorylated macrolide efflux MFS transporter Mrx(A)	core	AMR	AMR	MACROLIDE	AZITHROMYCIN/ERYTHROMYCIN/SPIRAMYCIN/TELITHROMYCIN	EXACTX	412	412	100.00	100.00	412	WP_000004159.1	phosphorylated macrolide efflux MFS transporter Mrx(A)	NA	NA
GCF_059234485.1	NA	NZ_CP115115.1	42164	43066	-	mph(A)	Mph(A) family macrolide 2'-phosphotransferase	core	AMR	AMR	MACROLIDE	AZITHROMYCIN/ERYTHROMYCIN/SPIRAMYCIN/TELITHROMYCIN	EXACTX	301	301	100.00	100.00	301	WP_000219391.1	Mph(A) family macrolide 2'-phosphotransferase	NA	NA
GCF_059234485.1	NA	NZ_CP115115.1	44125	44982	+	aac(3)-IId	aminoglycoside N-acetyltransferase AAC(3)-IId	core	AMR	AMR	AMINOGLYCOSIDE	GENTAMICIN	EXACTX	286	286	100.00	100.00	286	WP_000557454.1	aminoglycoside N-acetyltransferase AAC(3)-IId	NA	NA
GCF_059234485.1	NA	NZ_CP115115.1	49957	50814	+	blaTEM-1	broad-spectrum class A beta-lactamase TEM-1	core	AMR	AMR	BETA-LACTAM	BETA-LACTAM	ALLELEX	286	286	100.00	100.00	286	WP_000027057.1	broad-spectrum class A beta-lactamase TEM-1	NA	NA
GCF_059234485.1	NA	NZ_CP115115.1	60883	62064	-	tet(D)	tetracycline efflux MFS transporter Tet(D)	core	AMR	AMR	TETRACYCLINE	TETRACYCLINE	EXACTX	394	394	100.00	100.00	394	WP_001039466.1	tetracycline efflux MFS transporter Tet(D)	NA	NA
GCF_059234485.1	NA	NZ_CP115115.1	65229	66410	-	tet(D)	tetracycline efflux MFS transporter Tet(D)	core	AMR	AMR	TETRACYCLINE	TETRACYCLINE	EXACTX	394	394	100.00	100.00	394	WP_001039466.1	tetracycline efflux MFS transporter Tet(D)	NA	NA
GCF_059234485.1	NA	NZ_CP115116.1	1068	1946	+	blaKPC-2	carbapenem-hydrolyzing class A beta-lactamase KPC-2	core	AMR	AMR	BETA-LACTAM	CARBAPENEM	ALLELEX	293	293	100.00	100.00	293	WP_004199234.1	carbapenem-hydrolyzing class A beta-lactamase KPC-2	NA	NA
GCF_059234515.1	NA	NZ_CP115118.1	1691792	1694425	+	gyrA_T83I	Citrobacter freundii quinolone resistant GyrA	core	AMR	POINT	QUINOLONE	QUINOLONE	POINTX	878	878	100.00	99.77	878	WP_003027598.1	DNA gyrase subunit A GyrA	NA	NA
GCF_059234515.1	NA	NZ_CP115118.1	4639999	4641141	+	blaCMY-75	class C beta-lactamase CMY-75	core	AMR	AMR	BETA-LACTAM	CEPHALOSPORIN	ALLELEX	381	381	100.00	100.00	381	WP_063859865.1	class C beta-lactamase CMY-75	NA	NA
GCF_059234515.1	NA	NZ_CP115119.1	103489	104040	+	aac(6')-Ib-cr5	fluoroquinolone-acetylating aminoglycoside 6'-N-acetyltransferase AAC(6')-Ib-cr5	core	AMR	AMR	AMINOGLYCOSIDE/QUINOLONE	AMIKACIN/KANAMYCIN/QUINOLONE/TOBRAMYCIN	ALLELEX	184	184	100.00	100.00	184	WP_063840321.1	fluoroquinolone-acetylating aminoglycoside 6'-N-acetyltransferase AAC(6')-Ib-cr5	NA	NA
GCF_059234515.1	NA	NZ_CP115119.1	104174	105001	+	blaOXA-1	oxacillin-hydrolyzing class D beta-lactamase OXA-1	core	AMR	AMR	BETA-LACTAM	CEPHALOSPORIN	ALLELEX	276	276	100.00	100.00	276	WP_001334766.1	oxacillin-hydrolyzing class D beta-lactamase OXA-1	NA	NA
GCF_059234515.1	NA	NZ_CP115119.1	105142	105771	+	catB3	type B-3 chloramphenicol O-acetyltransferase CatB3	core	AMR	AMR	PHENICOL	CHLORAMPHENICOL	EXACTX	210	210	100.00	100.00	210	WP_000186237.1	type B-3 chloramphenicol O-acetyltransferase CatB3	NA	NA
GCF_059234515.1	NA	NZ_CP115119.1	105859	106308	+	arr-3	NAD(+)--rifampin ADP-ribosyltransferase Arr-3	core	AMR	AMR	RIFAMYCIN	RIFAMYCIN	EXACTX	150	150	100.00	100.00	150	WP_001749986.1	NAD(+)--rifampin ADP-ribosyltransferase Arr-3	NA	NA
GCF_059234515.1	NA	NZ_CP115119.1	106534	106878	+	qacEdelta1	quaternary ammonium compound efflux SMR transporter QacE delta 1	core	STRESS	BIOCIDE	QUATERNARY AMMONIUM	QUATERNARY AMMONIUM	ALLELEX	115	115	100.00	100.00	115	WP_000679427.1	quaternary ammonium compound efflux SMR transporter QacE delta 1	NA	NA
GCF_059234515.1	NA	NZ_CP115119.1	106875	107711	+	sul1	sulfonamide-resistant dihydropteroate synthase Sul1	core	AMR	AMR	SULFONAMIDE	SULFONAMIDE	EXACTX	279	279	100.00	100.00	279	WP_000259031.1	sulfonamide-resistant dihydropteroate synthase Sul1	NA	NA
GCF_059234515.1	NA	NZ_CP115119.1	109924	110577	+	qnrA1	quinolone resistance pentapeptide repeat protein QnrA1	core	AMR	AMR	QUINOLONE	QUINOLONE	ALLELEX	218	218	100.00	100.00	218	WP_012579084.1	quinolone resistance pentapeptide repeat protein QnrA1	NA	NA
GCF_059234515.1	NA	NZ_CP115119.1	111951	112235	+	qacE	quaternary ammonium compound efflux SMR transporter QacE	core	STRESS	BIOCIDE	QUATERNARY AMMONIUM	QUATERNARY AMMONIUM	PARTIALX	95	115	82.61	95.79	95	WP_000679427.1	quaternary ammonium compound efflux SMR transporter QacE delta 1	NA	NA
GCF_059234515.1	NA	NZ_CP115119.1	112232	113068	+	sul1	sulfonamide-resistant dihydropteroate synthase Sul1	core	AMR	AMR	SULFONAMIDE	SULFONAMIDE	EXACTX	279	279	100.00	100.00	279	WP_000259031.1	sulfonamide-resistant dihydropteroate synthase Sul1	NA	NA
GCF_059234515.1	NA	NZ_CP115119.1	179815	181017	-	tet(B)	tetracycline efflux MFS transporter Tet(B)	core	AMR	AMR	TETRACYCLINE	TETRACYCLINE	EXACTX	401	401	100.00	100.00	401	WP_001089072.1	tetracycline efflux MFS transporter Tet(B)	NA	NA
GCF_059234515.1	NA	NZ_CP115120.1	32496	32990	+	dfrA12	trimethoprim-resistant dihydrofolate reductase DfrA12	core	AMR	AMR	TRIMETHOPRIM	TRIMETHOPRIM	EXACTX	165	165	100.00	100.00	165	WP_001083725.1	trimethoprim-resistant dihydrofolate reductase DfrA12	NA	NA
GCF_059234515.1	NA	NZ_CP115120.1	33401	34189	+	aadA2	ANT(3'')-Ia family aminoglycoside nucleotidyltransferase AadA2	core	AMR	AMR	AMINOGLYCOSIDE	STREPTOMYCIN	EXACTX	263	263	100.00	100.00	263	WP_001206356.1	ANT(3'')-Ia family aminoglycoside nucleotidyltransferase AadA2	NA	NA
GCF_059234515.1	NA	NZ_CP115120.1	34356	34700	+	qacEdelta1	quaternary ammonium compound efflux SMR transporter QacE delta 1	core	STRESS	BIOCIDE	QUATERNARY AMMONIUM	QUATERNARY AMMONIUM	ALLELEX	115	115	100.00	100.00	115	WP_000679427.1	quaternary ammonium compound efflux SMR transporter QacE delta 1	NA	NA
GCF_059234515.1	NA	NZ_CP115120.1	34697	35533	+	sul1	sulfonamide-resistant dihydropteroate synthase Sul1	core	AMR	AMR	SULFONAMIDE	SULFONAMIDE	EXACTX	279	279	100.00	100.00	279	WP_000259031.1	sulfonamide-resistant dihydropteroate synthase Sul1	NA	NA
GCF_059234515.1	NA	NZ_CP115120.1	40929	42164	-	mrx(A)	phosphorylated macrolide efflux MFS transporter Mrx(A)	core	AMR	AMR	MACROLIDE	AZITHROMYCIN/ERYTHROMYCIN/SPIRAMYCIN/TELITHROMYCIN	EXACTX	412	412	100.00	100.00	412	WP_000004159.1	phosphorylated macrolide efflux MFS transporter Mrx(A)	NA	NA
GCF_059234515.1	NA	NZ_CP115120.1	42164	43066	-	mph(A)	Mph(A) family macrolide 2'-phosphotransferase	core	AMR	AMR	MACROLIDE	AZITHROMYCIN/ERYTHROMYCIN/SPIRAMYCIN/TELITHROMYCIN	EXACTX	301	301	100.00	100.00	301	WP_000219391.1	Mph(A) family macrolide 2'-phosphotransferase	NA	NA
GCF_059234515.1	NA	NZ_CP115120.1	44125	44982	+	aac(3)-IId	aminoglycoside N-acetyltransferase AAC(3)-IId	core	AMR	AMR	AMINOGLYCOSIDE	GENTAMICIN	EXACTX	286	286	100.00	100.00	286	WP_000557454.1	aminoglycoside N-acetyltransferase AAC(3)-IId	NA	NA
GCF_059234515.1	NA	NZ_CP115120.1	49957	50814	+	blaTEM-1	broad-spectrum class A beta-lactamase TEM-1	core	AMR	AMR	BETA-LACTAM	BETA-LACTAM	ALLELEX	286	286	100.00	100.00	286	WP_000027057.1	broad-spectrum class A beta-lactamase TEM-1	NA	NA
GCF_059234515.1	NA	NZ_CP115120.1	60883	62064	-	tet(D)	tetracycline efflux MFS transporter Tet(D)	core	AMR	AMR	TETRACYCLINE	TETRACYCLINE	EXACTX	394	394	100.00	100.00	394	WP_001039466.1	tetracycline efflux MFS transporter Tet(D)	NA	NA
GCF_059234515.1	NA	NZ_CP115121.1	1068	1946	+	blaKPC-2	carbapenem-hydrolyzing class A beta-lactamase KPC-2	core	AMR	AMR	BETA-LACTAM	CARBAPENEM	ALLELEX	293	293	100.00	100.00	293	WP_004199234.1	carbapenem-hydrolyzing class A beta-lactamase KPC-2	NA	NA
GCF_059295415.1	NA	NZ_CM181242.1	4453144	4454286	+	blaCMY	CMY-2 family class C beta-lactamase	core	AMR	AMR	BETA-LACTAM	CEPHALOSPORIN	BLASTX	381	381	100.00	99.74	381	WP_063859865.1	class C beta-lactamase CMY-75	NA	NA
GCF_059759335.1	NA	NZ_CM186211.1	1206897	1208093	+	tet(A)	tetracycline efflux MFS transporter Tet(A)	core	AMR	AMR	TETRACYCLINE	TETRACYCLINE	EXACTX	399	399	100.00	100.00	399	WP_000804063.1	tetracycline efflux MFS transporter Tet(A)	NA	NA
GCF_059759335.1	NA	NZ_CM186211.1	1208699	1209910	-	floR	chloramphenicol/florfenicol efflux MFS transporter FloR	core	AMR	AMR	PHENICOL	CHLORAMPHENICOL/FLORFENICOL	EXACTX	404	404	100.00	100.00	404	WP_000214121.1	chloramphenicol/florfenicol efflux MFS transporter FloR	NA	NA
GCF_059759335.1	NA	NZ_CM186211.1	1216491	1217042	+	aac(6')-Ib-cr5	fluoroquinolone-acetylating aminoglycoside 6'-N-acetyltransferase AAC(6')-Ib-cr5	core	AMR	AMR	AMINOGLYCOSIDE/QUINOLONE	AMIKACIN/KANAMYCIN/QUINOLONE/TOBRAMYCIN	ALLELEX	184	184	100.00	100.00	184	WP_063840321.1	fluoroquinolone-acetylating aminoglycoside 6'-N-acetyltransferase AAC(6')-Ib-cr5	NA	NA
GCF_059759335.1	NA	NZ_CM186211.1	1217142	1217591	+	arr-3	NAD(+)--rifampin ADP-ribosyltransferase Arr-3	core	AMR	AMR	RIFAMYCIN	RIFAMYCIN	EXACTX	150	150	100.00	100.00	150	WP_001749986.1	NAD(+)--rifampin ADP-ribosyltransferase Arr-3	NA	NA
GCF_059759335.1	NA	NZ_CM186211.1	1217727	1218197	+	dfrA27	trimethoprim-resistant dihydrofolate reductase DfrA27	core	AMR	AMR	TRIMETHOPRIM	TRIMETHOPRIM	EXACTX	157	157	100.00	100.00	157	WP_001749985.1	trimethoprim-resistant dihydrofolate reductase DfrA27	NA	NA
GCF_059759335.1	NA	NZ_CM186211.1	1218381	1219223	+	aadA16	ANT(3'')-Ia family aminoglycoside nucleotidyltransferase AadA16	core	AMR	AMR	AMINOGLYCOSIDE	STREPTOMYCIN	EXACTX	281	281	100.00	100.00	281	WP_001749984.1	ANT(3'')-Ia family aminoglycoside nucleotidyltransferase AadA16	NA	NA
GCF_059759335.1	NA	NZ_CM186211.1	1219343	1219687	+	qacEdelta1	quaternary ammonium compound efflux SMR transporter QacE delta 1	core	STRESS	BIOCIDE	QUATERNARY AMMONIUM	QUATERNARY AMMONIUM	ALLELEX	115	115	100.00	100.00	115	WP_000679427.1	quaternary ammonium compound efflux SMR transporter QacE delta 1	NA	NA
GCF_059759335.1	NA	NZ_CM186211.1	1219684	1220520	+	sul1	sulfonamide-resistant dihydropteroate synthase Sul1	core	AMR	AMR	SULFONAMIDE	SULFONAMIDE	EXACTX	279	279	100.00	100.00	279	WP_000259031.1	sulfonamide-resistant dihydropteroate synthase Sul1	NA	NA
GCF_059759335.1	NA	NZ_CM186211.1	1223937	1224578	-	qnrB6	quinolone resistance pentapeptide repeat protein QnrB6	core	AMR	AMR	QUINOLONE	QUINOLONE	ALLELEX	214	214	100.00	100.00	214	WP_001749994.1	quinolone resistance pentapeptide repeat protein QnrB6	NA	NA
GCF_059759335.1	NA	NZ_CM186211.1	1224809	1225153	+	qacEdelta1	quaternary ammonium compound efflux SMR transporter QacE delta 1	core	STRESS	BIOCIDE	QUATERNARY AMMONIUM	QUATERNARY AMMONIUM	ALLELEX	115	115	100.00	100.00	115	WP_000679427.1	quaternary ammonium compound efflux SMR transporter QacE delta 1	NA	NA
GCF_059759335.1	NA	NZ_CM186211.1	1225150	1225986	+	sul1	sulfonamide-resistant dihydropteroate synthase Sul1	core	AMR	AMR	SULFONAMIDE	SULFONAMIDE	EXACTX	279	279	100.00	100.00	279	WP_000259031.1	sulfonamide-resistant dihydropteroate synthase Sul1	NA	NA
GCF_059759335.1	NA	NZ_CM186211.1	1724512	1725654	-	blaCMY-48	class C beta-lactamase CMY-48	core	AMR	AMR	BETA-LACTAM	CEPHALOSPORIN	ALLELEX	381	381	100.00	100.00	381	WP_044699195.1	class C beta-lactamase CMY-48	NA	NA
GCF_059759335.1	NA	NZ_CM186211.1	4662376	4665009	-	gyrA_T83I	Citrobacter freundii quinolone resistant GyrA	core	AMR	POINT	QUINOLONE	QUINOLONE	POINTX	878	878	100.00	99.89	878	WP_003027598.1	DNA gyrase subunit A GyrA	NA	NA
GCF_900520335.1	NA	NZ_LS992175.1	1714640	1717273	+	gyrA_T83I	Citrobacter freundii quinolone resistant GyrA	core	AMR	POINT	QUINOLONE	QUINOLONE	POINTX	878	878	100.00	99.89	878	WP_003027598.1	DNA gyrase subunit A GyrA	NA	NA
GCF_900520335.1	NA	NZ_LS992175.1	4669921	4671063	+	blaCMY-48	class C beta-lactamase CMY-48	core	AMR	AMR	BETA-LACTAM	CEPHALOSPORIN	ALLELEX	381	381	100.00	100.00	381	WP_044699195.1	class C beta-lactamase CMY-48	NA	NA
GCF_900520335.1	NA	NZ_LS992175.1	5152980	5153765	-	aadA1	ANT(3'')-Ia family aminoglycoside nucleotidyltransferase AadA1	core	AMR	AMR	AMINOGLYCOSIDE	STREPTOMYCIN	EXACTX	262	262	100.00	100.00	262	WP_001206315.1	ANT(3'')-Ia family aminoglycoside nucleotidyltransferase AadA1	NA	NA
GCF_900520335.1	NA	NZ_LS992175.1	5153826	5154347	-	sat2	streptothricin N-acetyltransferase Sat2	core	AMR	AMR	STREPTOTHRICIN	STREPTOTHRICIN	EXACTX	174	174	100.00	100.00	174	WP_000704156.1	streptothricin N-acetyltransferase Sat2	NA	NA
GCF_900520335.1	NA	NZ_LS992175.1	5154445	5154915	-	dfrA1	trimethoprim-resistant dihydrofolate reductase DfrA1	core	AMR	AMR	TRIMETHOPRIM	TRIMETHOPRIM	EXACTX	157	157	100.00	100.00	157	WP_000777554.1	trimethoprim-resistant dihydrofolate reductase DfrA1	NA	NA
GCF_900520335.1	NA	NZ_LS992176.1	127575	128372	+	blaVIM-1	subclass B1 metallo-beta-lactamase VIM-1	core	AMR	AMR	BETA-LACTAM	CARBAPENEM	ALLELEX	266	266	100.00	100.00	266	WP_013263789.1	subclass B1 metallo-beta-lactamase VIM-1	NA	NA
GCF_900520335.1	NA	NZ_LS992176.1	128483	129034	+	aac(6')-Ib4	aminoglycoside N-acetyltransferase AAC(6')-Ib4	core	AMR	AMR	AMINOGLYCOSIDE	GENTAMICIN	ALLELEX	184	184	100.00	100.00	184	WP_003159191.1	aminoglycoside N-acetyltransferase AAC(6')-Ib4	NA	NA
GCF_900520335.1	NA	NZ_LS992176.1	129107	129895	+	aadA1	ANT(3'')-Ia family aminoglycoside nucleotidyltransferase AadA1	core	AMR	AMR	AMINOGLYCOSIDE	STREPTOMYCIN	EXACTX	263	263	100.00	100.00	263	WP_001206317.1	ANT(3'')-Ia family aminoglycoside nucleotidyltransferase AadA1	NA	NA
GCF_900520335.1	NA	NZ_LS992176.1	130022	130366	+	qacEdelta1	quaternary ammonium compound efflux SMR transporter QacE delta 1	core	STRESS	BIOCIDE	QUATERNARY AMMONIUM	QUATERNARY AMMONIUM	ALLELEX	115	115	100.00	100.00	115	WP_000679427.1	quaternary ammonium compound efflux SMR transporter QacE delta 1	NA	NA
GCF_900520335.1	NA	NZ_LS992176.1	130363	131199	+	sul1	sulfonamide-resistant dihydropteroate synthase Sul1	core	AMR	AMR	SULFONAMIDE	SULFONAMIDE	EXACTX	279	279	100.00	100.00	279	WP_000259031.1	sulfonamide-resistant dihydropteroate synthase Sul1	NA	NA
GCF_900520335.1	NA	NZ_LS992176.1	134181	135416	-	mrx(A)	phosphorylated macrolide efflux MFS transporter Mrx(A)	core	AMR	AMR	MACROLIDE	AZITHROMYCIN/ERYTHROMYCIN/SPIRAMYCIN/TELITHROMYCIN	EXACTX	412	412	100.00	100.00	412	WP_000004159.1	phosphorylated macrolide efflux MFS transporter Mrx(A)	NA	NA
GCF_900520335.1	NA	NZ_LS992176.1	135416	136318	-	mph(A)	Mph(A) family macrolide 2'-phosphotransferase	core	AMR	AMR	MACROLIDE	AZITHROMYCIN/ERYTHROMYCIN/SPIRAMYCIN/TELITHROMYCIN	EXACTX	301	301	100.00	100.00	301	WP_000219391.1	Mph(A) family macrolide 2'-phosphotransferase	NA	NA
GCF_900520335.1	NA	NZ_LS992176.1	137377	138234	+	aac(3)-IId	aminoglycoside N-acetyltransferase AAC(3)-IId	core	AMR	AMR	AMINOGLYCOSIDE	GENTAMICIN	EXACTX	286	286	100.00	100.00	286	WP_000557454.1	aminoglycoside N-acetyltransferase AAC(3)-IId	NA	NA
GCF_900520335.1	NA	NZ_LS992176.1	143209	144066	+	blaTEM-1	broad-spectrum class A beta-lactamase TEM-1	core	AMR	AMR	BETA-LACTAM	BETA-LACTAM	ALLELEX	286	286	100.00	100.00	286	WP_000027057.1	broad-spectrum class A beta-lactamase TEM-1	NA	NA
GCF_900520335.1	NA	NZ_LS992177.1	5267	6103	-	sul1	sulfonamide-resistant dihydropteroate synthase Sul1	core	AMR	AMR	SULFONAMIDE	SULFONAMIDE	EXACTX	279	279	100.00	100.00	279	WP_000259031.1	sulfonamide-resistant dihydropteroate synthase Sul1	NA	NA
GCF_900520335.1	NA	NZ_LS992177.1	6100	6444	-	qacEdelta1	quaternary ammonium compound efflux SMR transporter QacE delta 1	core	STRESS	BIOCIDE	QUATERNARY AMMONIUM	QUATERNARY AMMONIUM	ALLELEX	115	115	100.00	100.00	115	WP_000679427.1	quaternary ammonium compound efflux SMR transporter QacE delta 1	NA	NA
GCF_900520335.1	NA	NZ_LS992177.1	6571	7359	-	aadA1	ANT(3'')-Ia family aminoglycoside nucleotidyltransferase AadA1	core	AMR	AMR	AMINOGLYCOSIDE	STREPTOMYCIN	EXACTX	263	263	100.00	100.00	263	WP_001206317.1	ANT(3'')-Ia family aminoglycoside nucleotidyltransferase AadA1	NA	NA
GCF_900520335.1	NA	NZ_LS992177.1	7432	7983	-	aac(6')-Ib4	aminoglycoside N-acetyltransferase AAC(6')-Ib4	core	AMR	AMR	AMINOGLYCOSIDE	GENTAMICIN	ALLELEX	184	184	100.00	100.00	184	WP_003159191.1	aminoglycoside N-acetyltransferase AAC(6')-Ib4	NA	NA
GCF_900520335.1	NA	NZ_LS992177.1	8094	8891	-	blaVIM-1	subclass B1 metallo-beta-lactamase VIM-1	core	AMR	AMR	BETA-LACTAM	CARBAPENEM	ALLELEX	266	266	100.00	100.00	266	WP_013263789.1	subclass B1 metallo-beta-lactamase VIM-1	NA	NA
GCF_900520335.1	NA	NZ_LS992177.1	32997	34193	-	tet(A)	tetracycline efflux MFS transporter Tet(A)	core	AMR	AMR	TETRACYCLINE	TETRACYCLINE	EXACTX	399	399	100.00	100.00	399	WP_012579085.1	tetracycline efflux MFS transporter Tet(A)	NA	NA
GCF_900520335.1	NA	NZ_LS992177.1	54580	55416	-	sul1	sulfonamide-resistant dihydropteroate synthase Sul1	core	AMR	AMR	SULFONAMIDE	SULFONAMIDE	EXACTX	279	279	100.00	100.00	279	WP_000259031.1	sulfonamide-resistant dihydropteroate synthase Sul1	NA	NA
GCF_900520335.1	NA	NZ_LS992177.1	55413	55757	-	qacEdelta1	quaternary ammonium compound efflux SMR transporter QacE delta 1	core	STRESS	BIOCIDE	QUATERNARY AMMONIUM	QUATERNARY AMMONIUM	ALLELEX	115	115	100.00	100.00	115	WP_000679427.1	quaternary ammonium compound efflux SMR transporter QacE delta 1	NA	NA
GCF_900520335.1	NA	NZ_LS992177.1	55884	56672	-	aadA1	ANT(3'')-Ia family aminoglycoside nucleotidyltransferase AadA1	core	AMR	AMR	AMINOGLYCOSIDE	STREPTOMYCIN	EXACTX	263	263	100.00	100.00	263	WP_001206317.1	ANT(3'')-Ia family aminoglycoside nucleotidyltransferase AadA1	NA	NA
GCF_900520335.1	NA	NZ_LS992177.1	56745	57296	-	aac(6')-Ib4	aminoglycoside N-acetyltransferase AAC(6')-Ib4	core	AMR	AMR	AMINOGLYCOSIDE	GENTAMICIN	ALLELEX	184	184	100.00	100.00	184	WP_003159191.1	aminoglycoside N-acetyltransferase AAC(6')-Ib4	NA	NA
GCF_900520335.1	NA	NZ_LS992177.1	57407	58204	-	blaVIM-1	subclass B1 metallo-beta-lactamase VIM-1	core	AMR	AMR	BETA-LACTAM	CARBAPENEM	ALLELEX	266	266	100.00	100.00	266	WP_013263789.1	subclass B1 metallo-beta-lactamase VIM-1	NA	NA
GCF_900520335.1	NA	NZ_LS992178.1	5711	6892	+	tet(D)	tetracycline efflux MFS transporter Tet(D)	core	AMR	AMR	TETRACYCLINE	TETRACYCLINE	EXACTX	394	394	100.00	100.00	394	WP_001039466.1	tetracycline efflux MFS transporter Tet(D)	NA	NA
GCF_900520335.1	NA	NZ_LS992178.1	9631	10272	+	qnrB19	quinolone resistance pentapeptide repeat protein QnrB19	core	AMR	AMR	QUINOLONE	QUINOLONE	ALLELEX	214	214	100.00	100.00	214	WP_012954666.1	quinolone resistance pentapeptide repeat protein QnrB19	NA	NA
GCF_904425445.1	NA	NZ_LR881934.1	4686765	4687907	+	blaCMY-48	class C beta-lactamase CMY-48	core	AMR	AMR	BETA-LACTAM	CEPHALOSPORIN	ALLELEX	381	381	100.00	100.00	381	WP_044699195.1	class C beta-lactamase CMY-48	NA	NA
GCF_904859905.1	NA	NZ_LR890181.1	2902588	2903034	+	aac(6')-If	aminoglycoside N-acetyltransferase AAC(6')-If	core	AMR	AMR	AMINOGLYCOSIDE	AMIKACIN/KANAMYCIN/TOBRAMYCIN	EXACTX	149	149	100.00	100.00	149	WP_071593229.1	aminoglycoside N-acetyltransferase AAC(6')-If	NA	NA
GCF_904859905.1	NA	NZ_LR890181.1	4415715	4416857	+	blaCMY-48	class C beta-lactamase CMY-48	core	AMR	AMR	BETA-LACTAM	CEPHALOSPORIN	ALLELEX	381	381	100.00	100.00	381	WP_044699195.1	class C beta-lactamase CMY-48	NA	NA
GCF_905218895.2	NA	NZ_OW848788.1	1721782	1724415	+	gyrA_T83I	Citrobacter freundii quinolone resistant GyrA	core	AMR	POINT	QUINOLONE	QUINOLONE	POINTX	878	878	100.00	99.89	878	WP_003027598.1	DNA gyrase subunit A GyrA	NA	NA
GCF_905218895.2	NA	NZ_OW848788.1	4379496	4379915	-	fosA7	FosA7 family fosfomycin resistance glutathione transferase	core	AMR	AMR	FOSFOMYCIN	FOSFOMYCIN	INTERNAL_STOP	140	140	100.00	95.00	140	WP_023216493.1	fosfomycin resistance glutathione transferase FosA7.4	NA	NA
GCF_905218895.2	NA	NZ_OW848788.1	4565361	4566503	+	blaCMY	CMY-2 family class C beta-lactamase	core	AMR	AMR	BETA-LACTAM	CEPHALOSPORIN	BLASTX	381	381	100.00	99.21	381	WP_063859866.1	class C beta-lactamase CMY-76	NA	NA
GCF_905218895.2	NA	NZ_OW848789.1	23514	24710	-	tet(A)	tetracycline efflux MFS transporter Tet(A)	core	AMR	AMR	TETRACYCLINE	TETRACYCLINE	EXACTX	399	399	100.00	100.00	399	WP_000804064.1	tetracycline efflux MFS transporter Tet(A)	NA	NA
GCF_905218895.2	NA	NZ_OW848789.1	26678	27511	-	aph(6)-Id	aminoglycoside O-phosphotransferase APH(6)-Id	core	AMR	AMR	AMINOGLYCOSIDE	STREPTOMYCIN	EXACTX	278	278	100.00	100.00	278	WP_000480968.1	aminoglycoside O-phosphotransferase APH(6)-Id	NA	NA
GCF_905218895.2	NA	NZ_OW848789.1	27514	28314	-	aph(3'')-Ib	aminoglycoside O-phosphotransferase APH(3'')-Ib	core	AMR	AMR	AMINOGLYCOSIDE	STREPTOMYCIN	EXACTX	267	267	100.00	100.00	267	WP_001082319.1	aminoglycoside O-phosphotransferase APH(3'')-Ib	NA	NA
GCF_905218895.2	NA	NZ_OW848789.1	39192	39743	+	aac(6')-Ib-cr5	fluoroquinolone-acetylating aminoglycoside 6'-N-acetyltransferase AAC(6')-Ib-cr5	core	AMR	AMR	AMINOGLYCOSIDE/QUINOLONE	AMIKACIN/KANAMYCIN/QUINOLONE/TOBRAMYCIN	ALLELEX	184	184	100.00	100.00	184	WP_063840321.1	fluoroquinolone-acetylating aminoglycoside 6'-N-acetyltransferase AAC(6')-Ib-cr5	NA	NA
GCF_905218895.2	NA	NZ_OW848789.1	39877	40704	+	blaOXA-1	oxacillin-hydrolyzing class D beta-lactamase OXA-1	core	AMR	AMR	BETA-LACTAM	CEPHALOSPORIN	ALLELEX	276	276	100.00	100.00	276	WP_001334766.1	oxacillin-hydrolyzing class D beta-lactamase OXA-1	NA	NA
GCF_905218895.2	NA	NZ_OW848789.1	40845	41474	+	catB3	type B-3 chloramphenicol O-acetyltransferase CatB3	core	AMR	AMR	PHENICOL	CHLORAMPHENICOL	EXACTX	210	210	100.00	100.00	210	WP_000186237.1	type B-3 chloramphenicol O-acetyltransferase CatB3	NA	NA
GCF_905218895.2	NA	NZ_OW848789.1	41562	42011	+	arr-3	NAD(+)--rifampin ADP-ribosyltransferase Arr-3	core	AMR	AMR	RIFAMYCIN	RIFAMYCIN	EXACTX	150	150	100.00	100.00	150	WP_001749986.1	NAD(+)--rifampin ADP-ribosyltransferase Arr-3	NA	NA
GCF_905218895.2	NA	NZ_OW848789.1	42237	42581	+	qacEdelta1	quaternary ammonium compound efflux SMR transporter QacE delta 1	core	STRESS	BIOCIDE	QUATERNARY AMMONIUM	QUATERNARY AMMONIUM	ALLELEX	115	115	100.00	100.00	115	WP_000679427.1	quaternary ammonium compound efflux SMR transporter QacE delta 1	NA	NA
GCF_905218895.2	NA	NZ_OW848789.1	42578	43414	+	sul1	sulfonamide-resistant dihydropteroate synthase Sul1	core	AMR	AMR	SULFONAMIDE	SULFONAMIDE	EXACTX	279	279	100.00	100.00	279	WP_000259031.1	sulfonamide-resistant dihydropteroate synthase Sul1	NA	NA
GCF_905218895.2	NA	NZ_OW848789.1	47496	48731	-	mrx(A)	phosphorylated macrolide efflux MFS transporter Mrx(A)	core	AMR	AMR	MACROLIDE	AZITHROMYCIN/ERYTHROMYCIN/SPIRAMYCIN/TELITHROMYCIN	EXACTX	412	412	100.00	100.00	412	WP_000004159.1	phosphorylated macrolide efflux MFS transporter Mrx(A)	NA	NA
GCF_905218895.2	NA	NZ_OW848789.1	48731	49633	-	mph(A)	Mph(A) family macrolide 2'-phosphotransferase	core	AMR	AMR	MACROLIDE	AZITHROMYCIN/ERYTHROMYCIN/SPIRAMYCIN/TELITHROMYCIN	EXACTX	301	301	100.00	100.00	301	WP_000219391.1	Mph(A) family macrolide 2'-phosphotransferase	NA	NA
GCF_905218895.2	NA	NZ_OW848789.1	50610	51422	+	aph(3')-Ia	aminoglycoside O-phosphotransferase APH(3')-Ia	core	AMR	AMR	AMINOGLYCOSIDE	KANAMYCIN	EXACTX	271	271	100.00	100.00	271	WP_000018329.1	aminoglycoside O-phosphotransferase APH(3')-Ia	NA	NA
GCF_905218895.2	NA	NZ_OW848789.1	53899	54711	+	sul2	sulfonamide-resistant dihydropteroate synthase Sul2	core	AMR	AMR	SULFONAMIDE	SULFONAMIDE	EXACTX	271	271	100.00	100.00	271	WP_001043260.1	sulfonamide-resistant dihydropteroate synthase Sul2	NA	NA
GCF_905218895.2	NA	NZ_OW848790.1	22429	23307	-	blaKPC-2	carbapenem-hydrolyzing class A beta-lactamase KPC-2	core	AMR	AMR	BETA-LACTAM	CARBAPENEM	ALLELEX	293	293	100.00	100.00	293	WP_004199234.1	carbapenem-hydrolyzing class A beta-lactamase KPC-2	NA	NA
GCF_905219065.2	NA	NZ_OW849082.1	1429638	1430450	-	sul2	sulfonamide-resistant dihydropteroate synthase Sul2	core	AMR	AMR	SULFONAMIDE	SULFONAMIDE	EXACTX	271	271	100.00	100.00	271	WP_001043260.1	sulfonamide-resistant dihydropteroate synthase Sul2	NA	NA
GCF_905219065.2	NA	NZ_OW849082.1	1704914	1707547	+	gyrA_T83I	Citrobacter freundii quinolone resistant GyrA	core	AMR	POINT	QUINOLONE	QUINOLONE	POINTX	878	878	100.00	99.89	878	WP_003027598.1	DNA gyrase subunit A GyrA	NA	NA
GCF_905219065.2	NA	NZ_OW849082.1	2031035	2031892	+	blaTEM-256	class A beta-lactamase TEM-256	core	AMR	AMR	BETA-LACTAM	BETA-LACTAM	ALLELEX	286	286	100.00	100.00	286	WP_110924831.1	class A beta-lactamase TEM-256	NA	NA
GCF_905219065.2	NA	NZ_OW849082.1	2036116	2036973	-	aac(3)-IIe	aminoglycoside N-acetyltransferase AAC(3)-IIe	core	AMR	AMR	AMINOGLYCOSIDE	GENTAMICIN	EXACTX	286	286	100.00	100.00	286	WP_000557452.1	aminoglycoside N-acetyltransferase AAC(3)-IIe	NA	NA
GCF_905219065.2	NA	NZ_OW849082.1	2068218	2069075	-	blaTEM-256	class A beta-lactamase TEM-256	core	AMR	AMR	BETA-LACTAM	BETA-LACTAM	ALLELEX	286	286	100.00	100.00	286	WP_110924831.1	class A beta-lactamase TEM-256	NA	NA
GCF_905219065.2	NA	NZ_OW849082.1	2995085	2995531	+	aac(6')-If	aminoglycoside N-acetyltransferase AAC(6')-If	core	AMR	AMR	AMINOGLYCOSIDE	AMIKACIN/KANAMYCIN/TOBRAMYCIN	EXACTX	149	149	100.00	100.00	149	WP_071593229.1	aminoglycoside N-acetyltransferase AAC(6')-If	NA	NA
GCF_905219065.2	NA	NZ_OW849082.1	4565510	4566652	+	blaCMY-189	class C beta-lactamase CMY-189	core	AMR	AMR	BETA-LACTAM	CEPHALOSPORIN	ALLELEX	381	381	100.00	100.00	381	WP_046670810.1	class C beta-lactamase CMY-189	NA	NA
GCF_905219065.2	NA	NZ_OW849082.1	5123833	5124618	-	aadA1	ANT(3'')-Ia family aminoglycoside nucleotidyltransferase AadA1	core	AMR	AMR	AMINOGLYCOSIDE	STREPTOMYCIN	EXACTX	262	262	100.00	100.00	262	WP_001206315.1	ANT(3'')-Ia family aminoglycoside nucleotidyltransferase AadA1	NA	NA
GCF_905219065.2	NA	NZ_OW849082.1	5124679	5125200	-	sat2	streptothricin N-acetyltransferase Sat2	core	AMR	AMR	STREPTOTHRICIN	STREPTOTHRICIN	EXACTX	174	174	100.00	100.00	174	WP_000704156.1	streptothricin N-acetyltransferase Sat2	NA	NA
GCF_905219065.2	NA	NZ_OW849082.1	5125298	5125768	-	dfrA1	trimethoprim-resistant dihydrofolate reductase DfrA1	core	AMR	AMR	TRIMETHOPRIM	TRIMETHOPRIM	EXACTX	157	157	100.00	100.00	157	WP_000777554.1	trimethoprim-resistant dihydrofolate reductase DfrA1	NA	NA
GCF_905219065.2	NA	NZ_OW849084.1	23348	24226	-	blaKPC-2	carbapenem-hydrolyzing class A beta-lactamase KPC-2	core	AMR	AMR	BETA-LACTAM	CARBAPENEM	ALLELEX	293	293	100.00	100.00	293	WP_004199234.1	carbapenem-hydrolyzing class A beta-lactamase KPC-2	NA	NA
GCF_905219065.2	NA	NZ_OW849084.1	24451	25020	-	blaTEM	TEM family class A beta-lactamase	core	AMR	AMR	BETA-LACTAM	BETA-LACTAM	PARTIALX	190	286	66.43	98.95	190	WP_015379489.1	inhibitor-resistant broad-spectrum class A beta-lactamase TEM-34	NA	NA
GCF_905219065.2	NA	NZ_OW849085.1	4620	5357	+	blaIMP-22	subclass B1 metallo-beta-lactamase IMP-22	core	AMR	AMR	BETA-LACTAM	CARBAPENEM	ALLELEX	246	246	100.00	100.00	246	WP_063860581.1	subclass B1 metallo-beta-lactamase IMP-22	NA	NA
GCF_905219065.2	NA	NZ_OW849085.1	5600	6142	+	aac(6')-Ib	AAC(6')-Ib family aminoglycoside 6'-N-acetyltransferase	core	AMR	AMR	AMINOGLYCOSIDE	GENTAMICIN	BLASTX	181	184	98.37	100.00	181	WP_071846385.1	AAC(6')-Ib family aminoglycoside 6'-N-acetyltransferase	NA	NA
GCF_905219065.2	NA	NZ_OW849085.1	6227	7051	+	blaOXA-2	oxacillin-hydrolyzing class D beta-lactamase OXA-2	core	AMR	AMR	BETA-LACTAM	BETA-LACTAM	ALLELEX	275	275	100.00	100.00	275	WP_001007673.1	oxacillin-hydrolyzing class D beta-lactamase OXA-2	NA	NA
GCF_905219065.2	NA	NZ_OW849085.1	7521	7865	+	qacEdelta1	quaternary ammonium compound efflux SMR transporter QacE delta 1	core	STRESS	BIOCIDE	QUATERNARY AMMONIUM	QUATERNARY AMMONIUM	ALLELEX	115	115	100.00	100.00	115	WP_000679427.1	quaternary ammonium compound efflux SMR transporter QacE delta 1	NA	NA
GCF_905219065.2	NA	NZ_OW849085.1	7862	8698	+	sul1	sulfonamide-resistant dihydropteroate synthase Sul1	core	AMR	AMR	SULFONAMIDE	SULFONAMIDE	EXACTX	279	279	100.00	100.00	279	WP_000259031.1	sulfonamide-resistant dihydropteroate synthase Sul1	NA	NA
GCF_905219065.2	NA	NZ_OW849085.1	20329	20970	-	qnrB2	quinolone resistance pentapeptide repeat protein QnrB2	core	AMR	AMR	QUINOLONE	QUINOLONE	ALLELEX	214	214	100.00	100.00	214	WP_012695489.1	quinolone resistance pentapeptide repeat protein QnrB2	NA	NA
GCF_905219065.2	NA	NZ_OW849085.1	21258	21464	+	qacE	quaternary ammonium compound efflux SMR transporter QacE	core	STRESS	BIOCIDE	QUATERNARY AMMONIUM	QUATERNARY AMMONIUM	PARTIALX	69	115	60.00	98.55	69	WP_000679427.1	quaternary ammonium compound efflux SMR transporter QacE delta 1	NA	NA
GCF_905219065.2	NA	NZ_OW849085.1	21461	22297	+	sul1	sulfonamide-resistant dihydropteroate synthase Sul1	core	AMR	AMR	SULFONAMIDE	SULFONAMIDE	EXACTX	279	279	100.00	100.00	279	WP_000259031.1	sulfonamide-resistant dihydropteroate synthase Sul1	NA	NA
GCF_905232395.2	NA	NZ_OW849099.1	2257993	2258634	-	qnrB38	quinolone resistance pentapeptide repeat protein QnrB38	core	AMR	AMR	QUINOLONE	QUINOLONE	ALLELEX	214	214	100.00	100.00	214	WP_003020537.1	quinolone resistance pentapeptide repeat protein QnrB38	NA	NA
GCF_905232395.2	NA	NZ_OW849099.1	4368690	4369832	+	blaCMY-180	class C beta-lactamase CMY-180	core	AMR	AMR	BETA-LACTAM	CEPHALOSPORIN	ALLELEX	381	381	100.00	100.00	381	WP_060855400.1	class C beta-lactamase CMY-180	NA	NA
GCF_905232395.2	NA	NZ_OW849100.1	25890	26546	+	catA1	type A-1 chloramphenicol O-acetyltransferase	core	AMR	AMR	PHENICOL	CHLORAMPHENICOL	EXACTX	219	219	100.00	100.00	219	WP_000412211.1	type A-1 chloramphenicol O-acetyltransferase	NA	NA
GCF_905232395.2	NA	NZ_OW849100.1	29190	29987	+	blaVIM-1	subclass B1 metallo-beta-lactamase VIM-1	core	AMR	AMR	BETA-LACTAM	CARBAPENEM	ALLELEX	266	266	100.00	100.00	266	WP_013263789.1	subclass B1 metallo-beta-lactamase VIM-1	NA	NA
GCF_905232395.2	NA	NZ_OW849100.1	30098	30649	+	aac(6')-Ib4	aminoglycoside N-acetyltransferase AAC(6')-Ib4	core	AMR	AMR	AMINOGLYCOSIDE	GENTAMICIN	ALLELEX	184	184	100.00	100.00	184	WP_003159191.1	aminoglycoside N-acetyltransferase AAC(6')-Ib4	NA	NA
GCF_905232395.2	NA	NZ_OW849100.1	30783	31016	+	dfrB1	trimethoprim-resistant dihydrofolate reductase DfrB1	core	AMR	AMR	TRIMETHOPRIM	TRIMETHOPRIM	EXACTX	78	78	100.00	100.00	78	WP_000442373.1	trimethoprim-resistant dihydrofolate reductase DfrB1	NA	NA
GCF_905232395.2	NA	NZ_OW849100.1	31133	31921	+	aadA1	ANT(3'')-Ia family aminoglycoside nucleotidyltransferase AadA1	core	AMR	AMR	AMINOGLYCOSIDE	STREPTOMYCIN	EXACTX	263	263	100.00	100.00	263	WP_001206317.1	ANT(3'')-Ia family aminoglycoside nucleotidyltransferase AadA1	NA	NA
GCF_905232395.2	NA	NZ_OW849100.1	31977	32606	+	catB2	type B-2 chloramphenicol O-acetyltransferase CatB2	core	AMR	AMR	PHENICOL	CHLORAMPHENICOL	EXACTX	210	210	100.00	100.00	210	WP_012477387.1	type B-2 chloramphenicol O-acetyltransferase CatB2	NA	NA
GCF_905232395.2	NA	NZ_OW849100.1	32778	33122	+	qacEdelta1	quaternary ammonium compound efflux SMR transporter QacE delta 1	core	STRESS	BIOCIDE	QUATERNARY AMMONIUM	QUATERNARY AMMONIUM	ALLELEX	115	115	100.00	100.00	115	WP_000679427.1	quaternary ammonium compound efflux SMR transporter QacE delta 1	NA	NA
GCF_905232395.2	NA	NZ_OW849100.1	33119	33955	+	sul1	sulfonamide-resistant dihydropteroate synthase Sul1	core	AMR	AMR	SULFONAMIDE	SULFONAMIDE	EXACTX	279	279	100.00	100.00	279	WP_000259031.1	sulfonamide-resistant dihydropteroate synthase Sul1	NA	NA
GCF_905232395.2	NA	NZ_OW849100.1	37708	38349	-	qnrB2	quinolone resistance pentapeptide repeat protein QnrB2	core	AMR	AMR	QUINOLONE	QUINOLONE	ALLELEX	214	214	100.00	100.00	214	WP_012695489.1	quinolone resistance pentapeptide repeat protein QnrB2	NA	NA
GCF_905232395.2	NA	NZ_OW849100.1	38637	38843	+	qacE	quaternary ammonium compound efflux SMR transporter QacE	core	STRESS	BIOCIDE	QUATERNARY AMMONIUM	QUATERNARY AMMONIUM	PARTIALX	69	115	60.00	98.55	69	WP_000679427.1	quaternary ammonium compound efflux SMR transporter QacE delta 1	NA	NA
GCF_905232395.2	NA	NZ_OW849100.1	38840	39676	+	sul1	sulfonamide-resistant dihydropteroate synthase Sul1	core	AMR	AMR	SULFONAMIDE	SULFONAMIDE	EXACTX	279	279	100.00	100.00	279	WP_000259031.1	sulfonamide-resistant dihydropteroate synthase Sul1	NA	NA
GCF_905232515.2	NA	NZ_OW849527.1	1662911	1665544	+	gyrA_T83I	Citrobacter freundii quinolone resistant GyrA	core	AMR	POINT	QUINOLONE	QUINOLONE	POINTX	878	878	100.00	99.89	878	WP_003027598.1	DNA gyrase subunit A GyrA	NA	NA
GCF_905232515.2	NA	NZ_OW849527.1	4614722	4615864	+	blaCMY-48	class C beta-lactamase CMY-48	core	AMR	AMR	BETA-LACTAM	CEPHALOSPORIN	ALLELEX	381	381	100.00	100.00	381	WP_044699195.1	class C beta-lactamase CMY-48	NA	NA
GCF_905232515.2	NA	NZ_OW849527.1	5128132	5128917	-	aadA1	ANT(3'')-Ia family aminoglycoside nucleotidyltransferase AadA1	core	AMR	AMR	AMINOGLYCOSIDE	STREPTOMYCIN	EXACTX	262	262	100.00	100.00	262	WP_001206315.1	ANT(3'')-Ia family aminoglycoside nucleotidyltransferase AadA1	NA	NA
GCF_905232515.2	NA	NZ_OW849527.1	5128978	5129499	-	sat2	streptothricin N-acetyltransferase Sat2	core	AMR	AMR	STREPTOTHRICIN	STREPTOTHRICIN	EXACTX	174	174	100.00	100.00	174	WP_000704156.1	streptothricin N-acetyltransferase Sat2	NA	NA
GCF_905232515.2	NA	NZ_OW849527.1	5129597	5130067	-	dfrA1	trimethoprim-resistant dihydrofolate reductase DfrA1	core	AMR	AMR	TRIMETHOPRIM	TRIMETHOPRIM	EXACTX	157	157	100.00	100.00	157	WP_000777554.1	trimethoprim-resistant dihydrofolate reductase DfrA1	NA	NA
GCF_905232515.2	NA	NZ_OW849528.1	15035	15892	+	aac(3)-IIe	aminoglycoside N-acetyltransferase AAC(3)-IIe	core	AMR	AMR	AMINOGLYCOSIDE	GENTAMICIN	EXACTX	286	286	100.00	100.00	286	WP_000557452.1	aminoglycoside N-acetyltransferase AAC(3)-IIe	NA	NA
GCF_905232515.2	NA	NZ_OW849528.1	18734	19147	+	fosA3	fosfomycin resistance glutathione transferase FosA3	core	AMR	AMR	FOSFOMYCIN	FOSFOMYCIN	ALLELEX	138	138	100.00	100.00	138	WP_014839980.1	fosfomycin resistance glutathione transferase FosA3	NA	NA
GCF_905232515.2	NA	NZ_OW849528.1	32351	32902	+	aac(6')-Ib-cr5	fluoroquinolone-acetylating aminoglycoside 6'-N-acetyltransferase AAC(6')-Ib-cr5	core	AMR	AMR	AMINOGLYCOSIDE/QUINOLONE	AMIKACIN/KANAMYCIN/QUINOLONE/TOBRAMYCIN	ALLELEX	184	184	100.00	100.00	184	WP_063840321.1	fluoroquinolone-acetylating aminoglycoside 6'-N-acetyltransferase AAC(6')-Ib-cr5	NA	NA
GCF_905232515.2	NA	NZ_OW849528.1	33036	33863	+	blaOXA-1	oxacillin-hydrolyzing class D beta-lactamase OXA-1	core	AMR	AMR	BETA-LACTAM	CEPHALOSPORIN	ALLELEX	276	276	100.00	100.00	276	WP_001334766.1	oxacillin-hydrolyzing class D beta-lactamase OXA-1	NA	NA
GCF_905232515.2	NA	NZ_OW849528.1	34004	34633	+	catB3	type B-3 chloramphenicol O-acetyltransferase CatB3	core	AMR	AMR	PHENICOL	CHLORAMPHENICOL	EXACTX	210	210	100.00	100.00	210	WP_000186237.1	type B-3 chloramphenicol O-acetyltransferase CatB3	NA	NA
GCF_905232515.2	NA	NZ_OW849528.1	34721	35170	+	arr-3	NAD(+)--rifampin ADP-ribosyltransferase Arr-3	core	AMR	AMR	RIFAMYCIN	RIFAMYCIN	EXACTX	150	150	100.00	100.00	150	WP_001749986.1	NAD(+)--rifampin ADP-ribosyltransferase Arr-3	NA	NA
GCF_905232515.2	NA	NZ_OW849528.1	35396	35740	+	qacEdelta1	quaternary ammonium compound efflux SMR transporter QacE delta 1	core	STRESS	BIOCIDE	QUATERNARY AMMONIUM	QUATERNARY AMMONIUM	ALLELEX	115	115	100.00	100.00	115	WP_000679427.1	quaternary ammonium compound efflux SMR transporter QacE delta 1	NA	NA
GCF_905232515.2	NA	NZ_OW849528.1	35737	36573	+	sul1	sulfonamide-resistant dihydropteroate synthase Sul1	core	AMR	AMR	SULFONAMIDE	SULFONAMIDE	EXACTX	279	279	100.00	100.00	279	WP_000259031.1	sulfonamide-resistant dihydropteroate synthase Sul1	NA	NA
GCF_905232515.2	NA	NZ_OW849528.1	45297	45938	-	qnrB4	quinolone resistance pentapeptide repeat protein QnrB4	core	AMR	AMR	QUINOLONE	QUINOLONE	ALLELEX	214	214	100.00	100.00	214	WP_017900990.1	quinolone resistance pentapeptide repeat protein QnrB4	NA	NA
GCF_905232515.2	NA	NZ_OW849528.1	50065	51201	-	blaDHA-1	extended-spectrum class C beta-lactamase DHA-1	core	AMR	AMR	BETA-LACTAM	CEPHALOSPORIN	ALLELEX	379	379	100.00	100.00	379	WP_004236386.1	extended-spectrum class C beta-lactamase DHA-1	NA	NA
GCF_905232515.2	NA	NZ_OW849528.1	52497	52781	+	qacE	quaternary ammonium compound efflux SMR transporter QacE	core	STRESS	BIOCIDE	QUATERNARY AMMONIUM	QUATERNARY AMMONIUM	PARTIALX	95	115	82.61	95.79	95	WP_000679427.1	quaternary ammonium compound efflux SMR transporter QacE delta 1	NA	NA
GCF_905232515.2	NA	NZ_OW849528.1	52778	53614	+	sul1	sulfonamide-resistant dihydropteroate synthase Sul1	core	AMR	AMR	SULFONAMIDE	SULFONAMIDE	EXACTX	279	279	100.00	100.00	279	WP_000259031.1	sulfonamide-resistant dihydropteroate synthase Sul1	NA	NA
GCF_905232515.2	NA	NZ_OW849529.1	50536	51732	-	tet(A)	tetracycline efflux MFS transporter Tet(A)	core	AMR	AMR	TETRACYCLINE	TETRACYCLINE	EXACTX	399	399	100.00	100.00	399	WP_000804064.1	tetracycline efflux MFS transporter Tet(A)	NA	NA
GCF_905232515.2	NA	NZ_OW849530.1	10323	11117	+	blaOXA-48	OXA-48 family carbapenem-hydrolyzing class D beta-lactamase OXA-48	core	AMR	AMR	BETA-LACTAM	CARBAPENEM	ALLELEX	265	265	100.00	100.00	265	WP_015059991.1	OXA-48 family carbapenem-hydrolyzing class D beta-lactamase OXA-48	NA	NA
GCF_905232555.2	NA	NZ_OW849256.1	1573217	1575850	+	gyrA_T83I	Citrobacter freundii quinolone resistant GyrA	core	AMR	POINT	QUINOLONE	QUINOLONE	POINTX	878	878	100.00	99.89	878	WP_003027598.1	DNA gyrase subunit A GyrA	NA	NA
GCF_905232555.2	NA	NZ_OW849256.1	4359438	4360274	-	sul1	sulfonamide-resistant dihydropteroate synthase Sul1	core	AMR	AMR	SULFONAMIDE	SULFONAMIDE	EXACTX	279	279	100.00	100.00	279	WP_000259031.1	sulfonamide-resistant dihydropteroate synthase Sul1	NA	NA
GCF_905232555.2	NA	NZ_OW849256.1	4360271	4360615	-	qacEdelta1	quaternary ammonium compound efflux SMR transporter QacE delta 1	core	STRESS	BIOCIDE	QUATERNARY AMMONIUM	QUATERNARY AMMONIUM	ALLELEX	115	115	100.00	100.00	115	WP_000679427.1	quaternary ammonium compound efflux SMR transporter QacE delta 1	NA	NA
GCF_905232555.2	NA	NZ_OW849256.1	4362315	4362764	-	aadA5	ANT(3'')-Ia family aminoglycoside nucleotidyltransferase AadA5	core	AMR	AMR	AMINOGLYCOSIDE	STREPTOMYCIN	PARTIALX	150	262	57.25	98.00	150	WP_000503573.1	ANT(3'')-Ia family aminoglycoside nucleotidyltransferase AadA5	NA	NA
GCF_905232555.2	NA	NZ_OW849256.1	4362898	4363368	-	dfrA17	trimethoprim-resistant dihydrofolate reductase DfrA17	core	AMR	AMR	TRIMETHOPRIM	TRIMETHOPRIM	EXACTX	157	157	100.00	100.00	157	WP_001389366.1	trimethoprim-resistant dihydrofolate reductase DfrA17	NA	NA
GCF_905232555.2	NA	NZ_OW849256.1	4465237	4466379	+	blaCMY	CMY-2 family class C beta-lactamase	core	AMR	AMR	BETA-LACTAM	CEPHALOSPORIN	BLASTX	381	381	100.00	99.48	381	WP_063859722.1	class C beta-lactamase CMY-117	NA	NA
GCF_905232555.2	NA	NZ_OW849257.1	102257	102787	+	ant(2'')-Ia	aminoglycoside nucleotidyltransferase ANT(2'')-Ia	core	AMR	AMR	AMINOGLYCOSIDE	GENTAMICIN/KANAMYCIN/TOBRAMYCIN	EXACTX	177	177	100.00	100.00	177	WP_000381802.1	aminoglycoside nucleotidyltransferase ANT(2'')-Ia	NA	NA
GCF_905232555.2	NA	NZ_OW849257.1	102848	103636	+	aadA2	ANT(3'')-Ia family aminoglycoside nucleotidyltransferase AadA2	core	AMR	AMR	AMINOGLYCOSIDE	STREPTOMYCIN	EXACTX	263	263	100.00	100.00	263	WP_001261740.1	ANT(3'')-Ia family aminoglycoside nucleotidyltransferase AadA2	NA	NA
GCF_905232555.2	NA	NZ_OW849257.1	103803	104147	+	qacEdelta1	quaternary ammonium compound efflux SMR transporter QacE delta 1	core	STRESS	BIOCIDE	QUATERNARY AMMONIUM	QUATERNARY AMMONIUM	ALLELEX	115	115	100.00	100.00	115	WP_000679427.1	quaternary ammonium compound efflux SMR transporter QacE delta 1	NA	NA
GCF_905232555.2	NA	NZ_OW849257.1	104144	104980	+	sul1	sulfonamide-resistant dihydropteroate synthase Sul1	core	AMR	AMR	SULFONAMIDE	SULFONAMIDE	EXACTX	279	279	100.00	100.00	279	WP_000259031.1	sulfonamide-resistant dihydropteroate synthase Sul1	NA	NA
GCF_905232555.2	NA	NZ_OW849257.1	107193	107846	+	qnrA1	quinolone resistance pentapeptide repeat protein QnrA1	core	AMR	AMR	QUINOLONE	QUINOLONE	ALLELEX	218	218	100.00	100.00	218	WP_012579084.1	quinolone resistance pentapeptide repeat protein QnrA1	NA	NA
GCF_905232555.2	NA	NZ_OW849257.1	109220	109504	+	qacE	quaternary ammonium compound efflux SMR transporter QacE	core	STRESS	BIOCIDE	QUATERNARY AMMONIUM	QUATERNARY AMMONIUM	PARTIALX	95	115	82.61	95.79	95	WP_000679427.1	quaternary ammonium compound efflux SMR transporter QacE delta 1	NA	NA
GCF_905232555.2	NA	NZ_OW849257.1	109501	110337	+	sul1	sulfonamide-resistant dihydropteroate synthase Sul1	core	AMR	AMR	SULFONAMIDE	SULFONAMIDE	EXACTX	279	279	100.00	100.00	279	WP_000259031.1	sulfonamide-resistant dihydropteroate synthase Sul1	NA	NA
GCF_905232555.2	NA	NZ_OW849257.1	122078	122935	-	blaSHV-12	extended-spectrum class A beta-lactamase SHV-12	core	AMR	AMR	BETA-LACTAM	CEFIDEROCOL/CEPHALOSPORIN	ALLELEX	286	286	100.00	100.00	286	WP_002904004.1	extended-spectrum class A beta-lactamase SHV-12	NA	NA
GCF_905232555.2	NA	NZ_OW849257.1	132047	132598	-	aac(6')-Ib3	aminoglycoside N-acetyltransferase AAC(6')-Ib3	core	AMR	AMR	AMINOGLYCOSIDE	AMIKACIN/KANAMYCIN/TOBRAMYCIN	ALLELEX	184	184	100.00	100.00	184	WP_032488579.1	aminoglycoside N-acetyltransferase AAC(6')-Ib3	NA	NA
GCF_905232555.2	NA	NZ_OW849257.1	137652	138848	-	tet(A)	tetracycline efflux MFS transporter Tet(A)	core	AMR	AMR	TETRACYCLINE	TETRACYCLINE	EXACTX	399	399	100.00	100.00	399	WP_031942321.1	tetracycline efflux MFS transporter Tet(A)	NA	NA
GCF_905232555.2	NA	NZ_OW849257.1	143310	144182	+	blaCTX-M-9	extended-spectrum class A beta-lactamase CTX-M-9	core	AMR	AMR	BETA-LACTAM	CEPHALOSPORIN	ALLELEX	291	291	100.00	100.00	291	WP_032489926.1	extended-spectrum class A beta-lactamase CTX-M-9	NA	NA
GCF_905232555.2	NA	NZ_OW849259.1	54675	55487	+	sul2	sulfonamide-resistant dihydropteroate synthase Sul2	core	AMR	AMR	SULFONAMIDE	SULFONAMIDE	EXACTX	271	271	100.00	100.00	271	WP_001043260.1	sulfonamide-resistant dihydropteroate synthase Sul2	NA	NA
GCF_905232555.2	NA	NZ_OW849259.1	60286	61143	+	aac(3)-IId	aminoglycoside N-acetyltransferase AAC(3)-IId	core	AMR	AMR	AMINOGLYCOSIDE	GENTAMICIN	EXACTX	286	286	100.00	100.00	286	WP_000557454.1	aminoglycoside N-acetyltransferase AAC(3)-IId	NA	NA
GCF_905232555.2	NA	NZ_OW849260.1	11709	12503	-	blaOXA-48	OXA-48 family carbapenem-hydrolyzing class D beta-lactamase OXA-48	core	AMR	AMR	BETA-LACTAM	CARBAPENEM	ALLELEX	265	265	100.00	100.00	265	WP_015059991.1	OXA-48 family carbapenem-hydrolyzing class D beta-lactamase OXA-48	NA	NA
GCF_905232605.2	NA	NZ_OW849208.1	1570725	1573358	+	gyrA_T83I	Citrobacter freundii quinolone resistant GyrA	core	AMR	POINT	QUINOLONE	QUINOLONE	POINTX	878	878	100.00	99.89	878	WP_003027598.1	DNA gyrase subunit A GyrA	NA	NA
GCF_905232605.2	NA	NZ_OW849208.1	4361980	4362816	-	sul1	sulfonamide-resistant dihydropteroate synthase Sul1	core	AMR	AMR	SULFONAMIDE	SULFONAMIDE	EXACTX	279	279	100.00	100.00	279	WP_000259031.1	sulfonamide-resistant dihydropteroate synthase Sul1	NA	NA
GCF_905232605.2	NA	NZ_OW849208.1	4362813	4363157	-	qacEdelta1	quaternary ammonium compound efflux SMR transporter QacE delta 1	core	STRESS	BIOCIDE	QUATERNARY AMMONIUM	QUATERNARY AMMONIUM	ALLELEX	115	115	100.00	100.00	115	WP_000679427.1	quaternary ammonium compound efflux SMR transporter QacE delta 1	NA	NA
GCF_905232605.2	NA	NZ_OW849208.1	4364857	4365306	-	aadA5	ANT(3'')-Ia family aminoglycoside nucleotidyltransferase AadA5	core	AMR	AMR	AMINOGLYCOSIDE	STREPTOMYCIN	PARTIALX	150	262	57.25	98.00	150	WP_000503573.1	ANT(3'')-Ia family aminoglycoside nucleotidyltransferase AadA5	NA	NA
GCF_905232605.2	NA	NZ_OW849208.1	4365440	4365910	-	dfrA17	trimethoprim-resistant dihydrofolate reductase DfrA17	core	AMR	AMR	TRIMETHOPRIM	TRIMETHOPRIM	EXACTX	157	157	100.00	100.00	157	WP_001389366.1	trimethoprim-resistant dihydrofolate reductase DfrA17	NA	NA
GCF_905232605.2	NA	NZ_OW849208.1	4467779	4468921	+	blaCMY	CMY-2 family class C beta-lactamase	core	AMR	AMR	BETA-LACTAM	CEPHALOSPORIN	BLASTX	381	381	100.00	99.48	381	WP_063859722.1	class C beta-lactamase CMY-117	NA	NA
GCF_905232605.2	NA	NZ_OW849209.1	102257	102787	+	ant(2'')-Ia	aminoglycoside nucleotidyltransferase ANT(2'')-Ia	core	AMR	AMR	AMINOGLYCOSIDE	GENTAMICIN/KANAMYCIN/TOBRAMYCIN	EXACTX	177	177	100.00	100.00	177	WP_000381802.1	aminoglycoside nucleotidyltransferase ANT(2'')-Ia	NA	NA
GCF_905232605.2	NA	NZ_OW849209.1	102848	103636	+	aadA2	ANT(3'')-Ia family aminoglycoside nucleotidyltransferase AadA2	core	AMR	AMR	AMINOGLYCOSIDE	STREPTOMYCIN	EXACTX	263	263	100.00	100.00	263	WP_001261740.1	ANT(3'')-Ia family aminoglycoside nucleotidyltransferase AadA2	NA	NA
GCF_905232605.2	NA	NZ_OW849209.1	103803	104147	+	qacEdelta1	quaternary ammonium compound efflux SMR transporter QacE delta 1	core	STRESS	BIOCIDE	QUATERNARY AMMONIUM	QUATERNARY AMMONIUM	ALLELEX	115	115	100.00	100.00	115	WP_000679427.1	quaternary ammonium compound efflux SMR transporter QacE delta 1	NA	NA
GCF_905232605.2	NA	NZ_OW849209.1	104144	104980	+	sul1	sulfonamide-resistant dihydropteroate synthase Sul1	core	AMR	AMR	SULFONAMIDE	SULFONAMIDE	EXACTX	279	279	100.00	100.00	279	WP_000259031.1	sulfonamide-resistant dihydropteroate synthase Sul1	NA	NA
GCF_905232605.2	NA	NZ_OW849209.1	107193	107846	+	qnrA1	quinolone resistance pentapeptide repeat protein QnrA1	core	AMR	AMR	QUINOLONE	QUINOLONE	ALLELEX	218	218	100.00	100.00	218	WP_012579084.1	quinolone resistance pentapeptide repeat protein QnrA1	NA	NA
GCF_905232605.2	NA	NZ_OW849209.1	109220	109504	+	qacE	quaternary ammonium compound efflux SMR transporter QacE	core	STRESS	BIOCIDE	QUATERNARY AMMONIUM	QUATERNARY AMMONIUM	PARTIALX	95	115	82.61	95.79	95	WP_000679427.1	quaternary ammonium compound efflux SMR transporter QacE delta 1	NA	NA
GCF_905232605.2	NA	NZ_OW849209.1	109501	110337	+	sul1	sulfonamide-resistant dihydropteroate synthase Sul1	core	AMR	AMR	SULFONAMIDE	SULFONAMIDE	EXACTX	279	279	100.00	100.00	279	WP_000259031.1	sulfonamide-resistant dihydropteroate synthase Sul1	NA	NA
GCF_905232605.2	NA	NZ_OW849209.1	122078	122935	-	blaSHV-12	extended-spectrum class A beta-lactamase SHV-12	core	AMR	AMR	BETA-LACTAM	CEFIDEROCOL/CEPHALOSPORIN	ALLELEX	286	286	100.00	100.00	286	WP_002904004.1	extended-spectrum class A beta-lactamase SHV-12	NA	NA
GCF_905232605.2	NA	NZ_OW849209.1	132047	132598	-	aac(6')-Ib3	aminoglycoside N-acetyltransferase AAC(6')-Ib3	core	AMR	AMR	AMINOGLYCOSIDE	AMIKACIN/KANAMYCIN/TOBRAMYCIN	ALLELEX	184	184	100.00	100.00	184	WP_032488579.1	aminoglycoside N-acetyltransferase AAC(6')-Ib3	NA	NA
GCF_905232605.2	NA	NZ_OW849209.1	137652	138848	-	tet(A)	tetracycline efflux MFS transporter Tet(A)	core	AMR	AMR	TETRACYCLINE	TETRACYCLINE	EXACTX	399	399	100.00	100.00	399	WP_031942321.1	tetracycline efflux MFS transporter Tet(A)	NA	NA
GCF_905232605.2	NA	NZ_OW849209.1	143310	144182	+	blaCTX-M-9	extended-spectrum class A beta-lactamase CTX-M-9	core	AMR	AMR	BETA-LACTAM	CEPHALOSPORIN	ALLELEX	291	291	100.00	100.00	291	WP_032489926.1	extended-spectrum class A beta-lactamase CTX-M-9	NA	NA
GCF_905232605.2	NA	NZ_OW849210.1	87781	88593	+	sul2	sulfonamide-resistant dihydropteroate synthase Sul2	core	AMR	AMR	SULFONAMIDE	SULFONAMIDE	EXACTX	271	271	100.00	100.00	271	WP_001043260.1	sulfonamide-resistant dihydropteroate synthase Sul2	NA	NA
GCF_905232605.2	NA	NZ_OW849210.1	93392	94249	+	aac(3)-IId	aminoglycoside N-acetyltransferase AAC(3)-IId	core	AMR	AMR	AMINOGLYCOSIDE	GENTAMICIN	EXACTX	286	286	100.00	100.00	286	WP_000557454.1	aminoglycoside N-acetyltransferase AAC(3)-IId	NA	NA
GCF_905232605.2	NA	NZ_OW849210.1	99224	100081	+	blaTEM-1	broad-spectrum class A beta-lactamase TEM-1	core	AMR	AMR	BETA-LACTAM	BETA-LACTAM	ALLELEX	286	286	100.00	100.00	286	WP_000027057.1	broad-spectrum class A beta-lactamase TEM-1	NA	NA
GCF_905232605.2	NA	NZ_OW849210.1	108575	109477	+	mph(A)	Mph(A) family macrolide 2'-phosphotransferase	core	AMR	AMR	MACROLIDE	AZITHROMYCIN/ERYTHROMYCIN/SPIRAMYCIN/TELITHROMYCIN	EXACTX	301	301	100.00	100.00	301	WP_000219391.1	Mph(A) family macrolide 2'-phosphotransferase	NA	NA
GCF_905232605.2	NA	NZ_OW849210.1	109477	110712	+	mrx(A)	phosphorylated macrolide efflux MFS transporter Mrx(A)	core	AMR	AMR	MACROLIDE	AZITHROMYCIN/ERYTHROMYCIN/SPIRAMYCIN/TELITHROMYCIN	EXACTX	412	412	100.00	100.00	412	WP_000004159.1	phosphorylated macrolide efflux MFS transporter Mrx(A)	NA	NA
GCF_905232605.2	NA	NZ_OW849210.1	116121	116957	-	sul1	sulfonamide-resistant dihydropteroate synthase Sul1	core	AMR	AMR	SULFONAMIDE	SULFONAMIDE	EXACTX	279	279	100.00	100.00	279	WP_000259031.1	sulfonamide-resistant dihydropteroate synthase Sul1	NA	NA
GCF_905232605.2	NA	NZ_OW849210.1	116954	117298	-	qacEdelta1	quaternary ammonium compound efflux SMR transporter QacE delta 1	core	STRESS	BIOCIDE	QUATERNARY AMMONIUM	QUATERNARY AMMONIUM	ALLELEX	115	115	100.00	100.00	115	WP_000679427.1	quaternary ammonium compound efflux SMR transporter QacE delta 1	NA	NA
GCF_905232605.2	NA	NZ_OW849210.1	117465	118253	-	aadA2	ANT(3'')-Ia family aminoglycoside nucleotidyltransferase AadA2	core	AMR	AMR	AMINOGLYCOSIDE	STREPTOMYCIN	EXACTX	263	263	100.00	100.00	263	WP_001206356.1	ANT(3'')-Ia family aminoglycoside nucleotidyltransferase AadA2	NA	NA
GCF_905232605.2	NA	NZ_OW849210.1	118664	119158	-	dfrA12	trimethoprim-resistant dihydrofolate reductase DfrA12	core	AMR	AMR	TRIMETHOPRIM	TRIMETHOPRIM	EXACTX	165	165	100.00	100.00	165	WP_001083725.1	trimethoprim-resistant dihydrofolate reductase DfrA12	NA	NA
GCF_905232605.2	NA	NZ_OW849212.1	11709	12503	-	blaOXA-48	OXA-48 family carbapenem-hydrolyzing class D beta-lactamase OXA-48	core	AMR	AMR	BETA-LACTAM	CARBAPENEM	ALLELEX	265	265	100.00	100.00	265	WP_015059991.1	OXA-48 family carbapenem-hydrolyzing class D beta-lactamase OXA-48	NA	NA
GCF_905329885.2	NA	NZ_OW967263.1	1640829	1643462	+	gyrA_T83I	Citrobacter freundii quinolone resistant GyrA	core	AMR	POINT	QUINOLONE	QUINOLONE	POINTX	878	878	100.00	99.89	878	WP_003027598.1	DNA gyrase subunit A GyrA	NA	NA
GCF_905329885.2	NA	NZ_OW967263.1	4598710	4599852	+	blaCMY-48	class C beta-lactamase CMY-48	core	AMR	AMR	BETA-LACTAM	CEPHALOSPORIN	ALLELEX	381	381	100.00	100.00	381	WP_044699195.1	class C beta-lactamase CMY-48	NA	NA
GCF_905329885.2	NA	NZ_OW967263.1	5062817	5063602	-	aadA1	ANT(3'')-Ia family aminoglycoside nucleotidyltransferase AadA1	core	AMR	AMR	AMINOGLYCOSIDE	STREPTOMYCIN	EXACTX	262	262	100.00	100.00	262	WP_001206315.1	ANT(3'')-Ia family aminoglycoside nucleotidyltransferase AadA1	NA	NA
GCF_905329885.2	NA	NZ_OW967263.1	5063663	5064184	-	sat2	streptothricin N-acetyltransferase Sat2	core	AMR	AMR	STREPTOTHRICIN	STREPTOTHRICIN	EXACTX	174	174	100.00	100.00	174	WP_000704156.1	streptothricin N-acetyltransferase Sat2	NA	NA
GCF_905329885.2	NA	NZ_OW967263.1	5064282	5064752	-	dfrA1	trimethoprim-resistant dihydrofolate reductase DfrA1	core	AMR	AMR	TRIMETHOPRIM	TRIMETHOPRIM	EXACTX	157	157	100.00	100.00	157	WP_000777554.1	trimethoprim-resistant dihydrofolate reductase DfrA1	NA	NA
GCF_905329885.2	NA	NZ_OW967265.1	36115	36951	-	sul1	sulfonamide-resistant dihydropteroate synthase Sul1	core	AMR	AMR	SULFONAMIDE	SULFONAMIDE	EXACTX	279	279	100.00	100.00	279	WP_000259031.1	sulfonamide-resistant dihydropteroate synthase Sul1	NA	NA
GCF_905329885.2	NA	NZ_OW967265.1	36948	37292	-	qacEdelta1	quaternary ammonium compound efflux SMR transporter QacE delta 1	core	STRESS	BIOCIDE	QUATERNARY AMMONIUM	QUATERNARY AMMONIUM	ALLELEX	115	115	100.00	100.00	115	WP_000679427.1	quaternary ammonium compound efflux SMR transporter QacE delta 1	NA	NA
GCF_905329885.2	NA	NZ_OW967265.1	37412	38254	-	aadA16	ANT(3'')-Ia family aminoglycoside nucleotidyltransferase AadA16	core	AMR	AMR	AMINOGLYCOSIDE	STREPTOMYCIN	EXACTX	281	281	100.00	100.00	281	WP_001749984.1	ANT(3'')-Ia family aminoglycoside nucleotidyltransferase AadA16	NA	NA
GCF_905329885.2	NA	NZ_OW967265.1	38438	38908	-	dfrA27	trimethoprim-resistant dihydrofolate reductase DfrA27	core	AMR	AMR	TRIMETHOPRIM	TRIMETHOPRIM	EXACTX	157	157	100.00	100.00	157	WP_001749985.1	trimethoprim-resistant dihydrofolate reductase DfrA27	NA	NA
GCF_905329885.2	NA	NZ_OW967265.1	39044	39493	-	arr-3	NAD(+)--rifampin ADP-ribosyltransferase Arr-3	core	AMR	AMR	RIFAMYCIN	RIFAMYCIN	EXACTX	150	150	100.00	100.00	150	WP_001749986.1	NAD(+)--rifampin ADP-ribosyltransferase Arr-3	NA	NA
GCF_905329885.2	NA	NZ_OW967265.1	39593	40144	-	aac(6')-Ib-cr5	fluoroquinolone-acetylating aminoglycoside 6'-N-acetyltransferase AAC(6')-Ib-cr5	core	AMR	AMR	AMINOGLYCOSIDE/QUINOLONE	AMIKACIN/KANAMYCIN/QUINOLONE/TOBRAMYCIN	ALLELEX	184	184	100.00	100.00	184	WP_063840321.1	fluoroquinolone-acetylating aminoglycoside 6'-N-acetyltransferase AAC(6')-Ib-cr5	NA	NA
GCF_905329885.2	NA	NZ_OW967267.1	24082	24960	-	blaKPC-2	carbapenem-hydrolyzing class A beta-lactamase KPC-2	core	AMR	AMR	BETA-LACTAM	CARBAPENEM	ALLELEX	293	293	100.00	100.00	293	WP_004199234.1	carbapenem-hydrolyzing class A beta-lactamase KPC-2	NA	NA
GCF_905329885.2	NA	NZ_OW967267.1	25084	25653	-	blaTEM	TEM family class A beta-lactamase	core	AMR	AMR	BETA-LACTAM	BETA-LACTAM	PARTIALX	190	286	66.43	98.95	190	WP_015379489.1	inhibitor-resistant broad-spectrum class A beta-lactamase TEM-34	NA	NA
GCF_905330765.2	NA	NZ_OW995941.1	1513444	1514256	-	sul2	sulfonamide-resistant dihydropteroate synthase Sul2	core	AMR	AMR	SULFONAMIDE	SULFONAMIDE	EXACTX	271	271	100.00	100.00	271	WP_001043260.1	sulfonamide-resistant dihydropteroate synthase Sul2	NA	NA
GCF_905330765.2	NA	NZ_OW995941.1	1799597	1802230	+	gyrA_T83I	Citrobacter freundii quinolone resistant GyrA	core	AMR	POINT	QUINOLONE	QUINOLONE	POINTX	878	878	100.00	99.77	878	WP_003027598.1	DNA gyrase subunit A GyrA	NA	NA
GCF_905330765.2	NA	NZ_OW995941.1	4686619	4687761	+	blaCMY-75	class C beta-lactamase CMY-75	core	AMR	AMR	BETA-LACTAM	CEPHALOSPORIN	ALLELEX	381	381	100.00	100.00	381	WP_063859865.1	class C beta-lactamase CMY-75	NA	NA
GCF_905330765.2	NA	NZ_OW995942.1	102241	102771	+	ant(2'')-Ia	aminoglycoside nucleotidyltransferase ANT(2'')-Ia	core	AMR	AMR	AMINOGLYCOSIDE	GENTAMICIN/KANAMYCIN/TOBRAMYCIN	EXACTX	177	177	100.00	100.00	177	WP_000381802.1	aminoglycoside nucleotidyltransferase ANT(2'')-Ia	NA	NA
GCF_905330765.2	NA	NZ_OW995942.1	102832	103620	+	aadA2	ANT(3'')-Ia family aminoglycoside nucleotidyltransferase AadA2	core	AMR	AMR	AMINOGLYCOSIDE	STREPTOMYCIN	EXACTX	263	263	100.00	100.00	263	WP_001261740.1	ANT(3'')-Ia family aminoglycoside nucleotidyltransferase AadA2	NA	NA
GCF_905330765.2	NA	NZ_OW995942.1	103787	104131	+	qacEdelta1	quaternary ammonium compound efflux SMR transporter QacE delta 1	core	STRESS	BIOCIDE	QUATERNARY AMMONIUM	QUATERNARY AMMONIUM	ALLELEX	115	115	100.00	100.00	115	WP_000679427.1	quaternary ammonium compound efflux SMR transporter QacE delta 1	NA	NA
GCF_905330765.2	NA	NZ_OW995942.1	104128	104964	+	sul1	sulfonamide-resistant dihydropteroate synthase Sul1	core	AMR	AMR	SULFONAMIDE	SULFONAMIDE	EXACTX	279	279	100.00	100.00	279	WP_000259031.1	sulfonamide-resistant dihydropteroate synthase Sul1	NA	NA
GCF_905330765.2	NA	NZ_OW995942.1	107240	108115	+	blaCTX-M	CTX-M family extended-spectrum class A beta-lactamase	core	AMR	AMR	BETA-LACTAM	CEPHALOSPORIN	BLASTX	292	291	100.00	99.66	292	WP_032489926.1	extended-spectrum class A beta-lactamase CTX-M-9	NA	NA
GCF_905330765.2	NA	NZ_OW995945.1	10932	11726	-	blaOXA-48	OXA-48 family carbapenem-hydrolyzing class D beta-lactamase OXA-48	core	AMR	AMR	BETA-LACTAM	CARBAPENEM	ALLELEX	265	265	100.00	100.00	265	WP_015059991.1	OXA-48 family carbapenem-hydrolyzing class D beta-lactamase OXA-48	NA	NA
GCF_905335685.2	NA	NZ_OW969875.1	1673154	1675787	+	gyrA_T83I	Citrobacter freundii quinolone resistant GyrA	core	AMR	POINT	QUINOLONE	QUINOLONE	POINTX	878	878	100.00	99.89	878	WP_003027598.1	DNA gyrase subunit A GyrA	NA	NA
GCF_905335685.2	NA	NZ_OW969875.1	2604066	2604878	+	aph(3')-Ia	aminoglycoside O-phosphotransferase APH(3')-Ia	core	AMR	AMR	AMINOGLYCOSIDE	KANAMYCIN	EXACTX	271	271	100.00	100.00	271	WP_012695470.1	aminoglycoside O-phosphotransferase APH(3')-Ia	NA	NA
GCF_905335685.2	NA	NZ_OW969875.1	4619860	4621002	+	blaCMY-48	class C beta-lactamase CMY-48	core	AMR	AMR	BETA-LACTAM	CEPHALOSPORIN	ALLELEX	381	381	100.00	100.00	381	WP_044699195.1	class C beta-lactamase CMY-48	NA	NA
GCF_905335685.2	NA	NZ_OW969875.1	5157912	5158382	-	dfrA1	trimethoprim-resistant dihydrofolate reductase DfrA1	core	AMR	AMR	TRIMETHOPRIM	TRIMETHOPRIM	EXACTX	157	157	100.00	100.00	157	WP_000777554.1	trimethoprim-resistant dihydrofolate reductase DfrA1	NA	NA
GCF_905335685.2	NA	NZ_OW969877.1	49442	50344	+	mph(A)	Mph(A) family macrolide 2'-phosphotransferase	core	AMR	AMR	MACROLIDE	AZITHROMYCIN/ERYTHROMYCIN/SPIRAMYCIN/TELITHROMYCIN	EXACTX	301	301	100.00	100.00	301	WP_000219391.1	Mph(A) family macrolide 2'-phosphotransferase	NA	NA
GCF_905335685.2	NA	NZ_OW969877.1	50344	51579	+	mrx(A)	phosphorylated macrolide efflux MFS transporter Mrx(A)	core	AMR	AMR	MACROLIDE	AZITHROMYCIN/ERYTHROMYCIN/SPIRAMYCIN/TELITHROMYCIN	EXACTX	412	412	100.00	100.00	412	WP_000004159.1	phosphorylated macrolide efflux MFS transporter Mrx(A)	NA	NA
GCF_905335685.2	NA	NZ_OW969877.1	56988	57824	-	sul1	sulfonamide-resistant dihydropteroate synthase Sul1	core	AMR	AMR	SULFONAMIDE	SULFONAMIDE	EXACTX	279	279	100.00	100.00	279	WP_000259031.1	sulfonamide-resistant dihydropteroate synthase Sul1	NA	NA
GCF_905335685.2	NA	NZ_OW969877.1	57821	58165	-	qacEdelta1	quaternary ammonium compound efflux SMR transporter QacE delta 1	core	STRESS	BIOCIDE	QUATERNARY AMMONIUM	QUATERNARY AMMONIUM	ALLELEX	115	115	100.00	100.00	115	WP_000679427.1	quaternary ammonium compound efflux SMR transporter QacE delta 1	NA	NA
GCF_905335685.2	NA	NZ_OW969877.1	58332	59120	-	aadA2	ANT(3'')-Ia family aminoglycoside nucleotidyltransferase AadA2	core	AMR	AMR	AMINOGLYCOSIDE	STREPTOMYCIN	EXACTX	263	263	100.00	100.00	263	WP_001206356.1	ANT(3'')-Ia family aminoglycoside nucleotidyltransferase AadA2	NA	NA
GCF_905335685.2	NA	NZ_OW969877.1	59531	60025	-	dfrA12	trimethoprim-resistant dihydrofolate reductase DfrA12	core	AMR	AMR	TRIMETHOPRIM	TRIMETHOPRIM	EXACTX	165	165	100.00	100.00	165	WP_001083725.1	trimethoprim-resistant dihydrofolate reductase DfrA12	NA	NA
GCF_905335685.2	NA	NZ_OW969878.1	101856	102713	+	blaTEM-256	class A beta-lactamase TEM-256	core	AMR	AMR	BETA-LACTAM	BETA-LACTAM	ALLELEX	286	286	100.00	100.00	286	WP_110924831.1	class A beta-lactamase TEM-256	NA	NA
GCF_905335685.2	NA	NZ_OW969880.1	30868	31521	-	qnrS1	quinolone resistance pentapeptide repeat protein QnrS1	core	AMR	AMR	QUINOLONE	QUINOLONE	ALLELEX	218	218	100.00	100.00	218	WP_001516695.1	quinolone resistance pentapeptide repeat protein QnrS1	NA	NA
GCF_905335685.2	NA	NZ_OW969880.1	34823	35650	-	blaOXA-1	oxacillin-hydrolyzing class D beta-lactamase OXA-1	core	AMR	AMR	BETA-LACTAM	CEPHALOSPORIN	ALLELEX	276	276	100.00	100.00	276	WP_001334766.1	oxacillin-hydrolyzing class D beta-lactamase OXA-1	NA	NA
GCF_905335685.2	NA	NZ_OW969880.1	35784	36335	-	aac(6')-Ib-cr5	fluoroquinolone-acetylating aminoglycoside 6'-N-acetyltransferase AAC(6')-Ib-cr5	core	AMR	AMR	AMINOGLYCOSIDE/QUINOLONE	AMIKACIN/KANAMYCIN/QUINOLONE/TOBRAMYCIN	ALLELEX	184	184	100.00	100.00	184	WP_063840321.1	fluoroquinolone-acetylating aminoglycoside 6'-N-acetyltransferase AAC(6')-Ib-cr5	NA	NA
GCF_905335685.2	NA	NZ_OW969881.1	24177	25055	-	blaKPC-2	carbapenem-hydrolyzing class A beta-lactamase KPC-2	core	AMR	AMR	BETA-LACTAM	CARBAPENEM	ALLELEX	293	293	100.00	100.00	293	WP_004199234.1	carbapenem-hydrolyzing class A beta-lactamase KPC-2	NA	NA
GCF_905335685.2	NA	NZ_OW969881.1	25280	25849	-	blaTEM	TEM family class A beta-lactamase	core	AMR	AMR	BETA-LACTAM	BETA-LACTAM	PARTIALX	190	286	66.43	98.95	190	WP_015379489.1	inhibitor-resistant broad-spectrum class A beta-lactamase TEM-34	NA	NA
GCF_905338045.2	NA	NZ_OW969904.1	1658863	1661496	+	gyrA_T83I	Citrobacter freundii quinolone resistant GyrA	core	AMR	POINT	QUINOLONE	QUINOLONE	POINTX	878	878	100.00	99.89	878	WP_003027598.1	DNA gyrase subunit A GyrA	NA	NA
GCF_905338045.2	NA	NZ_OW969904.1	2981322	2981768	+	aac(6')-If	aminoglycoside N-acetyltransferase AAC(6')-If	core	AMR	AMR	AMINOGLYCOSIDE	AMIKACIN/KANAMYCIN/TOBRAMYCIN	EXACTX	149	149	100.00	100.00	149	WP_071593229.1	aminoglycoside N-acetyltransferase AAC(6')-If	NA	NA
GCF_905338045.2	NA	NZ_OW969904.1	4568567	4569709	+	blaCMY	CMY-2 family class C beta-lactamase	core	AMR	AMR	BETA-LACTAM	CEPHALOSPORIN	BLASTX	381	381	100.00	99.74	381	WP_063859859.1	class C beta-lactamase CMY-67	NA	NA
GCF_905338045.2	NA	NZ_OW969906.1	22633	23511	-	blaKPC-2	carbapenem-hydrolyzing class A beta-lactamase KPC-2	core	AMR	AMR	BETA-LACTAM	CARBAPENEM	ALLELEX	293	293	100.00	100.00	293	WP_004199234.1	carbapenem-hydrolyzing class A beta-lactamase KPC-2	NA	NA
GCF_905338045.2	NA	NZ_OW969906.1	23736	24305	-	blaTEM	TEM family class A beta-lactamase	core	AMR	AMR	BETA-LACTAM	BETA-LACTAM	PARTIALX	190	286	66.43	98.95	190	WP_015379489.1	inhibitor-resistant broad-spectrum class A beta-lactamase TEM-34	NA	NA
